,idx,collected,goal_amount,num_backers,category,duration,pledge_types,donate,creator,project_we_love,success,start_month,start_day,population,country
0,0,8.600798775271034,8.496990484098719,66,games,30,7.0,0.0,Janos Stone,1.0,1,6,4,11.973093381793852, MA
1,2,11.626750071930616,10.886127664951816,"1,462",games,30,9.0,0.0,Cherrymochi Game Studio,1.0,1,7,1,15.936165897399452, Japan
2,3,12.960634723791586,10.819778284410283,918,design,30,4.0,0.0,Moment,1.0,1,6,1,13.436372336049693, WA
3,4,9.030854790001436,11.021150551895039,93,food,22,12.0,0.0,Akwasi Brenya-Mensa,1.0,0,6,6,15.837971611150978, UK
4,5,11.866416345153828,9.903487552536127,"1,047",comics,34,8.0,0.0,Adam Lawson,1.0,1,6,1,11.5647491186924, CA
5,6,10.374272126764936,10.308952660644293,203,film_Video,30,13.0,0.0,Julia Greenberg,1.0,1,6,1,15.9166075437284, NY
6,7,9.542445945729886,8.804775258867686,258,comics,31,16.0,0.0,DJ Wooldridge,1.0,1,6,1,15.194750847520005, CA
7,8,11.036924527770873,10.060491301345794,375,film_Video,51,4.0,0.0,「Mononoke」 15th anniversary project,1.0,1,6,4,15.936165897399452, Japan
8,9,11.346304013980344,9.210340371976184,"1,154",games,30,27.0,0.0,Amanda Coronado,1.0,1,6,4,13.340452576975746, MD
9,10,10.746181086404619,10.571316925111784,375,film_Video,30,17.0,0.0,WIT STUDIO,1.0,1,7,4,15.936165897399452, Japan
10,11,10.61437641457223,10.239959789157341,277,crafts,25,12.0,0.0,Sandy Sugawara and Catiana Garcia Kilroy,1.0,1,6,0,13.30755248550697, DC
11,12,11.001782290790441,10.670117509855876,629,film_Video,30,15.0,1.0,Sarah Drummond,1.0,1,6,1,15.837971611150978, UK
12,13,13.048583351470366,11.289781913656018,"3,629",film_Video,19,12.0,0.0,Olan Rogers,1.0,1,6,2,15.194750847520005, CA
13,14,14.456546214741437,9.903487552536127,"7,960",music,30,5.0,0.0,Nura,1.0,1,6,1,15.261576235762831, AU
14,15,7.946744943666274,7.773173680482536,102,journalism,45,6.0,0.0,Elisa Manici,1.0,1,5,1,12.810751934352226, Italy
15,17,9.011157458106817,8.517193191416238,77,comics,30,5.0,0.0,Aero Zero,1.0,1,6,2,15.194750847520005, CA
16,18,10.645649348264971,9.611557804804775,"1,077",games,30,3.0,0.0,Jason Anarchy,1.0,1,6,1,14.77102200299171, Canada
17,19,8.64259160081057,8.517193191416238,131,comics,30,8.0,0.0,Chrome Rat Comics,1.0,1,6,2,13.433583737933631, CO
18,20,11.458033703860389,10.896739325546411,385,crafts,44,9.0,0.0,Core Components,1.0,1,5,1,12.514365841886065, Slovenia
19,21,7.346655163176539,11.30622104760779,13,theater,60,7.0,0.0,Jackson Lennon,,0,5,1,13.839253451421483, Ireland
20,22,15.03658801567864,8.76349842795174,"2,444",technology,35,7.0,0.0,Mammotion,1.0,1,5,3,15.7632387676311, Hong Kong
21,23,14.99149645697112,10.819778284410283,"2,645",technology,60,6.0,0.0,YesWelder,1.0,1,5,3,11.795160227733778, SC
22,24,4.8283137373023015,9.350102314351341,6,design,45,9.0,0.0,Anthony M.,1.0,0,5,4,14.200667511018631, TX
23,25,9.073489189226986,8.937218450855731,159,comics,30,10.0,0.0,Justin Hubbell,1.0,1,6,2,12.253919507787362, NY
24,27,15.766032891241435,9.214510365455535,"5,575",design,30,10.0,0.0,Bambu Lab,1.0,1,5,1,15.7632387676311, Hong Kong
25,29,14.592341961670972,11.06663836234181,"7,083",technology,30,6.0,0.0,Turing Machines Inc,1.0,1,5,0,11.660767717014435, DE
26,30,13.889007048915753,11.719939634354555,"6,634",games,9,3.0,0.0,Steamforged Games Ltd,1.0,1,5,1,12.887943992145741, UK
27,31,11.08946673832243,9.417354541360508,"1,677",comics,30,16.0,0.0,Kugali,1.0,1,5,0,15.837971611150978, UK
28,32,14.946843284467647,9.456645608511685,"5,557",design,45,13.0,0.0,Revopoint 3D,1.0,1,5,1,15.7632387676311, Hong Kong
29,33,8.641885635373555,7.824046010856292,110,comics,45,7.0,0.0,+2 Charisma Productions,1.0,1,4,6,15.9166075437284, CA
30,34,11.057219140425318,12.100712129872347,578,film_Video,30,10.0,0.0,Chris Burkard,1.0,0,6,2,9.00724451596575, CA
31,35,8.229777750081887,8.922658299524402,72,film_Video,45,7.0,0.0,Danni Anderson,1.0,0,4,0,10.647993025371216, CA
32,36,10.494096065610401,10.250263664295613,"1,338",comics,30,4.0,0.0,Zainab Akhtar,1.0,1,5,1,13.028322991070935, UK
33,37,12.488790968937872,9.980448593672257,"4,061",design,38,12.0,0.0,Marko Borko and Andrej Glažar,1.0,1,5,1,11.463430552524057, Slovenia
34,38,10.023933705611995,10.021270588192511,167,crafts,37,12.0,0.0,Rachel Papo,1.0,1,4,0,14.648708334886981, NY
35,40,14.193863428549214,11.512925464970229,"15,277",games,21,4.0,0.0,Patrick Leder,1.0,1,5,1,14.836582117509636, MN
36,41,10.849836379460154,9.287301413112312,241,design,30,11.0,0.0,Open Funk,1.0,1,5,2,15.047007280023905, Germany
37,42,11.563666106673413,9.615805480084347,"1,262",design,42,47.0,0.0,Crave,1.0,1,5,0,14.151849928616338, CA
38,43,10.20466564265568,10.165851817003619,205,art,33,14.0,0.0,Pamela Council,1.0,1,5,4,15.9166075437284, NY
39,44,13.852815976572932,13.122363377404328,"4,252",film_Video,40,18.0,0.0,Sherrilyn McQueen,1.0,1,4,6,13.047376865601485, GA
40,45,12.611691075217317,12.524526376648708,"1,559",publishing,44,13.0,0.0,McSweeney's Publishing,1.0,1,5,1,14.151849928616338, CA
41,46,12.995527235768135,12.611537753638338,"4,126",music,29,21.0,0.0,Murder by Death,1.0,1,4,4,12.403442900525645, KY
42,47,9.909119662387758,9.822819649468673,171,crafts,30,13.0,0.0,GB Limited Editions,1.0,1,5,1,13.433583737933631, CO
43,48,9.970351492789636,8.732304571033183,685,comics,30,34.0,0.0,Xylophone,1.0,1,5,0,14.648708334886981, NY
45,50,11.278961079024354,10.819778284410283,471,journalism,25,24.0,0.0,Swoon / The Heliotrope Foundation,1.0,1,5,4,8.473659189392508, PA
46,51,8.29154650988391,10.308952660644293,29,technology,35,6.0,0.0,Cherise Morris,1.0,0,4,1,13.425597881382114, MI
47,52,8.505055830755891,8.501063809486354,48,theater,60,4.0,0.0,Chris,1.0,1,4,1,13.049771178961905, UK
48,53,12.099567030051285,10.819778284410283,"2,453",comics,31,26.0,0.0,Octas Inc.,1.0,1,5,0,15.936165897399452, Japan
49,54,10.248813337717966,9.615805480084347,84,film_Video,33,32.0,0.0,Lucy Eden,1.0,1,4,0,15.9166075437284, NY
50,55,10.375708845945924,9.152805216589813,161,design,28,6.0,0.0,ample,1.0,1,4,1,15.261576235762831, AU
51,57,12.618192230082501,12.206072645530174,"1,774",games,24,3.0,0.0,Arcane Minis,1.0,1,4,0,11.183698914847861, OH
52,58,9.963029235244443,9.903487552536127,245,fashion,25,5.0,0.0,Chester Toye,1.0,1,4,0,15.194750847520005, CA
53,59,9.349738422063616,8.91841062424483,187,food,30,15.0,0.0,Amanda Wright,1.0,1,4,1,13.161486008824678, Canada
54,60,13.08497018531669,8.922658299524402,"3,299",design,30,19.0,0.0,Canairi,1.0,1,4,1,13.958411048202212, Denmark
55,61,12.030230054833929,10.126631103850338,"1,078",design,30,6.0,0.0,Nebia,1.0,1,3,1,14.151849928616338, CA
56,62,8.693999567522082,6.214608098422191,134,film_Video,16,11.0,0.0,T. Thorn Coyle,1.0,1,4,1,13.357133477695209, OR
57,63,14.62805990712157,10.819778284410283,"2,624",design,36,24.0,0.0,Oru Kayak,1.0,1,3,1,9.366831168735615, CA
58,64,14.738776506355311,9.210340371976184,"11,274",technology,60,4.0,0.0,REEKON Tools Inc.,1.0,1,3,1,13.410750701107972, MA
59,65,11.551646053081827,10.571316925111784,"1,007",design,28,7.0,0.0,Sourhouse,1.0,1,4,1,11.39089341502443, NC
60,66,9.375698866091676,9.311994025702683,189,crafts,30,17.0,0.0,Zoe,1.0,1,4,1,9.337501517592862, UK
61,67,13.907317846164732,11.302204433654575,"11,540",games,23,4.0,0.0,Lucky Duck Games,1.0,1,4,1,13.534539251203935, Poland
63,69,10.03536282454965,9.980448593672257,214,crafts,40,12.0,0.0,L'Association FotoEvidence,1.0,1,3,3,16.20683757967915, India
64,71,11.473872737706527,11.225243392518447,743,comics,29,7.0,0.0,Beehive Books,1.0,1,3,1,14.264955549209741, PA
65,72,13.895166113781125,10.126631103850338,"11,008",design,21,6.0,0.0,Misen,1.0,1,3,1,14.648708334886981, NY
66,74,10.166236358442697,9.903487552536127,127,fashion,30,14.0,0.0,Ugly Art,1.0,1,3,0,14.264955549209741, PA
67,75,7.379008127628304,8.612503371220562,37,theater,60,8.0,0.0,Kevin Michael Wesson,1.0,0,3,1,14.816343153421665, IL
68,76,10.284497044967933,10.250263664295613,70,fashion,36,11.0,0.0,Dhillon Shukla,1.0,1,3,1,15.837971611150978, UK
69,77,8.018954683155718,8.900821604915228,69,crafts,60,7.0,0.0,Bella Okuya,1.0,0,2,4,15.837971611150978, UK
70,78,7.509883061154913,8.361708288575842,32,fashion,30,5.0,0.0,Obliquebleak Films,1.0,0,3,3,15.837971611150978, UK
71,79,10.484836875474242,10.308952660644293,306,journalism,21,5.0,0.0,Transitions,1.0,1,3,5,13.968730233112568, Czech Republic
72,80,10.667652220331354,9.903487552536127,829,comics,31,16.0,0.0,Arizona Opera,1.0,1,3,0,14.262133604157334, AZ
73,81,9.419452339442655,9.417354541360508,58,fashion,31,10.0,0.0,Shorthand Films,1.0,1,3,1,15.837971611150978, UK
74,82,9.912050783196616,9.903487552536127,124,fashion,45,7.0,0.0,Danny,1.0,1,2,4,15.194750847520005, CA
75,83,10.18282238350008,10.110501721920453,354,fashion,40,11.0,0.0,George Miller Atkinson,1.0,1,2,4,13.049771178961905, UK
76,84,8.564267598802166,8.517193191416238,59,fashion,30,8.0,0.0,Jared LaCroix,1.0,1,3,0,13.182238541977242, TN
77,85,10.777079529877168,8.517193191416238,227,publishing,30,5.0,0.0,No Reply Press,1.0,1,3,2,13.357133477695209, OR
78,86,9.277438115508676,9.210340371976184,138,fashion,35,9.0,0.0,Nessa Norich,1.0,1,2,4,14.648708334886981, NY
79,87,11.386761154348415,10.126631103850338,773,fashion,30,19.0,0.0,Noah AK,1.0,1,2,1,15.9166075437284, NY
80,88,9.546598299920646,10.925938480238674,101,journalism,52,11.0,0.0,Adam Davis,1.0,0,3,5,15.194750847520005, CA
81,89,8.97259066827261,8.930626469173578,114,fashion,60,7.0,0.0,Jan Eilhardt,1.0,1,2,2,10.094397126516617, Germany
82,90,10.321045908331676,8.517193191416238,255,food,45,18.0,0.0,robyn jasko,1.0,1,2,0,8.522777569710138, PA
83,91,9.116688815894728,9.047821442478408,33,fashion,32,5.0,0.0,Lauren Beck,1.0,1,2,2,13.744905673596723, TX
84,92,11.042457728043182,8.922658299524402,"1,254",comics,17,7.0,0.0,Neurobellum Productions,1.0,1,3,1,14.816343153421665, IL
85,93,11.244536085898856,9.210340371976184,239,technology,30,5.0,0.0,Robolink,1.0,1,2,1,14.148353359002385, CA
86,94,12.726106027480776,12.283033686666302,"1,174",games,30,7.0,0.0,Xplored,1.0,1,3,1,10.387979467850263, Italy
87,95,10.06857817240172,9.903487552536127,127,film_Video,30,10.0,0.0,Simón Mejía,1.0,1,2,0,15.85339624216229, Colombia
88,96,10.492328272837732,7.352441100243583,299,design,27,9.0,0.0,Akan Ainu Consuln,1.0,1,2,0,12.120580114509814, Japan
90,98,9.853404052368141,9.615805480084347,164,fashion,30,8.0,0.0,Christopher Hwisu Kim,1.0,1,2,2,14.648708334886981, NY
91,100,11.563000517602536,10.793434309070681,635,food,30,8.0,0.0,Jenny Nguyen,1.0,1,2,0,13.357133477695209, OR
92,101,14.740331999644917,11.512925464970229,"31,720",theater,23,10.0,0.0,Viva La Dirt League,1.0,1,2,1,12.943021377319367, NZ
93,102,9.524713059681009,11.002099841204238,57,art,30,10.0,0.0,Haleigh Nickerson,1.0,0,2,1,15.194750847520005, CA
94,103,12.234003910458865,8.517193191416238,561,crafts,30,19.0,0.0,Godview Tech,,1,10,1,12.469689970742875, NJ
95,104,13.29304916712846,12.429216196844383,"9,138",fashion,32,29.0,0.0,"RiffTrax: Mike, Bill & Kevin",1.0,1,3,1,14.148353359002385, CA
96,105,9.164505835632383,9.159047077588632,91,film_Video,30,19.0,0.0,azikiwe mohammed,1.0,1,2,1,15.9166075437284, NY
97,106,17.547309477367914,13.815510557964274,"185,341",film_Video,30,8.0,0.0,Dragonsteel Entertainment,1.0,1,3,1,10.546708924326348, UT
98,107,13.329391883271253,9.901074994657314,"3,311",crafts,60,5.0,0.0,Plenbo,1.0,1,1,1,15.7632387676311, Hong Kong
99,108,8.80537513890967,8.699514748210191,180,comics,30,11.0,0.0,Jenelle Dunn,1.0,1,2,1,13.62567725854248, NC
100,109,12.32181805107206,12.206072645530174,289,technology,59,8.0,0.0,Emerge,1.0,1,2,1,15.194750847520005, CA
101,110,14.030286397422948,12.649164247981888,"21,439",games,30,15.0,0.0,Yacht Club Games,1.0,1,2,2,15.194750847520005, CA
102,111,10.004915345166241,10.308952660644293,119,fashion,45,8.0,0.0,Allison Shillingford,1.0,0,1,0,14.648708334886981, NY
103,112,12.473332598840319,9.210340371976184,"1,622",technology,30,4.0,0.0,Band Industries,1.0,1,1,1,9.141526055975824, WA
104,113,13.511928074656705,10.819778284410283,444,technology,30,6.0,0.0,Rendyr,1.0,1,1,1,10.696819377009836, VA
105,114,12.917110037649195,10.38591370178042,"4,042",film_Video,35,16.0,0.0,Sav! The World Productions,1.0,1,2,1,14.575639054856664, France
106,116,7.8636512654486515,6.684611727667927,62,crafts,30,11.0,0.0,Tanya S. Smith,1.0,1,1,1,14.648708334886981, NY
107,117,12.992409429515375,11.066085522053774,204,photography,45,4.0,0.0,Snoppa Technology,1.0,1,2,0,16.153306508452264, China
109,119,7.581209826196346,7.4673710669175595,49,art,60,8.0,0.0,Gerald L. Coleman,,1,1,0,13.047376865601485, GA
110,120,8.321421586897879,8.006367567650246,124,comics,30,3.0,0.0,Lane Fobbs,,1,1,0,14.64677659263844, TX
111,121,8.50976567558744,6.684611727667927,41,design,30,1.0,0.0,dean verhoeven,1.0,1,1,3,10.550564616241545, NC
112,122,9.23989529071504,9.181940897454485,174,crafts,30,8.0,0.0,ardelle schneider,1.0,1,1,0,10.958339506208922, Germany
113,123,7.66105638236183,6.880384082186005,57,comics,60,5.0,0.0,Isaac Loyal,1.0,1,1,4,13.340452576975746, MD
114,124,9.839217795278309,9.822819649468673,135,film_Video,30,17.0,0.0,Fictionable,1.0,1,1,0,15.837971611150978, UK
115,125,10.009422902944797,10.46310334047155,174,journalism,27,8.0,0.0,The Brick House Cooperative,1.0,0,1,2,14.151849928616338, CA
116,126,9.287401408112645,6.984716320118266,176,games,60,3.0,0.0,Redwood Creek Films,1.0,1,12,5,14.575639054856664, France
117,127,9.726272933110318,9.615805480084347,139,journalism,34,15.0,0.0,CC the Geek,1.0,1,1,2,10.968629231142637, MD
118,128,8.122059232729754,7.4664060299906065,63,art,19,12.0,0.0,Anthony Christou,1.0,1,1,2,14.018643220297346, AU
119,129,10.360912399575003,10.308952660644293,135,food,30,8.0,0.0,Michael Robinson II,1.0,1,1,6,12.393456367916393, NC
120,130,8.313116702819253,6.907755278982137,66,film_Video,35,6.0,0.0,Stuart Bradley,1.0,1,1,5,15.153537568224035, VA
121,131,8.731013415269564,8.294049640102028,105,comics,30,11.0,0.0,Bedford Palmer,1.0,1,1,1,12.94626322746207, CA
122,132,9.480610990995524,7.114769448366463,687,comics,30,15.0,0.0,Simon Birks,1.0,1,1,1,9.49702194409438, UK
123,133,6.669366101452361,6.615825531250784,13,publishing,30,3.0,0.0,Valleylea Crafts,1.0,1,1,1,12.36179352052695, Canada
124,134,8.408716715080153,6.214608098422191,113,film_Video,17,21.0,0.0,Esther Jones,1.0,1,1,1,10.628520921958396, WA
125,135,8.710454688248527,7.313220387090301,203,comics,24,4.0,0.0,Christina Tran,1.0,1,1,5,11.58189166943495, OR
126,136,10.244627450087735,7.824046010856292,282,film_Video,16,19.0,0.0,Dean Wesley Smith,1.0,1,1,2,13.343500116417061, NV
127,137,9.61953186182516,7.5480289699350145,78,publishing,10,5.0,0.0,Thomas Negovan,1.0,1,1,6,10.589534586605767, CA
128,138,8.863099359667181,5.728475087246572,215,crafts,30,3.0,0.0,Vicki Brown,1.0,1,1,5,11.665191512850969, UK
129,139,16.016348931001293,13.122363377404328,"28,974",games,16,5.0,0.0,CMON,1.0,1,1,2,13.047376865601485, GA
130,140,7.669028288589683,6.907755278982137,89,comics,27,5.0,0.0,Adam Eastburn,1.0,1,1,2,11.371177551860013, UT
131,141,9.659886159319521,9.392661928770137,153,dance,35,10.0,0.0,PearlDamour,1.0,1,12,1,11.973093381793852, MA
132,142,7.089076335442508,6.761572768804055,32,design,30,2.0,0.0,Lorenzo,1.0,1,12,3,14.656601337075454, Italy
133,143,9.51708950714519,9.392661928770137,156,film_Video,44,11.0,0.0,Kai Adia,1.0,1,12,3,15.194750847520005, CA
134,144,9.656499466411903,9.392661928770137,154,crafts,45,12.0,0.0,Mark Andres,1.0,1,11,1,15.9166075437284, NY
136,147,9.405084448768694,6.907755278982137,373,film_Video,12,28.0,0.0,Russell Nohelty,1.0,1,1,1,13.069257915717223, CA
137,149,9.916603165623503,9.287301413112312,238,design,36,17.0,0.0,La Tana Libera Tutt*,1.0,1,11,3,14.656601337075454, Italy
138,150,9.000483164987708,10.404262840448617,182,publishing,37,34.0,0.0,Mermaids Monthly,1.0,0,11,0,15.9166075437284, NY
139,151,10.274125163171705,9.064157861798101,503,film_Video,30,17.0,0.0,Flipboku,1.0,1,11,1,12.90238979642094, Spain
140,153,10.866432836449293,10.819778284410283,205,food,32,15.0,0.0,Theo Martin,1.0,1,11,0,11.376888077819869, WA
141,154,10.573241072751832,10.21464198117305,179,film_Video,38,11.0,0.0,Ryoichi Wada,1.0,1,11,1,15.194750847520005, CA
142,155,9.96716632919931,9.903487552536127,239,film_Video,30,11.0,0.0,826 MSP,1.0,1,11,2,12.926200063971773, MN
143,156,10.204674891937703,10.110501721920453,144,film_Video,28,16.0,0.0,Borja Alcalde,1.0,1,10,6,13.29061981587345, UK
144,157,11.30785510516339,11.225243392518447,"1,097",theater,50,12.0,0.0,Adam Frucci,1.0,1,11,0,15.194750847520005, CA
145,158,13.512017589445968,10.38591370178042,"3,986",design,43,17.0,0.0,Shortcut Labs,1.0,1,11,1,14.230937217984762, Sweden
146,159,10.856977725399389,10.819778284410283,195,film_Video,25,14.0,0.0,Shine Global,1.0,1,10,0,16.324637595040688, Mexico
147,160,9.853771960290196,9.615805480084347,142,theater,34,10.0,0.0,Joanna Kotze,1.0,1,11,1,14.648708334886981, NY
148,161,11.205399804383385,9.980448593672257,739,publishing,30,13.0,0.0,Black Letter Press,1.0,1,11,0,9.222268942841456, Germany
149,162,13.420826623582542,10.819778284410283,417,technology,25,2.0,0.0,UFactory,1.0,1,10,1,10.015699543143056, DE
150,163,10.263711192398603,10.126631103850338,443,photography,31,79.0,0.0,Aisha Sabatini Sloan,1.0,1,10,2,13.425597881382114, MI
151,164,12.418725885427948,9.417354541360508,578,design,30,12.0,0.0,Boxx,1.0,1,11,1,15.837971611150978, UK
152,165,11.611285897112246,9.287301413112312,"1,228",art,30,14.0,0.0,Spiridon,1.0,1,10,6,12.523962581382385, France
153,166,9.723463354790857,9.615805480084347,181,art,30,10.0,0.0,Space Song Foundation,1.0,1,10,1,15.194750847520005, CA
154,167,11.501308245630037,11.002099841204238,329,design,31,9.0,0.0,Eone Timepieces,1.0,1,10,1,13.30755248550697, DC
155,168,11.441139410462773,11.156250521031495,691,film_Video,30,17.0,0.0,Hal Hartley,1.0,1,11,2,15.9166075437284, NY
156,169,14.090460671921344,9.903487552536127,"8,254",design,30,20.0,0.0,Mechanical Design Labs,1.0,1,10,1,11.943304299432697, CA
157,170,11.732735466175175,11.970350312009105,243,design,28,6.0,0.0,Tuck Bike LLC,1.0,0,11,1,12.94626322746207, CA
158,172,12.724577706790033,9.210340371976184,503,technology,30,7.0,0.0,Arovia,1.0,1,10,1,14.64677659263844, TX
159,173,12.211696800280395,9.210340371976184,"2,333",design,24,20.0,0.0,Play Nine Arches,1.0,1,10,0,13.744905673596723, TX
160,174,12.730128640672687,8.971067438732089,"3,122",design,30,7.0,0.0,Miles Gibbons,1.0,1,10,4,15.837971611150978, UK
161,175,10.813995194534543,10.333645273234664,315,film_Video,32,8.0,0.0,Fifty Foot Woman Ltd,1.0,1,9,3,15.837971611150978, UK
162,176,12.05838437263057,10.819778284410283,"2,659",design,15,9.0,0.0,James R. Eads,1.0,1,10,1,15.194750847520005, CA
163,177,13.428503055368838,9.210340371976184,"7,953",games,12,5.0,0.0,Wyrmwood Gaming,1.0,1,10,1,13.410750701107972, MA
164,178,9.17528298016078,9.168893182062009,155,crafts,30,6.0,0.0,Crystal Bennes,1.0,1,10,0,13.049771178961905, UK
165,180,10.85562793730398,10.596634733096073,777,art,32,8.0,0.0,LANDBACK.Art,1.0,1,10,0,11.20597902033699, SD
166,181,10.866670648896555,10.361260440267637,527,publishing,23,27.0,0.0,London Centre for Book Arts,1.0,1,9,1,12.64531418637586, UK
167,182,9.153664194782626,9.903487552536127,86,art,30,9.0,0.0,Jedediah Johnson,1.0,0,9,2,13.628841163005458, IN
168,183,14.18349253578066,10.126631103850338,"6,277",design,29,18.0,0.0,Misen,1.0,1,9,1,14.648708334886981, NY
169,184,9.644781588320864,8.987196820661973,327,publishing,25,12.0,0.0,PM Press,1.0,1,8,0,12.94626322746207, CA
170,185,10.435262205052501,10.308952660644293,513,journalism,32,9.0,0.0,theLAnd magazine,1.0,1,8,0,15.194750847520005, CA
171,186,11.666898986248695,9.210340371976184,471,publishing,35,11.0,0.0,No Reply Press,1.0,1,8,0,13.357133477695209, OR
172,187,12.743486644767621,8.987196820661973,"11,753",games,43,6.0,0.0,FLATOUT GAMES,1.0,1,9,1,13.436372336049693, WA
173,188,13.843945427859548,9.903487552536127,"7,988",technology,31,36.0,0.0,OpenCV,1.0,1,9,2,11.583840487939831, CO
174,189,11.546143583158438,9.980448593672257,"2,274",games,32,11.0,0.0,Chibig,1.0,1,9,1,14.141270623605811, Spain
175,190,11.228119253263912,11.002099841204238,521,film_Video,40,16.0,0.0,Ryan Westra,1.0,1,9,2,15.9166075437284, NY
176,191,12.27293658578368,10.308952660644293,"1,864",games,31,7.0,0.0,Zain Memon,1.0,1,9,1,15.047055435009423, India
177,192,13.658556117938911,9.210340371976184,"6,412",games,30,1.0,0.0,Wyrmwood Gaming,1.0,1,8,2,11.076294714343865, MA
178,193,13.503916703994179,11.48452599044853,"15,469",comics,20,4.0,0.0,CD PROJEKT RED,1.0,1,9,1,14.347396253405902, Poland
179,194,10.135227330198862,7.757906208351747,178,design,45,6.0,0.0,Studio Shikumi,1.0,1,8,2,15.936165897399452, Japan
180,195,9.445971705356865,7.757906208351747,91,design,45,10.0,0.0,Toubouyuu,1.0,1,7,3,9.974458466406707, Japan
181,196,9.625401688837744,6.659293919683638,61,design,45,8.0,0.0,Maruyasu Seiki,1.0,1,8,4,10.799003985193806, Japan
182,197,12.311454660956878,9.210340371976184,"2,071",design,37,10.0,0.0,Chijoff+Co,1.0,1,8,2,15.261576235762831, AU
183,198,11.499151031548388,11.002099841204238,"1,646",dance,32,10.0,0.0,The Tin Can Brothers,1.0,1,8,1,15.194750847520005, CA
184,199,9.817439347910675,9.51044496442652,215,design,30,9.0,0.0,Urania Press,1.0,1,7,0,12.523689663065143, ME
185,200,14.080998400516908,13.527828485512494,"8,174",film_Video,31,14.0,0.0,3BLACKDOT,1.0,1,7,1,15.194750847520005, CA
186,201,11.329312170241941,7.757906208351747,289,design,40,11.0,0.0,Brand New Step,1.0,1,7,2,15.936165897399452, Japan
187,202,11.466713973165534,9.903487552536127,"1,405",games,14,6.0,0.0,Uusi,1.0,1,8,6,10.561758568708644, MI
188,203,16.315277166305126,11.512925464970229,"3,199",technology,60,14.0,0.0,EcoFlow,1.0,1,7,3,15.194750847520005, CA
189,204,16.070513042400048,10.819778284410283,"81,567",games,30,7.0,0.0,Magpie Games,1.0,1,8,1,13.234121186674235, NM
190,205,11.519227962443123,10.075758773476581,"2,682",games,30,5.0,0.0,DUSTBITERS TEAM,1.0,1,8,0,12.579458678174593, Netherlands
191,206,11.22488332770289,7.549082710812286,807,art,31,11.0,0.0,Thomas Negovan,1.0,1,7,0,15.194750847520005, CA
192,207,10.783985289911469,9.836278802842678,"1,066",theater,29,28.0,0.0,Lynne M. Thomas,1.0,1,7,2,11.363218231729201, IL
193,208,13.06513909786587,9.980448593672257,"3,083",photography,30,12.0,0.0,Fjorden,1.0,1,7,3,13.270783382522602, Norway
194,209,9.877194910581204,9.615805480084347,160,art,30,14.0,0.0,Samuel Price,1.0,1,7,0,14.151849928616338, CA
195,210,10.384214728478085,9.210340371976184,452,food,30,10.0,0.0,otherworld,1.0,1,7,1,15.9166075437284, NY
197,212,12.314110573718073,10.819778284410283,452,design,30,7.0,0.0,Saxon McClamma,1.0,1,7,0,11.480081974040464, CA
198,213,10.239959789157341,10.126631103850338,167,film_Video,30,13.0,0.0,Cameron Holly Dexter,1.0,1,6,1,15.194750847520005, CA
199,214,10.51926760951963,9.903487552536127,520,film_Video,32,15.0,0.0,PM Press,1.0,1,6,0,12.94626322746207, CA
200,215,10.950543354289836,9.433483923290392,411,games,30,12.0,0.0,Nicholas Kahn,1.0,1,7,2,13.751185347407716, NY
201,216,11.452828903705276,10.075758773476581,785,publishing,30,9.0,0.0,Black Letter Press,1.0,1,7,4,9.222268942841456, Germany
202,217,12.215760565719052,11.918390573078392,"2,386",film_Video,33,14.0,0.0,Shipwrecked Comedy,1.0,1,6,1,15.194750847520005, CA
203,218,13.711985024363289,11.512925464970229,"2,569",technology,31,4.0,0.0,Keyboardio,1.0,1,6,1,12.94626322746207, CA
204,219,10.134511174380807,10.110501721920453,86,fashion,35,7.0,0.0,Team Wires,1.0,1,6,2,15.837971611150978, UK
205,221,12.343649593847815,11.918390573078392,"1,713",art,32,19.0,0.0,Amplifier,1.0,1,7,0,13.436372336049693, WA
206,222,12.365547697128394,12.206072645530174,568,design,30,13.0,0.0,Flyte,1.0,1,6,1,15.9166075437284, NY
207,223,13.069061751879714,9.903487552536127,"5,193",technology,44,5.0,0.0,Mark Jenner & Tom Putnam,1.0,1,6,2,15.837971611150978, UK
208,224,10.695733182881636,9.903487552536127,454,film_Video,30,10.0,0.0,Emily Allen,1.0,1,6,1,14.648708334886981, NY
209,225,9.921327470664458,6.684611727667927,310,film_Video,29,6.0,0.0,Magpie Artists' Ensemble,1.0,1,6,2,13.436372336049693, WA
210,226,7.912726993278754,7.807916628926408,77,film_Video,60,2.0,0.0,Out on the Page,1.0,1,5,3,15.837971611150978, UK
211,227,11.45580469748047,11.429804691575846,450,publishing,35,6.0,0.0,Josh,1.0,1,6,3,11.196802764886597, UT
212,228,9.371778717853713,9.210340371976184,117,technology,30,9.0,0.0,Firelane Music & Media Entertainment,1.0,1,6,4,13.433583737933631, CO
213,229,10.051605787988585,9.472704636443673,287,fashion,33,8.0,0.0,Vernon Jordan III,1.0,1,5,1,14.264955549209741, PA
214,230,10.744613261467482,10.568235258574376,282,design,30,14.0,0.0,Reframd,1.0,1,6,1,15.047007280023905, Germany
215,231,9.672059781634221,9.615805480084347,134,art,28,12.0,0.0,Tasha Sams,1.0,1,6,1,8.855378246041125, KY
216,232,14.503934099687806,11.918390573078392,"9,462",design,59,9.0,0.0,Nebia,1.0,1,6,1,14.151849928616338, CA
217,233,9.782618510055139,9.615805480084347,180,film_Video,30,10.0,0.0,Alden Peters,1.0,1,5,0,15.9166075437284, NY
218,235,9.28868933838716,8.895629627136483,306,comics,30,8.0,0.0,Catuallie,1.0,1,5,2,12.926200063971773, MN
219,236,12.55182313431068,12.493879710170106,"1,352",technology,35,11.0,0.0,Scott Whittle,1.0,1,5,3,8.58260632996447, NJ
220,237,8.520376120518726,8.501063809486354,41,theater,24,6.0,0.0,Gemma Lawrence,1.0,1,5,1,15.837971611150978, UK
221,238,10.25234703516517,10.126631103850338,279,film_Video,32,10.0,0.0,Hamilcar Publications,1.0,1,5,0,13.410750701107972, MA
222,239,14.346723344034917,10.126631103850338,"15,576",design,31,6.0,0.0,Misen,1.0,1,5,3,14.648708334886981, NY
223,240,13.583773941794542,11.289781913656018,"11,370",design,29,10.0,0.0,Brink Literacy Project,1.0,1,6,1,13.433583737933631, CO
224,242,11.527053196934787,11.354164172585287,852,publishing,42,10.0,0.0,Wiegertje,1.0,1,5,5,15.9166075437284, Netherlands
225,243,13.486416038931946,11.512925464970229,873,design,42,5.0,0.0,Jadelabo,1.0,1,4,2,10.015699543143056, DE
226,244,14.679976485803596,10.819778284410283,"18,581",games,30,5.0,0.0,Wyrmwood Gaming,1.0,1,4,1,11.076294714343865, MA
227,245,12.795541228548037,10.819778284410283,"5,158",games,31,11.0,0.0,Tanya DePass,1.0,1,5,2,14.816343153421665, IL
228,246,11.011984163278214,11.002099841204238,401,food,30,9.0,0.0,Hector Castillo Carvajal,1.0,1,4,3,14.141288672902773, NY
229,247,11.231777386080426,10.017022912912939,489,design,60,5.0,0.0,Kana | Goods made Better™,1.0,1,4,2,14.28551418721001, Canada
230,251,11.033291613631048,10.714417768752456,171,food,60,14.0,0.0,David Yoshimura,1.0,1,4,5,14.151849928616338, CA
231,253,12.504676111854245,9.903487552536127,"2,943",comics,29,18.0,0.0,Jeff Smith and Cartoon Books,1.0,1,5,1,13.65311632657372, OH
232,254,11.566219756027946,11.512925464970229,681,games,31,14.0,0.0,Game Round.Inc,1.0,1,4,3,16.92079089713741, Liechtenstein
233,255,9.651873150696224,9.599676098154463,308,publishing,30,15.0,0.0,Mama Xanadu,1.0,1,4,1,15.837971611150978, UK
234,258,14.405382824264818,10.126631103850338,"5,877",technology,46,3.0,0.0,Nimble,1.0,1,4,0,15.9166075437284, NY
235,260,14.11425125777279,9.903487552536127,"15,530",games,33,6.0,0.0,Ghostfire Gaming,1.0,1,4,0,15.261576235762831, AU
236,262,13.198889138634717,10.819778284410283,"6,721",games,24,2.0,0.0,GreaterThanGames,1.0,1,3,1,12.87291948429548, MO
237,263,11.81699817402192,9.287301413112312,"2,848",design,30,15.0,0.0,Project SOAPBOTTLE,1.0,1,3,1,15.9166075437284, Netherlands
238,264,10.644209873708961,10.545341438708522,321,art,30,8.0,0.0,Zander Masser,1.0,1,3,1,11.287855058462304, NY
239,265,9.679730312953788,9.611557804804775,149,food,45,8.0,0.0,Thea Bryson,1.0,1,3,2,14.28551418721001, Canada
240,266,15.690234462459877,14.508657738524219,"36,581",film_Video,30,33.0,0.0,Joel Hodgson,1.0,1,4,3,12.926200063971773, MN
241,268,12.71832266436368,11.2891567182621,"4,945",film_Video,30,12.0,0.0,Unbound,1.0,1,3,0,15.837971611150978, UK
243,271,13.310368750666582,11.225243392518447,"2,348",art,40,7.0,0.0,Kevin Kelly,1.0,1,3,3,10.577961467830452, CA
244,274,13.730871637200742,10.596634733096073,"5,106",technology,30,6.0,0.0,"Tidbyt, Inc.",1.0,1,3,1,14.648708334886981, NY
245,276,11.848354300294725,9.903487552536127,"1,470",games,30,18.0,0.0,Nicholas Kahn,1.0,1,3,0,13.751185347407716, NY
246,277,14.51225725249396,11.512925464970229,"22,792",games,21,3.0,0.0,Patrick Leder,1.0,1,2,1,14.836582117509636, MN
247,278,13.178337201005336,10.968198289528557,"4,652",film_Video,30,20.0,0.0,Jim Demonakos,1.0,1,3,0,13.436372336049693, WA
248,279,10.74693916845641,10.673595774232203,344,art,35,27.0,0.0,E-WERK,1.0,1,3,0,9.98118906019998, Germany
249,282,13.02889849399289,10.308952660644293,"5,620",fashion,30,26.0,0.0,don hertzfeldt,1.0,1,2,2,13.744905673596723, TX
250,283,11.843598892377445,8.961879012677683,"1,741",games,24,4.0,0.0,Oink Games | オインクゲームズ,1.0,1,2,1,15.936165897399452, Japan
251,284,10.700994748420316,10.126631103850338,757,food,30,8.0,0.0,Mark Davis,1.0,1,1,4,12.339685284854093, VA
252,287,10.336405687425593,10.308952660644293,93,design,30,9.0,0.0,Harry Allen,1.0,1,1,1,15.9166075437284, NY
253,289,9.737196812814702,8.987196820661973,435,publishing,25,10.0,0.0,PM Press,1.0,1,1,0,12.94626322746207, CA
254,294,14.473899095512744,10.308952660644293,"30,382",technology,37,11.0,0.0,Human Things,1.0,1,12,1,15.194750847520005, CA
255,295,9.94030345336783,9.87508807801443,176,journalism,60,13.0,0.0,Mina Kim,1.0,1,11,5,15.9166075437284, Netherlands
256,296,11.069883092506698,10.915088464214607,769,publishing,60,7.0,0.0,Cetonia Weston,1.0,1,11,6,13.304943234169308, WI
257,297,10.547805768173902,10.54006438160768,305,film_Video,30,13.0,0.0,Sisyfos Film Production,1.0,1,12,1,14.230937217984762, Sweden
258,298,11.51974217829715,10.308952660644293,715,technology,53,10.0,0.0,YOLK,1.0,1,11,0,15.9166075437284, NY
259,299,10.120241131392577,8.91841062424483,"1,071",games,31,18.0,0.0,PlayWay,1.0,1,11,4,11.698068038950884, Poland
261,301,10.829292876778869,10.308952660644293,387,fashion,30,9.0,0.0,ODDLI,1.0,1,11,2,15.194750847520005, CA
262,302,10.856168071193151,10.819778284410283,491,food,33,16.0,0.0,Katsutoshi Machida,1.0,1,11,2,14.648708334886981, NY
263,303,15.325210041154037,10.896739325546411,"22,925",crafts,57,9.0,0.0,Bird Buddy,1.0,1,11,2,12.514365841886065, Slovenia
265,305,14.736504213735289,10.819778284410283,"8,051",technology,43,12.0,0.0,Looking Glass,1.0,1,12,2,14.648708334886981, NY
267,307,12.014464097824456,10.691944912900398,591,design,49,7.0,0.0,Transparent,1.0,1,11,2,14.230937217984762, Sweden
271,312,10.318206709545473,9.417354541360508,625,crafts,31,15.0,0.0,Daniel Becerra,1.0,1,10,1,12.523689663065143, UK
272,314,10.18840330224294,10.819778284410283,225,fashion,30,9.0,0.0,TrueContour,1.0,0,10,1,14.648708334886981, NY
274,316,11.815109375620835,9.903487552536127,700,design,59,19.0,0.0,Felix Böck,1.0,1,9,2,10.486205839326685, CA
275,319,10.824447367258546,10.46310334047155,729,art,60,29.0,0.0,Museum of the Moving Image,1.0,1,10,1,15.9166075437284, NY
277,322,12.92460244447417,12.897217823419446,567,film_Video,41,21.0,0.0,The Garage Learning,1.0,1,10,1,15.9166075437284, NY
278,323,12.889217468883604,11.225243392518447,"1,269",design,30,13.0,0.0,Max Gunawan,1.0,1,10,1,14.151849928616338, CA
280,325,14.508906207653208,11.512925464970229,"14,169",design,59,5.0,0.0,Peak Design,1.0,1,10,0,14.151849928616338, CA
283,330,9.476681334273712,9.400630098419315,174,technology,48,9.0,0.0,Solomon,1.0,1,10,1,13.406106703167456, Greece
285,333,12.23967665294395,10.819778284410283,456,photography,38,32.0,0.0,Argineering,1.0,1,9,1,12.549463748640038, DE
286,335,14.767052982996104,11.512925464970229,"5,747",technology,36,23.0,0.0,Milo,1.0,1,10,1,14.151849928616338, CA
287,337,14.807284439430644,12.283033686666302,"18,976",games,22,8.0,0.0,Glass Cannon Unplugged,1.0,1,10,1,10.39074767827941, Poland
291,344,8.955190024526887,6.907755278982137,192,design,23,4.0,0.0,Nicholas Baker,1.0,1,9,1,14.648708334886981, NY
292,347,10.382822756888736,10.017022912912939,240,technology,42,23.0,0.0,Prosthesis: Mech Racing,1.0,1,8,4,13.304684934198283, Canada
293,349,12.463783793329634,11.512925464970229,"1,766",art,21,34.0,0.0,Wide Awakes,1.0,1,9,2,13.30755248550697, DC
294,350,12.084033816819534,11.589886506106357,"2,659",games,38,13.0,0.0,Twin Drums,1.0,1,9,1,15.047007280023905, Germany
296,352,15.254727485486947,10.126631103850338,"36,728",design,30,2.0,0.0,Misen,1.0,1,9,1,14.648708334886981, NY
297,353,9.060214913398545,8.987196820661973,253,film_Video,32,11.0,0.0,Hannah Fields,1.0,1,8,0,12.425376835921663, TX
300,356,12.768025699929083,10.596634733096073,"1,745",design,37,8.0,0.0,Wolf and Grizzly,1.0,1,8,2,11.660767717014435, DE
304,363,13.703985525097838,9.210340371976184,"9,690",games,33,11.0,0.0,James Rallison,1.0,1,8,5,15.194750847520005, CA
305,364,10.502448661245595,10.017022912912939,337,crafts,30,6.0,0.0,Kinbona Limited,1.0,1,8,1,13.161486008824678, CA
307,368,11.414616031899095,10.673595774232203,278,food,30,9.0,0.0,CUPPLE,1.0,1,8,0,13.834353901765722, Belgium
308,370,10.367693155666892,10.819778284410283,379,film_Video,30,9.0,0.0,American Issues Initiative,1.0,0,8,0,15.9166075437284, NY
309,371,6.583409222158765,8.517193191416238,11,art,45,6.0,0.0,The Bass Museum of Art,1.0,0,7,1,11.432929422874503, FL
310,372,10.126791091051704,10.126631103850338,377,film_Video,30,20.0,0.0,Sharp Film,1.0,1,7,3,14.648708334886981, NY
311,373,9.595165942676578,8.724207360800564,497,comics,21,6.0,0.0,Hari Conner,1.0,1,8,1,15.837971611150978, UK
312,374,8.483429561263428,9.472704636443673,192,games,31,11.0,0.0,Klabater,1.0,0,8,1,14.347396253405902, Poland
313,375,10.673294803018983,10.308952660644293,"1,109",comics,30,13.0,0.0,Beehive Books,1.0,1,8,1,14.264955549209741, PA
314,376,10.022453887817287,9.980448593672257,282,film_Video,23,8.0,0.0,Tamara Shogaolu,1.0,1,8,5,15.9166075437284, Netherlands
315,377,10.512083962693172,9.903487552536127,134,technology,30,11.0,0.0,"Good Luck Yogi, LLC",1.0,1,7,3,15.194750847520005, CA
319,381,11.152428942378648,10.126631103850338,600,design,30,9.0,0.0,Crave,1.0,1,8,2,14.151849928616338, CA
320,382,12.57767068412676,11.512925464970229,711,design,30,12.0,0.0,"STACKER, LLC",1.0,1,7,1,9.965052908194282, MN
321,384,10.764418628305801,10.005141206262628,405,fashion,30,7.0,0.0,Sampla Footwear,1.0,1,7,2,11.235022091481989, Ireland
323,386,11.886275769045614,11.496796083040344,"3,650",games,30,16.0,0.0,Jaw Drop Games,1.0,1,7,2,15.837971611150978, UK
324,387,10.518646164234097,12.206072645530174,373,film_Video,60,13.0,0.0,Terrence Terrell,1.0,0,6,0,15.194750847520005, CA
325,390,12.46887143096437,12.206072645530174,"2,905",film_Video,30,8.0,0.0,Philip Shane,1.0,1,7,1,15.9166075437284, NY
327,393,10.152376820268753,10.126631103850338,351,art,30,16.0,0.0,Tupelo Press,1.0,1,7,1,9.492733482494353, MA
328,394,12.584307006040078,11.728036844587175,"1,011",design,60,9.0,0.0,Scott Thrift,1.0,1,7,0,14.648708334886981, NY
332,403,14.90287280151644,11.002099841204238,"24,943",technology,55,17.0,0.0,Lumos Helmet,1.0,1,5,0,13.410750701107972, MA
335,407,10.223431082444048,10.203592144986466,111,journalism,60,27.0,0.0,BEVERLY'S,1.0,1,5,5,15.9166075437284, NY
337,411,12.98493640685946,10.819778284410283,665,design,45,3.0,0.0,Segway Ninebot,1.0,1,5,1,13.436372336049693, WA
339,414,9.663197842386948,9.615805480084347,268,fashion,30,6.0,0.0,Raelene Clarke,1.0,1,5,3,13.410750701107972, MA
340,415,9.025816391627028,8.648221453822641,119,film_Video,60,6.0,0.0,Sophia Mobley,1.0,1,5,2,12.157837827127732, AL
343,419,12.328290278254423,11.156250521031495,"1,815",design,38,11.0,0.0,Flyte,1.0,1,4,4,15.9166075437284, NY
344,420,11.275327956685867,11.225243392518447,908,food,30,32.0,0.0,Luck Sarabhayavanija,1.0,1,4,3,12.484802264083928, NJ
345,422,14.526150838168267,11.512925464970229,"3,019",technology,45,21.0,0.0,EcoFlow,1.0,1,5,1,14.151849928616338, CA
346,424,15.042821497013842,10.700994748420316,"62,284",games,30,2.0,0.0,Magic Puzzle Company,1.0,1,5,0,15.194750847520005, CA
347,425,15.67052068814386,9.903487552536127,"55,236",design,45,8.0,0.0,tevaplanter,1.0,1,5,1,10.150152298891683, NY
348,427,14.004533775050955,9.210340371976184,"14,992",design,30,12.0,0.0,Remaker Labs,1.0,1,4,1,12.144197241812087, CA
349,429,12.223278374390816,11.233211562167625,613,technology,42,5.0,0.0,Joué,1.0,1,4,1,12.353820010683796, France
350,431,15.299724192242317,10.308952660644293,"26,199",design,51,20.0,0.0,Paul Francis,1.0,1,4,1,13.071865556017904, MO
355,440,14.578351697525209,10.819778284410283,"6,748",technology,30,12.0,0.0,Sammy Saldjoghi at Mendi,1.0,1,4,2,14.230937217984762, Sweden
358,446,14.624854628026727,9.210340371976184,"26,644",food,37,8.0,0.0,Prepd,1.0,1,4,1,15.194750847520005, CA
359,447,12.128381337814302,11.156250521031495,571,design,21,2.0,0.0,Kammok,1.0,1,4,1,13.744905673596723, TX
360,448,11.621775385567323,10.941234565432962,338,technology,39,12.0,0.0,Mick Lin,1.0,1,4,3,15.837971611150978, UK
362,454,11.47208222022419,11.302204433654575,503,technology,30,7.0,0.0,QUBS,1.0,1,4,1,12.741776230562067, Switzerland
366,459,15.053127980961433,11.512925464970229,"23,761",games,30,18.0,0.0,Todd McFarlane Production,1.0,1,4,3,12.077250148633386, AZ
368,461,9.361944956108077,9.210340371976184,95,design,30,5.0,0.0,Chen Bikovski,1.0,1,4,2,12.978243553240834, Israel
369,462,10.502239709408618,8.501063809486354,509,design,30,6.0,0.0,Gomi,1.0,1,3,1,11.842236406331555, UK
370,464,11.543658335005926,9.210340371976184,320,design,23,9.0,0.0,Gravel,1.0,1,3,1,11.654980428535628, UT
371,465,10.712326695092147,10.645424897265505,180,film_Video,34,13.0,0.0,Something's Awry Productions,1.0,1,3,4,14.264955549209741, PA
372,466,12.585251955935611,9.210340371976184,876,technology,21,2.0,0.0,Critter & Guitari,1.0,1,3,1,14.648708334886981, NY
374,468,16.378119332242978,13.122363377404328,"83,193",games,31,6.0,0.0,Isaac Childres,1.0,1,3,1,11.757102258612253, IN
381,475,14.01101047002898,11.506174659472537,"25,589",games,30,16.0,0.0,Sabotage Studio,1.0,1,3,3,13.177977822159425, Canada
383,478,11.300369566129087,8.76349842795174,630,design,30,15.0,0.0,DeskX,1.0,1,3,1,15.7632387676311, Hong Kong
384,480,9.196583174191355,9.060679597421776,241,art,36,11.0,0.0,Silver Lining Press,1.0,1,3,6,15.837971611150978, UK
386,482,9.205398179436864,9.1942109900463,70,photography,30,4.0,0.0,GB Limited Editions,1.0,1,3,0,15.837971611150978, UK
388,484,9.77133121409114,9.692766521220475,109,fashion,29,19.0,0.0,OFundamentO,1.0,1,3,6,14.132320028936782, Portugal
389,485,10.624225580767186,10.308952660644293,234,design,30,6.0,0.0,Prompt: The Anti-Watch,1.0,1,2,1,14.836582117509636, MN
390,486,11.740184057875112,9.287301413112312,621,technology,30,7.0,0.0,LoCoMoGo,1.0,1,2,1,15.9166075437284, Netherlands
391,487,11.932977005273314,9.903487552536127,"1,280",technology,30,9.0,0.0,Electrosmith,1.0,1,2,1,14.148353359002385, CA
392,488,14.68537486982333,9.210340371976184,"16,652",design,58,10.0,0.0,Elyasaf Shweka,1.0,1,2,1,12.978243553240834, Israel
395,491,13.324384615019186,9.30446803470088,"11,782",crafts,38,5.0,0.0,Rocketbook,1.0,1,2,1,13.410750701107972, MA
399,495,13.177434725948979,9.798127036878302,"2,006",photography,60,9.0,0.0,Larry Tiefenbrunn,1.0,1,1,3,10.789215978827643, NJ
400,496,13.71375243478103,10.126631103850338,"1,678",technology,44,4.0,0.0,Jianbo,1.0,1,2,1,14.151849928616338, CA
402,498,13.428697415394893,10.819778284410283,"8,713",games,22,6.0,0.0,Druid City Games,1.0,1,2,1,15.194750847520005, CA
403,499,14.535464699669351,12.611537753638338,"35,092",games,35,22.0,0.0,Owlcat Games,1.0,1,2,1,16.155509155169725, Russia
404,500,10.609871736128069,10.308952660644293,393,film_Video,30,34.0,0.0,Han Allred,1.0,1,2,1,12.00432359107012, OR
407,503,12.403085258359074,11.579836170252856,695,technology,45,6.0,0.0,coturn,1.0,1,2,1,13.778218783212537, Germany
408,504,14.601529493239605,9.903487552536127,"21,993",design,29,6.0,0.0,Misen,1.0,1,2,1,14.648708334886981, NY
409,505,7.87359778968554,10.308952660644293,60,theater,30,8.0,0.0,The Dream Ring Inc.,1.0,0,1,4,14.648708334886981, NY
411,507,9.93037288131751,9.903487552536127,149,fashion,30,11.0,0.0,ATMPT,1.0,1,1,2,14.648708334886981, NY
412,508,10.2373492417846,11.083080570336517,377,design,45,9.0,0.0,Mathijs ter Kuile,1.0,0,1,3,15.9166075437284, Netherlands
414,510,12.765249542881499,9.545847857660545,"5,007",design,21,11.0,0.0,Knog,1.0,1,1,2,15.261576235762831, AU
415,511,10.76246225815015,10.110501721920453,238,journalism,26,23.0,0.0,Kite Festival team,1.0,1,1,3,10.562974531603437, UK
419,515,12.31749326163037,9.903487552536127,"2,401",design,21,14.0,0.0,Jollylook,1.0,1,1,1,13.51268506722517, Ukraine
421,517,11.813570652013716,8.517193191416238,"2,554",games,31,5.0,0.0,Forbidden Games,1.0,1,1,0,10.843826787167423, IL
424,521,9.92299601892417,8.280660402983012,200,crafts,34,8.0,0.0,Michelle Chow,1.0,1,12,1,15.081840787817118, Singapore
425,522,12.4089305677216,8.945819984745695,"2,140",design,48,64.0,0.0,Think & Do,1.0,1,12,1,15.07718994252617, China
426,523,12.030140632057888,9.210340371976184,"1,499",design,31,7.0,0.0,Tuft and Paw,1.0,1,1,1,13.304684934198283, Canada
428,525,14.025251899540612,12.206072645530174,"4,947",design,60,6.0,0.0,Fellow,1.0,1,12,3,14.151849928616338, CA
429,526,10.385080021031843,10.126631103850338,495,film_Video,30,9.0,0.0,Inhabit Films,1.0,1,1,0,15.9166075437284, NY
433,531,9.393994374003915,6.684611727667927,150,technology,32,7.0,0.0,JJ Chuan,1.0,1,1,2,15.9166075437284, NY
434,532,11.609113750036347,11.477072355070556,161,film_Video,45,7.0,0.0,Carlos Chablé,1.0,1,12,3,11.926643093830354, Mexico
435,533,11.304536908848991,8.91841062424483,"1,679",technology,45,20.0,0.0,Flash Forest,1.0,1,12,3,14.77102200299171, Canada
437,536,14.181667109060998,10.819778284410283,"12,377",technology,48,7.0,0.0,Artiphon,1.0,1,11,0,13.182238541977242, TN
440,539,9.589393056132515,9.392661928770137,783,design,25,6.0,0.0,Ethan Moses,1.0,1,12,1,13.234121186674235, NM
441,540,9.386694156990346,9.287301413112312,431,games,35,10.0,0.0,edU Verz,1.0,1,12,1,12.779478624477571, Spain
443,542,11.830433294319251,8.85366542803745,"1,372",crafts,60,13.0,0.0,GeeekClub,1.0,1,11,2,14.151849928616338, CA
444,543,12.828239266173018,12.611537753638338,"1,555",theater,30,13.0,0.0,Hal Hartley,1.0,1,12,4,15.9166075437284, NY
445,544,10.34306419027306,10.341742483467284,270,film_Video,26,28.0,0.0,Rooftop Films,1.0,1,12,4,14.648708334886981, NY
446,545,11.826909293670399,10.673595774232203,496,design,30,13.0,0.0,TONE Factory,1.0,1,12,1,14.341107348903938, Austria
447,546,11.108035191612906,10.819778284410283,347,design,35,36.0,0.0,Thornwillow,1.0,1,12,2,10.250263664295613, NY
449,548,13.161291740135082,9.210340371976184,612,technology,30,12.0,0.0,INNFOS,1.0,1,11,1,16.27651890461461, China
454,553,10.355963464913646,10.308952660644293,303,film_Video,32,30.0,0.0,Hannah Jayanti + Sara Archambault,1.0,1,11,0,8.712595487748722, NM
455,554,10.349966636734907,9.581903928408666,746,design,35,11.0,0.0,Unocup,1.0,1,11,5,15.9166075437284, NY
459,559,14.42821257487614,11.982929094215963,"10,565",games,30,3.0,0.0,Larian Studios LLC,1.0,1,11,2,13.839253451421483, Ireland
460,561,12.990955442931607,10.819778284410283,482,design,30,4.0,0.0,Enova Design,1.0,1,11,1,15.261576235762831, AU
462,564,9.515174503245529,10.203555107263542,75,crafts,33,13.0,0.0,Roberto H.,1.0,0,11,4,16.324637595040688, Mexico
464,567,13.428133372592214,9.903487552536127,"3,753",crafts,40,16.0,0.0,Wonder Tech Lab,1.0,1,10,1,15.7632387676311, Hong Kong
466,569,13.559414302520967,9.95131296576871,"6,944",technology,30,10.0,0.0,Pokit Innovations,1.0,1,10,1,15.347493827460918, AU
467,570,9.212936997823448,9.210340371976184,168,film_Video,38,19.0,0.0,The Immigrant Artist Biennial (TIAB),1.0,1,11,1,15.9166075437284, NY
468,571,9.82063189221837,9.817929664174482,174,fashion,40,13.0,0.0,Uzza,1.0,1,10,1,14.29888502284722, Spain
469,572,12.088330234048618,11.522875795823397,202,music,30,3.0,0.0,Superlative Instruments,1.0,1,10,1,11.973093381793852, MA
471,574,10.882714209576651,10.515966830028619,190,technology,30,12.0,0.0,Robotical,1.0,1,10,1,13.049771178961905, UK
472,575,11.25446556852845,11.082142548877775,509,art,31,18.0,0.0,LetterformArchive,1.0,1,10,1,14.151849928616338, CA
473,576,12.67956704992467,9.210340371976184,"3,061",design,30,9.0,0.0,Craighill,1.0,1,10,1,14.648708334886981, NY
475,578,10.15603455421958,10.126631103850338,178,technology,33,11.0,0.0,Elissa Moorhead,1.0,1,10,2,13.340452576975746, MD
476,579,9.481174054073463,9.381727363717358,145,design,30,7.0,0.0,Blast Studio,1.0,1,10,6,15.837971611150978, UK
477,580,13.1130887406185,12.283028686653802,387,design,30,11.0,0.0,PHONOCUT,1.0,1,10,2,14.341107348903938, Austria
478,581,12.395034506623219,10.068907071254726,"7,034",games,31,9.0,0.0,Might and Delight,1.0,1,10,3,14.230937217984762, Sweden
481,584,10.854604741562328,10.308952660644293,"1,833",games,30,14.0,0.0,Fervir,1.0,1,10,0,14.816343153421665, IL
485,588,14.31098210892667,9.210340371976184,"10,308",food,31,5.0,0.0,Prepd,1.0,1,10,1,15.194750847520005, CA
486,589,9.44594199821242,9.366061246972958,47,art,45,11.0,0.0,Jonathan Casciani,1.0,1,10,3,15.837971611150978, UK
488,591,13.160040133885069,12.076814759881632,"6,892",design,44,11.0,1.0,Zero Co,1.0,1,10,2,8.760139370026627, AU
489,592,12.29308485585279,10.819778284410283,720,crafts,37,19.0,0.0,Mark Pavlyukovskyy,1.0,1,10,2,14.151849928616338, CA
493,596,9.120664648766315,8.8527006771006,120,design,30,11.0,0.0,Over All 1516,1.0,1,10,1,4.204692619390966, AU
494,597,12.416240373801925,10.126631103850338,942,design,40,15.0,0.0,Ludvig Scheja,1.0,1,9,2,14.230937217984762, Sweden
498,601,10.600552050380118,12.206072645530174,43,technology,28,3.0,0.0,Karmic,1.0,0,9,1,11.110251458112545, CA
499,602,14.384964082012617,13.017002861746503,"3,345",technology,35,12.0,0.0,Tilt Five,1.0,1,9,1,12.431262102551305, CA
500,603,12.408845238638783,10.83533323642689,724,design,30,7.0,0.0,Calvin Chu,1.0,1,9,0,12.36179352052695, Canada
501,604,9.266647923935805,9.1942109900463,282,journalism,30,16.0,0.0,Ian Nesbitt,1.0,1,10,1,13.669304899370122, UK
504,607,11.347802913694833,11.02679245379461,705,design,28,11.0,0.0,Granby Workshop,1.0,1,9,2,13.669469241521591, UK
505,609,13.065860748490435,10.308952660644293,"3,024",design,40,5.0,0.0,EVEBOT,1.0,1,9,1,16.153306508452264, China
506,610,12.949996111851739,10.819778284410283,"3,659",food,45,7.0,0.0,Move,1.0,1,9,1,14.151849928616338, CA
508,612,13.348802293036334,10.596634733096073,"8,925",games,22,5.0,0.0,Lucky Duck Games,1.0,1,9,1,13.534539251203935, Poland
509,614,13.23177726703125,11.512925464970229,"3,512",design,31,3.0,0.0,Rafael Atijas,1.0,1,9,1,15.9166075437284, NY
510,616,12.011571214296847,10.819778284410283,"1,179",technology,35,6.0,0.0,rhythmo,1.0,1,9,1,13.744905673596723, TX
511,617,8.643297068211963,9.210340371976184,121,games,30,6.0,0.0,12 East Games,1.0,0,9,0,13.357133477695209, OR
512,618,14.001526116856867,10.126631103850338,"11,953",design,23,24.0,0.0,Misen,1.0,1,9,2,14.648708334886981, NY
514,620,11.127498250598572,10.126631103850338,149,crafts,26,16.0,0.0,April Wagner,1.0,1,9,1,11.000715550182045, MI
516,622,9.815966955006633,9.615805480084347,217,food,30,9.0,0.0,Waris Ahluwalia,1.0,1,9,0,15.9166075437284, NY
517,623,10.45498475951116,9.210340371976184,321,technology,30,11.0,0.0,Ken Burns,1.0,1,9,1,12.193706498942605, OH
518,624,11.028610799601394,11.02679245379461,475,technology,32,15.0,0.0,Technology Will Save Us,1.0,1,8,3,15.837971611150978, UK
519,625,9.227197489042606,8.517193191416238,174,journalism,30,6.0,0.0,Kettle Ridge Farm,1.0,1,8,2,12.253919507787362, NY
520,626,10.64680489700865,10.308952660644293,620,crafts,30,16.0,0.0,Shining Mountain Adams,1.0,1,8,1,12.541791026645143, KS
521,627,13.452619189175149,10.819778284410283,"2,160",design,30,8.0,0.0,Ooni,1.0,1,8,1,13.049771178961905, UK
523,629,12.138072138629425,11.407564949312402,"1,068",design,29,14.0,0.0,Kammok,1.0,1,8,1,13.744905673596723, TX
524,631,13.794852645015574,11.156250521031495,929,design,59,17.0,0.0,Oru Kayak,1.0,1,8,0,9.366831168735615, CA
531,638,12.343619092027508,9.210340371976184,"1,970",crafts,45,8.0,0.0,Alfoto,1.0,1,8,1,11.375122103323024, CA
532,639,10.16250005226458,8.517193191416238,184,design,30,20.0,0.0,Phillip David Stearns,1.0,1,8,3,15.9166075437284, NY
533,641,12.662797880809196,9.615805480084347,"2,645",design,30,9.0,0.0,Letterfolk,1.0,1,8,2,12.168744540264175, UT
534,642,10.253580885109306,9.734358589528156,238,food,28,11.0,0.0,Three Gems Tea,1.0,1,8,3,15.194750847520005, CA
535,643,9.633493913262006,9.213962404489596,103,technology,45,8.0,0.0,MarkDing,1.0,1,8,3,15.7632387676311, Hong Kong
537,645,8.348537825386098,8.294049640102028,68,film_Video,30,12.0,0.0,Christopher Campa,1.0,1,8,1,12.996806957126934, FL
538,646,7.445417556701687,7.426549072397305,32,photography,30,8.0,0.0,Chuya Lee,1.0,1,8,6,14.648708334886981, NY
539,647,10.622697138798666,10.16277015046621,443,publishing,30,5.0,0.0,Kronecker Wallis,1.0,1,8,1,14.29888502284722, Spain
541,649,14.465882274724665,9.903487552536127,"10,949",crafts,58,10.0,0.0,Woojer,1.0,1,8,1,13.842062903593279, CA
542,650,12.716324104495097,10.308952660644293,676,technology,45,17.0,0.0,Mirobot,1.0,1,7,3,16.27651890461461, China
543,651,11.9449091598392,11.512925464970229,"1,451",film_Video,30,10.0,0.0,Robert J Woodhead,1.0,1,8,6,11.660767717014435, NC
545,653,11.403342268554121,10.017022912912939,"1,376",technology,45,8.0,0.0,DFRobot,1.0,1,7,2,16.92079089713741, China
548,656,8.688453800850768,8.294049640102028,44,crafts,25,4.0,0.0,Phillip March Jones,1.0,1,7,2,13.79971953341922, AL
549,657,8.469971596398741,8.268731832117737,146,film_Video,60,18.0,0.0,Yining Xu,1.0,1,6,6,15.936165897399452, Japan
550,659,13.014613342451193,9.903487552536127,908,design,60,17.0,0.0,Boaz innovative stringed instruments,1.0,1,7,1,12.549463748640038, DE
551,662,10.347564213938401,9.615805480084347,190,art,30,11.0,0.0,Bronx Museum of the Arts,1.0,1,8,3,14.141288672902773, NY
553,671,11.567517811495994,11.512925464970229,163,technology,60,2.0,0.0,Zoetic AI,1.0,1,7,1,12.431262102551305, CA
555,674,15.079090525494665,11.147930289415777,"55,024",games,30,5.0,0.0,Cyanide And Happiness,1.0,1,7,0,15.194750847520005, CA
556,675,11.523746703601812,11.512925464970229,902,film_Video,60,23.0,0.0,Josh Fox / The Truth Has Changed,1.0,1,7,0,14.648708334886981, NY
558,678,14.21610649755504,12.206072645530174,"11,808",games,22,2.0,0.0,CMON,1.0,1,7,2,13.047376865601485, GA
559,680,12.37174906241396,12.17101525371477,"1,249",crafts,30,9.0,0.0,Benedict Redgrove,1.0,1,7,5,15.837971611150978, UK
561,685,11.156621880640408,9.903487552536127,"1,111",journalism,30,9.0,0.0,Christopher Hass,1.0,1,7,1,14.816343153421665, IL
562,686,8.957381735582787,8.922658299524402,73,theater,22,7.0,0.0,"Handel, Marting, & Sankaram",1.0,1,7,1,15.9166075437284, NY
563,687,12.29501715281883,10.46310334047155,"1,175",technology,30,14.0,0.0,Input Club,1.0,1,7,1,13.842062903593279, CA
564,689,11.714216949521136,9.181940897454485,"1,483",publishing,45,15.0,0.0,Flipboku,1.0,1,7,1,12.90238979642094, Spain
565,690,12.014615485902027,11.512925464970229,"1,841",design,38,20.0,0.0,Lomography,1.0,1,7,1,15.9166075437284, NY
566,691,15.402388959428233,10.803648902480399,"32,582",games,23,6.0,0.0,Awaken Realms,1.0,1,7,1,13.361211759739437, Poland
567,694,8.91798070997329,11.461632170582678,128,publishing,60,14.0,0.0,Sidney Clifton,1.0,0,7,0,13.340452576975746, MD
568,695,8.841456920850803,8.501063809486354,209,comics,29,20.0,0.0,Maliha's Art,1.0,1,7,4,15.837971611150978, UK
569,696,8.04180227677252,8.031060180240619,223,technology,31,9.0,0.0,Ted Hunt,1.0,1,7,0,15.837971611150978, UK
570,701,8.054840221101024,8.006367567650246,59,art,30,7.0,0.0,Craig K. Damrauer,1.0,1,7,3,14.648708334886981, NY
571,702,12.579675500489556,10.126631103850338,"1,859",design,45,6.0,0.0,Pakt,1.0,1,7,3,14.648708334886981, NY
572,703,11.413038829147643,10.126631103850338,336,film_Video,24,17.0,0.0,Thornwillow,1.0,1,7,0,10.250263664295613, NY
573,704,12.188178495931343,11.512925464970229,521,technology,30,10.0,0.0,pi-top,1.0,1,7,1,15.837971611150978, UK
574,705,9.287116210778231,9.615805480084347,165,comics,34,15.0,0.0,PBS SoCal,1.0,0,6,3,15.194750847520005, CA
576,708,9.375770061099919,8.85366542803745,109,art,29,10.0,0.0,Addie Wagenknecht,1.0,1,7,1,15.9166075437284, NY
578,710,9.486455808056498,3.7376696182833684,"1,047",music,30,4.0,0.0,Sam Greenspan,1.0,1,7,1,15.194750847520005, CA
579,713,10.130543440670253,10.126631103850338,200,journalism,45,15.0,0.0,Harness Magazine,1.0,1,6,1,13.65311632657372, OH
580,714,10.196903156835669,10.126631103850338,398,theater,34,21.0,0.0,Josh Liveright,1.0,1,6,6,15.9166075437284, NY
581,716,8.076798071914473,8.031060180240619,35,dance,33,4.0,0.0,SLAM Theatre,,1,7,1,12.05163859222311, UK
582,717,11.60121102983759,11.512925464970229,"1,075",film_Video,31,28.0,0.0,Destination Fantastic,1.0,1,7,1,11.686189458941682, Iceland
583,718,13.326901312718398,11.512925464970229,"2,994",design,60,7.0,0.0,Moment,1.0,1,7,1,13.436372336049693, WA
584,719,11.405804066534587,10.515966830028619,431,technology,50,7.0,0.0,Creoqode,1.0,1,7,0,15.837971611150978, UK
585,720,10.874266469694353,9.392661928770137,712,crafts,35,13.0,0.0,Rumur,1.0,1,7,0,10.994873796112499, NC
586,721,8.035848696972415,8.031060180240619,76,theater,27,9.0,0.0,Eleanor Dillon-Reams,,1,7,4,13.049771178961905, UK
587,723,11.526927743899709,10.710170093472884,"2,685",games,30,16.0,0.0,Breaking Walls,1.0,1,6,1,14.28551418721001, Canada
588,725,8.430327258394575,9.942323576321327,43,film_Video,60,7.0,0.0,Jimmy Campbell - Smith,1.0,0,5,2,8.956737613177264, UK
589,726,9.343492692762053,8.856518497019858,139,crafts,30,4.0,0.0,Louis Dazy,1.0,1,6,6,14.575639054856664, France
590,727,8.317741752358815,8.308691916838898,73,art,56,5.0,0.0,Josie,1.0,1,5,4,11.178179737074716, UK
591,728,8.700181192753353,8.699514748210191,53,design,30,8.0,0.0,Joey Zeledón,1.0,1,6,1,13.340452576975746, MD
592,729,9.524713059681009,9.51044496442652,185,comics,31,16.0,0.0,Atthis Arts,1.0,1,6,1,13.425597881382114, MI
593,730,10.921341599819725,10.645424897265505,235,film_Video,42,12.0,0.0,MaryLiz Bender,1.0,1,5,3,9.201501423308978, FL
594,731,8.371010681238156,8.371010681238156,73,publishing,30,7.0,0.0,IMA Institut für Medienarchäologie,1.0,0,6,1,9.99474407280768, Austria
595,733,12.176484347353629,9.887358170606245,"2,947",games,31,6.0,0.0,Themeborne,1.0,1,5,4,12.68075282265981, UK
596,734,9.911356510914823,9.740968623038354,452,film_Video,30,19.0,0.0,Ninepin Press,1.0,1,6,2,9.717820405491077, MA
597,735,14.510499651161167,11.719939634354555,"7,212",technology,30,16.0,0.0,ROLI,1.0,1,6,1,15.837971611150978, UK
598,736,11.998063981800234,9.210340371976184,"3,527",games,31,8.0,0.0,Alex Hague,1.0,1,6,1,14.648708334886981, NY
599,737,11.701983232466644,11.582432870728383,160,theater,30,13.0,0.0,Ana Jaramillo,1.0,1,6,0,16.324637595040688, Mexico
600,738,9.042224633048418,8.501063809486354,254,art,28,10.0,0.0,Art Deco Magpie Publishing,1.0,1,6,6,13.297636821167181, UK
601,739,9.415051892297834,9.1942109900463,174,music,30,10.0,1.0,Carol Isaacs (The Surreal McCoy),1.0,1,6,0,15.837971611150978, UK
602,740,10.782284079982702,10.757902880692196,216,film_Video,30,11.0,0.0,Cheryl Jacobs Crim,1.0,1,6,6,13.30755248550697, DC
603,741,9.513920399580737,9.862665558015873,422,film_Video,30,14.0,0.0,Tara Avery,1.0,0,6,0,10.439425213116973, CA
604,742,8.309135277520069,8.083328608786376,71,photography,35,10.0,0.0,Prune Phi,1.0,1,5,3,14.174072719986182, Viet Nam
605,744,10.562741802072889,9.615805480084347,"1,545",music,30,21.0,0.0,Dr. Joel Pierson,1.0,1,6,0,15.9166075437284, NY
606,746,7.918115421224484,7.807916628926408,53,journalism,21,8.0,0.0,Tom Critchley,1.0,1,6,6,11.276037895863759, Jordan
607,747,12.16025695322993,0.20701416938432612,"2,715",film_Video,24,15.0,0.0,Featuristic Films,1.0,1,6,1,15.837971611150978, UK
608,751,8.137501087674767,8.083328608786376,55,art,31,9.0,0.0,Aude Carleton,1.0,1,6,0,11.40750939221358, Martinique
609,753,13.37467419801038,11.225243392518447,"3,899",design,43,14.0,0.0,GrowlerWerks,1.0,1,6,2,13.357133477695209, OR
610,754,8.119339046309408,8.083328608786376,83,art,31,8.0,0.0,Adrien Vargoz,1.0,1,6,0,8.1797604936999, Norway
611,755,10.19906338710701,10.126631103850338,354,film_Video,60,8.0,0.0,Mfaber,1.0,1,4,1,15.194750847520005, CA
612,756,8.996674267445863,8.906528917594517,285,publishing,21,9.0,0.0,404 Ink,1.0,1,6,3,13.049771178961905, UK
613,758,8.241755845380894,8.083328608786376,58,journalism,31,10.0,0.0,Nina Medioni,1.0,1,6,0,12.978243553240834, Israel
615,761,11.613124402573535,11.288781413322436,525,design,30,10.0,0.0,Markus Osterwalder,1.0,1,6,1,9.6445872815098, Switzerland
616,762,10.779456164931679,10.308952660644293,481,crafts,35,8.0,0.0,Steve Locke,1.0,1,6,2,13.410750701107972, MA
617,763,11.240548076078094,11.122102633598933,822,art,30,11.0,0.0,Lucinda Rogers,1.0,1,6,2,15.837971611150978, UK
618,765,11.159018116275657,11.06663836234181,803,film_Video,35,12.0,0.0,'By Hand' Project,1.0,1,5,4,10.765089759059482, CA
619,767,7.537430036586509,8.517193191416238,55,fashion,30,14.0,0.0,Leeyiyang Lyan,1.0,0,6,3,16.92079089713741, China
620,768,10.33241612790104,10.291448689412816,50,theater,36,8.0,0.0,Ana M Casas,1.0,1,5,4,13.942594208503612, Mexico
621,769,10.959627179526683,10.819778284410283,450,art,32,9.0,0.0,The Lab,1.0,1,6,0,14.151849928616338, CA
622,771,11.364263030468326,10.46310334047155,932,film_Video,34,35.0,0.0,Marc Zicree,1.0,1,5,0,15.194750847520005, CA
623,772,10.856102749791825,10.848308208023129,670,food,31,17.0,0.0,Heilala Vanilla,1.0,1,6,1,11.611303660869144, NZ
624,773,9.486986774807699,11.163112637051942,146,crafts,30,21.0,0.0,René Spitz,1.0,0,6,1,13.778218783212537, Germany
625,774,10.140021056969097,9.903487552536127,681,film_Video,30,17.0,0.0,Zan Christensen,1.0,1,5,4,14.151849928616338, CA
626,777,11.16704914827372,9.210340371976184,466,crafts,30,7.0,0.0,Grouphug,1.0,1,6,0,14.648708334886981, NY
627,778,9.985528262872338,9.903487552536127,173,music,28,20.0,0.0,Bright Shiny Things,1.0,1,5,2,15.9166075437284, NY
628,779,10.100738771884387,9.615805480084347,287,film_Video,32,8.0,0.0,Molly Allis,1.0,1,5,3,15.194750847520005, CA
629,781,12.6236771059767,11.512925464970229,"1,144",design,29,21.0,0.0,mola,1.0,1,5,2,16.120222886786994, Brazil
630,782,9.446518601560848,9.392661928770137,356,comics,30,9.0,0.0,"Open Field Studio, LLC",1.0,1,5,1,11.200349426324467, MI
631,783,8.677744486390223,5.728475087246572,196,design,25,20.0,0.0,Liz,,1,5,3,13.669469241521591, UK
632,786,9.301186055275759,9.104979856318357,126,film_Video,28,9.0,0.0,Tyler Rabinowitz,1.0,1,5,0,15.9166075437284, NY
633,788,9.618668045697824,9.615805480084347,111,dance,1,8.0,0.0,Raja Feather Kelly + the feath3r theory,1.0,1,6,4,14.648708334886981, NY
634,789,11.15820575117978,10.864751650053014,327,film_Video,41,44.0,0.0,"Washington Place Productions, LLC",1.0,1,5,2,15.194750847520005, CA
635,791,14.053932552379393,10.933313644787095,"10,335",crafts,34,7.0,0.0,SmartHalo,1.0,1,5,2,14.28551418721001, Canada
636,792,10.990128469423018,10.852439066649831,"1,601",film_Video,40,24.0,0.0,Kadak Collective,1.0,1,5,2,16.35646951007637, India
637,795,13.363827674256381,10.819778284410283,"5,046",technology,30,18.0,0.0,Shortcut Labs,1.0,1,5,1,14.230937217984762, Sweden
638,796,10.163378761521221,10.110501721920453,269,food,30,28.0,0.0,Freddie Janssen,1.0,1,5,0,15.837971611150978, UK
639,798,11.361826374304982,11.225243392518447,"1,452",film_Video,31,24.0,0.0,Mikkel Mainz,1.0,1,5,1,13.958411048202212, Denmark
640,799,11.821027621111574,11.472103470449973,"1,379",fashion,32,21.0,0.0,Evelyn & Bobbie,1.0,1,5,1,13.357133477695209, OR
641,802,10.702749963884775,9.615805480084347,700,design,30,11.0,0.0,Vlad Dragusin + Candylab Toys,1.0,1,5,2,15.9166075437284, NY
642,803,9.448490755396914,9.392661928770137,268,theater,30,19.0,0.0,Mariah Behrens,1.0,1,5,2,13.436372336049693, WA
643,805,11.719492379879636,10.714417768752456,"2,621",games,31,8.0,0.0,"612 Entertainment, LLC / Sirus Ahmadi",1.0,1,5,1,15.194750847520005, CA
644,808,13.763769795056565,10.819778284410283,"1,508",crafts,30,8.0,0.0,Bruce Shapiro,1.0,1,5,1,12.926200063971773, MN
645,810,9.93928896499951,9.903487552536127,271,theater,30,9.0,0.0,Sara Farrington,1.0,1,5,2,15.9166075437284, NY
646,811,16.31229925250229,13.122363377404328,"27,168",design,58,2.0,0.0,Peak Design,1.0,1,5,1,14.151849928616338, CA
647,813,10.694283086332076,10.596634733096073,214,crafts,30,9.0,0.0,Teresa Perleberg,,1,5,3,12.009583196461245, ND
648,817,11.857838647786169,11.531139576340832,108,fashion,28,14.0,0.0,Daniel Carrillo,1.0,1,4,4,16.324637595040688, Mexico
649,818,9.845699528768733,9.210340371976184,322,publishing,30,26.0,0.0,The Asian American Literary Review,1.0,1,5,2,13.30755248550697, DC
650,820,11.268507203377164,11.225243392518447,403,film_Video,32,20.0,0.0,CULTURESPORT,1.0,1,5,3,14.648708334886981, NY
652,823,11.401580410965146,10.819778284410283,156,technology,30,7.0,0.0,Feles Bio,1.0,1,5,1,11.973093381793852, MA
653,824,8.717190933223135,11.156250521031495,39,design,32,17.0,0.0,Aalo Design,1.0,0,5,1,14.151849928616338, CA
654,825,13.058556322013782,10.126631103850338,"2,857",design,24,15.0,0.0,SUPERPLASTIC®,1.0,1,5,1,12.010148998317934, VT
655,826,10.916015307290108,9.210340371976184,"1,272",games,30,8.0,0.0,Black Seven Studios,1.0,1,4,4,14.262133604157334, AZ
656,828,12.085778960830414,12.072541252905651,"1,453",film_Video,30,20.0,0.0,"Bhaskar, Yael & Morgan",1.0,1,4,0,12.94626322746207, CA
657,830,8.59044365315583,8.582044163735853,86,music,28,9.0,0.0,Evan P Donohue,1.0,1,4,3,13.182238541977242, TN
658,832,9.418154221531074,9.417354541360508,127,dance,30,15.0,0.0,Improbable,1.0,1,4,6,15.837971611150978, UK
659,835,11.019907014854104,10.819778284410283,250,film_Video,30,23.0,0.0,Jen Rainin,1.0,1,4,0,14.151849928616338, CA
660,840,8.516198697070624,8.367532416861831,170,comics,30,11.0,0.0,Natalie Pritchard,1.0,1,4,0,13.79971953341922, UK
661,842,12.062324669467552,9.692766521220475,"2,979",games,30,16.0,0.0,Necrotic Gnome,1.0,1,4,4,15.047007280023905, Germany
662,844,10.094727554837329,9.903487552536127,158,art,31,12.0,0.0,Creative Time,1.0,1,4,1,15.9166075437284, NY
663,845,10.635585217433144,10.599081736739125,"1,241",film_Video,30,15.0,0.0,Katie West,1.0,1,4,2,13.049771178961905, UK
664,847,9.568923494184217,9.210340371976184,643,comics,31,11.0,0.0,Kirsten Thompson,1.0,1,4,6,15.9166075437284, NY
665,848,9.488653694423864,8.85366542803745,314,comics,31,10.0,0.0,Roye Okupe,1.0,1,4,1,10.642181548052044, MD
666,850,11.414264678146258,10.714417768752456,399,theater,30,51.0,0.0,Alexandre Rockwell,1.0,1,4,2,11.461189967562174, MA
667,855,11.191883073660202,10.803648902480399,"1,129",design,30,12.0,0.0,Charles Cadbury,1.0,1,4,1,15.837971611150978, UK
668,856,10.840502055950259,9.903487552536127,"1,227",publishing,30,7.0,0.0,826LA,1.0,1,4,1,15.194750847520005, CA
669,858,8.989194823324645,8.517193191416238,243,publishing,30,15.0,0.0,Brink Literacy Project,1.0,1,4,1,13.433583737933631, CO
671,861,10.420792142399828,10.308952660644293,330,theater,30,13.0,0.0,Winter Miller,1.0,1,4,2,15.9166075437284, NY
672,862,10.324887031560765,10.110501721920453,358,design,30,21.0,0.0,Mami Wata,1.0,1,4,3,11.636946779815975, Liberia
673,866,8.819517540604888,8.501063809486354,153,publishing,29,6.0,0.0,Plantain Papers,1.0,1,4,0,15.837971611150978, UK
674,867,10.862991018833101,10.819778284410283,513,technology,30,18.0,0.0,Factr,1.0,1,4,2,14.648708334886981, NY
675,868,11.181444749951636,9.210340371976184,"1,585",food,30,10.0,0.0,Nick Hamburger,1.0,1,4,3,14.816343153421665, IL
677,871,11.105678770779633,11.002099841204238,683,film_Video,30,19.0,0.0,Hal Hartley,1.0,1,4,0,15.9166075437284, NY
678,872,8.171024293764946,7.757906208351747,21,design,45,9.0,0.0,Vanguard Industries Inc.,1.0,1,3,0,15.936165897399452, Japan
679,873,8.974364841846596,9.392661928770137,66,art,33,10.0,0.0,TILA Studios,1.0,0,4,1,13.047376865601485, GA
680,877,8.913504531330943,8.906528917594517,140,art,30,5.0,0.0,Ledbury Poetry Festival,1.0,1,3,2,7.873217054862741, UK
681,880,10.851083134238696,10.596634733096073,431,film_Video,30,33.0,0.0,Diane Moy Quon,1.0,1,3,4,14.816343153421665, IL
682,883,10.612557293639888,8.34283980427146,"1,430",games,29,2.0,0.0,Marshall Britt,1.0,1,4,0,14.200667511018631, TX
683,885,10.844724523371353,10.819778284410283,210,publishing,31,13.0,0.0,Thornwillow,1.0,1,4,1,10.250263664295613, NY
684,887,10.675931008412125,10.46310334047155,452,art,40,11.0,0.0,Collecteurs,1.0,1,4,1,15.9166075437284, NY
685,888,9.715469803197292,9.210340371976184,157,technology,30,8.0,0.0,CLIP,1.0,1,3,2,14.648708334886981, NY
686,889,12.412068735872248,10.203592144986466,581,design,32,13.0,0.0,TIPTOE Design,1.0,1,3,6,14.575639054856664, France
687,890,8.872206756028303,8.699514748210191,56,technology,20,6.0,0.0,Sean Donovan,1.0,1,3,2,14.648708334886981, NY
688,892,9.681332887113054,9.640498092674719,178,fashion,30,17.0,0.0,Leo LeBeau,1.0,1,4,1,15.837971611150978, UK
689,893,8.807471889715284,8.517193191416238,82,art,30,11.0,0.0,Art and Resistance Through Education,1.0,1,4,0,14.648708334886981, NY
690,898,10.851276951469654,10.596634733096073,524,technology,30,11.0,0.0,Armando Somoza,1.0,1,3,4,15.9166075437284, NY
691,900,9.33799452742783,9.287301413112312,93,art,30,13.0,0.0,African Art Dialogues,1.0,1,3,0,11.853667145957875, Italy
692,902,9.433818267391175,8.618846845142738,256,art,29,10.0,0.0,People of Print,1.0,1,4,1,15.837971611150978, UK
693,910,14.175393052209028,14.066269276311457,"18,420",games,31,8.0,0.0,"Cyan Worlds, Inc.",1.0,1,3,1,12.270323625331697, WA
694,912,11.928914996534605,12.072541252905651,"1,636",music,30,19.0,0.0,Pyramid House,1.0,0,4,0,15.194750847520005, CA
695,914,9.12543586488574,8.987196820661973,167,comics,32,16.0,0.0,Jonathan La Mantia,1.0,1,3,1,14.816343153421665, IL
696,919,9.861831877267296,9.350102314351341,220,crafts,17,10.0,0.0,Gnomic Book,1.0,1,3,1,14.648708334886981, NY
697,921,9.102780773440411,7.807916628926408,192,comics,29,16.0,0.0,Book Island,1.0,1,3,1,13.333078008699502, UK
699,923,11.09125475251513,10.819778284410283,216,technology,30,6.0,0.0,"Load&Road, LLC.",1.0,1,3,1,13.410750701107972, MA
700,925,5.802118375377063,7.88758403166028,8,art,25,8.0,0.0,Mariana Azcárate,1.0,0,3,0,10.716127417580799, Mexico
701,926,12.504709494705477,11.225243392518447,"1,687",technology,60,7.0,0.0,Hanson Robotics Limited,1.0,1,1,2,15.194750847520005, CA
702,929,9.666561963748133,9.615805480084347,244,music,31,13.0,0.0,Sara Lucas,1.0,1,3,0,15.611212080414015, Brazil
703,934,7.845212413670105,7.807916628926408,80,theater,33,7.0,0.0,Sarah Blanc,1.0,1,2,0,15.837971611150978, UK
704,937,12.556933721644297,11.225243392518447,"4,981",fashion,30,24.0,0.0,Matthew A. Cherry,,1,7,0,15.194750847520005, CA
705,939,8.3243363327069,8.294049640102028,99,theater,20,7.0,0.0,Ni'Ja Whitson,1.0,1,3,2,15.9166075437284, NY
706,942,13.006559631660686,11.512925464970229,"1,154",design,30,28.0,0.0,Lomography,1.0,1,2,2,15.9166075437284, NY
707,943,12.501523425775652,10.803648902480399,"1,128",music,35,5.0,0.0,Vochlea Music,1.0,1,3,1,15.837971611150978, UK
708,944,10.760346700640856,10.596609732783568,"1,420",comics,27,7.0,0.0,Kwanza Osajyefo,1.0,1,3,0,15.9166075437284, NY
709,945,10.107366731668879,9.615805480084347,168,journalism,30,8.0,0.0,Bitterroot,1.0,1,3,3,12.245043327428245, WA
710,946,11.02286605638804,10.308952660644293,516,film_Video,34,34.0,0.0,Alison Tavel,1.0,1,2,1,15.194750847520005, CA
711,947,9.056256356593467,10.126631103850338,52,film_Video,30,10.0,0.0,Sam Osborn,1.0,0,3,2,15.9166075437284, NY
712,948,10.712103982902187,10.680516217076775,617,food,41,13.0,0.0,Proud Pour,1.0,1,3,1,13.410750701107972, MA
713,950,10.977721762476238,10.915088464214607,425,art,31,6.0,0.0,HAYMAKER,1.0,1,2,1,15.9166075437284, NY
714,952,9.743025330095067,8.699514748210191,281,journalism,30,11.0,0.0,Winnie Au,1.0,1,2,1,14.648708334886981, NY
715,954,14.755306075290166,9.210340371976184,"53,643",games,30,4.0,0.0,Exploding Kittens,1.0,1,2,1,15.194750847520005, CA
716,957,8.918248591035702,8.867850063029406,203,comics,33,10.0,0.0,Sania Omar,,1,2,4,15.194750847520005, CA
717,958,11.153742235053578,11.02679245379461,748,design,30,7.0,0.0,Unit Editions,1.0,1,3,4,15.837971611150978, UK
718,959,9.768812649209526,9.615805480084347,92,technology,31,9.0,0.0,Edgar Arceneaux,1.0,1,2,1,15.194750847520005, CA
719,960,8.862959249234457,8.841014310483892,108,art,30,14.0,0.0,Julien Pacaud,1.0,1,2,0,14.575639054856664, France
720,961,7.370860166536716,8.517193191416238,43,crafts,30,4.0,0.0,Mandi Johnson,1.0,0,2,3,16.219877932364952, OH
722,966,10.005307859041949,9.822819649468673,241,fashion,25,16.0,0.0,Louisa Connolly-Burnham,1.0,1,2,2,15.837971611150978, UK
723,967,9.037176752966994,8.987196820661973,82,music,60,9.0,0.0,Tony Savarino,,1,1,0,13.410750701107972, MA
724,970,6.19644412779452,7.51425465281641,23,art,44,1.0,0.0,CollectiveEncounters,1.0,0,1,0,13.669469241521591, UK
726,974,11.983628849330238,9.903487552536127,"1,706",food,45,11.0,0.0,Kettle & Fire,1.0,1,2,1,13.744905673596723, TX
727,975,10.398641006907823,11.002099841204238,305,design,45,10.0,0.0,Coldharbour Tiles,1.0,0,2,0,13.52148977157899, Rwanda
728,979,11.217023031071593,11.362102575235644,514,design,43,14.0,0.0,Designers & Books,1.0,0,2,0,15.9166075437284, NY
729,980,12.394931123357752,11.156250521031495,"1,033",design,21,13.0,0.0,Kammok,1.0,1,2,1,13.744905673596723, TX
731,983,13.821743095290575,11.918390573078392,"3,453",technology,30,20.0,0.0,Sphero,1.0,1,2,1,11.583840487939831, CO
732,988,8.165215768258559,8.083328608786376,56,art,30,8.0,0.0,MetaDada,1.0,1,2,4,15.047007280023905, Germany
733,989,8.238008249218403,7.824046010856292,155,comics,30,17.0,0.0,133art Publishing,1.0,1,2,2,15.194750847520005, CA
734,991,9.646722582719068,9.615805480084347,330,publishing,29,10.0,0.0,Porter Fox,1.0,1,1,1,14.648708334886981, NY
735,999,10.436025743207768,9.825526011066415,"1,063",journalism,30,13.0,0.0,Neil Clarke,1.0,1,1,2,12.484802264083928, NJ
736,1001,11.018328589797092,10.864320773300143,"2,824",games,30,12.0,0.0,Canari Games,1.0,1,1,1,14.28551418721001, Canada
737,1002,11.79087533277759,9.210340371976184,417,publishing,32,17.0,0.0,Thornwillow,1.0,1,2,0,10.250263664295613, NY
738,1003,11.932944154085904,11.918390573078392,345,theater,30,12.0,0.0,REEFA,1.0,1,1,1,12.996806957126934, FL
739,1004,10.767192365469784,10.670117509855876,312,food,37,10.0,0.0,Jeremy Pang,1.0,1,2,1,15.837971611150978, UK
740,1006,9.719264188452577,8.794824928014517,392,music,30,8.0,0.0,Lewis Wallace,1.0,1,1,1,12.459303015000792, NC
741,1009,11.79704700624723,11.589886506106357,476,publishing,33,7.0,0.0,Kronecker Wallis,1.0,1,1,5,14.29888502284722, Spain
742,1013,7.335614425021494,6.259151161172864,42,art,60,7.0,0.0,Erin green,1.0,1,1,3,13.304684934198283, Canada
743,1016,9.3487971151232,8.006367567650246,150,journalism,30,5.0,0.0,Kettle Ridge Farm,1.0,1,1,2,12.253919507787362, NY
744,1018,10.266740811834984,10.126631103850338,368,design,31,13.0,0.0,Craighton Berman,1.0,1,1,1,14.816343153421665, IL
745,1019,8.700347734514084,8.294049640102028,85,dance,14,8.0,0.0,Ella Mahler,1.0,1,1,1,13.436372336049693, WA
746,1022,12.920113943278736,10.842939969631576,744,photography,60,15.0,0.0,OBSBOT,1.0,1,1,1,15.7632387676311, Hong Kong
747,1026,9.215526898663482,8.779557455883728,113,fashion,32,7.0,0.0,Rebecca Hearn,1.0,1,1,0,15.194750847520005, CA
748,1027,8.955513668586288,8.91841062424483,180,games,40,14.0,0.0,PlayWay,1.0,1,1,0,11.756326442104873, Poland
749,1030,8.992930352509733,10.795383127575562,138,games,40,9.0,0.0,The Midnight Team,1.0,0,1,4,14.575639054856664, France
750,1031,9.381312770013244,5.910796644040527,250,design,30,11.0,0.0,Nia Gould,1.0,1,1,5,11.676429409181685, UK
751,1032,11.211617648936635,9.798127036878302,"1,309",food,30,12.0,0.0,Lisa Carson,1.0,1,1,1,15.9166075437284, NY
752,1035,8.33382789011044,8.213381737034572,98,journalism,28,4.0,0.0,Victoria Anderson,1.0,1,1,0,15.837971611150978, UK
754,1040,9.843790625278,9.798127036878302,221,film_Video,30,16.0,0.0,Ryan Polly,1.0,1,1,1,14.07794558915851, TX
755,1041,10.112757225140074,9.983121361237258,659,comics,31,15.0,0.0,Hope Nicholson,1.0,1,1,1,13.356744351705224, Canada
756,1044,9.726452000171411,9.615805480084347,168,technology,31,9.0,0.0,Little Lord,1.0,1,1,2,15.9166075437284, NY
757,1046,10.560541125447834,9.210340371976184,"1,083",design,30,5.0,0.0,Shing Yin Khor,1.0,1,1,3,15.194750847520005, CA
758,1051,8.310339733117193,7.404282769886961,130,technology,30,15.0,0.0,Patrick Thomas Mitchell,1.0,1,1,4,9.184304357425342, Canada
759,1052,7.731053144007127,7.313220387090301,35,fashion,60,14.0,0.0,Kali Kahn,1.0,1,12,2,12.996806957126934, FL
760,1054,8.422662707570003,8.006367567650246,129,theater,21,8.0,0.0,Kristine Haruna Lee & Aya Ogawa,1.0,1,1,3,14.648708334886981, NY
761,1055,12.979111457736863,12.976180867226248,"1,689",crafts,41,7.0,0.0,PrintDreams,1.0,1,12,4,14.230937217984762, Sweden
762,1056,6.81783057145415,8.934586870389676,28,art,46,16.0,0.0,Friends of Palazzo Martinengo,1.0,0,12,2,12.127170120934132, Italy
763,1057,10.72753140789784,8.517193191416238,568,publishing,37,15.0,0.0,Michael Demo,1.0,1,12,2,10.334880282654208, NY
764,1058,7.94463045224223,6.421622267806518,57,art,30,6.0,0.0,Simon Bonner,1.0,1,1,1,11.221877735042145, UK
765,1059,11.918997055797231,10.819778284410283,888,technology,60,9.0,0.0,Robolink,1.0,1,1,1,14.148353359002385, CA
766,1060,11.920302078320963,9.903487552536127,"4,321",music,28,9.0,0.0,Jonathan Coulton,1.0,1,1,2,14.648708334886981, NY
767,1061,10.214528384977658,10.196138509608492,35,crafts,44,12.0,0.0,Elizabeth Moreno Damm,1.0,1,12,5,13.608239125490638, Mexico
770,1065,9.860192711382645,9.750336373041954,297,games,37,2.0,0.0,itten,1.0,1,12,3,15.936165897399452, Japan
772,1070,9.259130536145614,9.210340371976184,218,music,23,11.0,0.0,Encyclopedia Botanica,1.0,1,1,3,13.436372336049693, WA
773,1071,9.915034133456484,8.618846845142738,280,design,30,3.0,0.0,Seb Burnett,1.0,1,1,2,13.333078008699502, UK
775,1073,10.99874976930777,10.837992395780887,126,film_Video,60,9.0,0.0,Andrea Santiago,1.0,1,12,2,14.217758496527752, Mexico
776,1074,8.554367581508664,8.031060180240619,169,theater,60,10.0,0.0,Lucy Saunders,1.0,1,12,3,12.39999333816748, UK
777,1075,5.805134968916488,7.313220387090301,19,journalism,30,6.0,0.0,Matthew Slusser,1.0,0,1,2,14.262133604157334, AZ
778,1076,8.998196106120341,8.906528917594517,341,technology,30,23.0,0.0,Media Diversified,1.0,1,12,2,15.837971611150978, UK
779,1077,8.091732089317759,8.002119892370674,56,journalism,30,9.0,0.0,Phantom Signal,1.0,1,12,5,13.304684934198283, Canada
781,1079,9.1874810778301,8.922658299524402,162,theater,36,11.0,0.0,Supply Unica,1.0,1,12,2,14.648708334886981, NY
782,1081,11.137868313033447,11.127262984158243,494,food,50,20.0,0.0,Megan Greenwood,1.0,1,11,1,14.262133604157334, AZ
783,1082,10.768087437324919,10.62230247984465,336,music,42,4.0,0.0,PhonicBloom Limited,1.0,1,11,3,13.839253451421483, Ireland
784,1092,10.294718500616467,10.126631103850338,469,journalism,44,10.0,0.0,Popula,1.0,1,12,1,15.194750847520005, CA
785,1093,8.591558273371545,9.392661928770137,153,journalism,30,7.0,0.0,Elea Chang,1.0,0,12,0,13.357133477695209, OR
786,1096,10.067269559016221,10.021270588192511,331,food,25,14.0,0.0,Klint & Bro,1.0,1,12,2,13.958411048202212, Denmark
789,1100,10.077272778307796,10.900749791385406,295,film_Video,30,21.0,0.0,Fred China,1.0,0,12,4,14.575639054856664, France
790,1102,10.55045989597546,10.545341438708522,283,film_Video,27,34.0,0.0,Rooftop Films,1.0,1,12,1,14.648708334886981, NY
791,1103,8.89604050162011,10.126631103850338,54,film_Video,45,14.0,0.0,Shawn Cauthen,,0,11,2,13.744905673596723, TX
792,1104,10.135709767783542,10.126631103850338,169,film_Video,30,16.0,0.0,Matt Gross,1.0,1,12,1,14.648708334886981, NY
793,1108,12.743182667981113,10.673595774232203,"2,069",food,60,15.0,0.0,Crowd Cookware,1.0,1,11,0,12.20413577099914, Netherlands
794,1109,9.308917935337176,8.804775258867686,314,music,31,23.0,0.0,Kim Kelly,1.0,1,12,4,14.648708334886981, NY
795,1110,8.58110651715989,8.517193191416238,100,film_Video,5,4.0,0.0,For Truth Media Group,1.0,1,12,1,11.211996032432818, FL
796,1111,11.023747171218401,11.002099841204238,469,film_Video,30,18.0,0.0,clyde petersen,1.0,1,11,3,13.436372336049693, WA
797,1113,10.548470039529116,10.532610746229704,59,music,60,11.0,0.0,Muuk,1.0,1,12,1,16.324637595040688, Mexico
798,1114,8.40737832540903,9.615805480084347,66,crafts,30,6.0,0.0,Fall Line Press,1.0,0,12,1,13.047376865601485, GA
799,1115,9.054037377580782,9.011889433252344,88,art,22,11.0,0.0,Fully Booked,1.0,1,12,4,14.899546120497027, United Arab Emirates
800,1116,10.603957853475855,9.210340371976184,689,food,51,12.0,0.0,Chirps,1.0,1,12,1,14.151849928616338, CA
801,1118,9.30328411761892,8.699514748210191,425,comics,30,22.0,0.0,Greg Anderson-Elysee,1.0,1,11,2,14.648708334886981, NY
802,1122,12.770050335097281,10.819778284410283,262,design,34,6.0,0.0,Kyle Hart,1.0,1,11,2,13.436372336049693, WA
803,1123,9.144931071820585,8.99961934066053,96,design,30,11.0,0.0,lieke van dijk,1.0,1,11,6,15.9166075437284, Netherlands
804,1126,11.409263505947983,11.302204433654575,974,comics,30,10.0,0.0,S. Bear Bergman,1.0,1,12,5,14.77102200299171, Canada
805,1127,9.63834944451924,9.210340371976184,258,comics,30,15.0,0.0,IDW Publishing,1.0,1,12,1,13.357133477695209, OR
806,1130,7.596894438144544,9.210340371976184,32,film_Video,30,6.0,0.0,La mujer de los 7 nombres,1.0,0,11,3,15.85339624216229, Colombia
807,1138,11.180859506431831,11.48854055503454,510,design,53,15.0,0.0,L I V I N farms,1.0,0,11,0,14.151849928616338, CA
808,1140,10.70866793677185,9.210340371976184,685,publishing,40,6.0,0.0,Mouse Books,1.0,1,12,2,14.816343153421665, IL
809,1142,8.177515823846075,9.054972284742485,83,art,42,22.0,0.0,Tezeta Press,1.0,0,10,2,9.987093136390925, UK
810,1146,11.042275675007614,10.710170093472884,"1,385",film_Video,60,16.0,0.0,Alternate History Comics Inc.,1.0,1,12,5,14.77102200299171, Canada
811,1148,9.685269351744411,9.615805480084347,254,food,60,13.0,0.0,Victoria Bell,1.0,1,10,3,11.583840487939831, CO
812,1149,7.016609683894219,8.517193191416238,14,art,30,11.0,0.0,NARS Foundation,1.0,0,11,1,14.648708334886981, NY
813,1151,10.463817371205208,9.903487552536127,277,film_Video,35,25.0,0.0,A Woman's Work,1.0,1,11,5,13.069257915717223, CA
814,1155,13.246238538324288,9.692766521220475,"6,745",design,30,13.0,0.0,Playeress,1.0,1,11,2,14.347396253405902, Poland
815,1156,11.94131986933827,11.805576422042591,182,art,30,55.0,0.0,Onda MX,1.0,1,11,1,16.324637595040688, Mexico
816,1160,9.30946146284399,7.600902459542082,187,food,20,7.0,0.0,Amy Nazer,1.0,1,11,0,14.648708334886981, NY
817,1163,10.279970025719809,10.126631103850338,461,art,25,7.0,0.0,Copper Canyon Press,1.0,1,11,1,13.436372336049693, WA
818,1164,13.8510697682977,11.512925464970229,"1,828",photography,45,11.0,0.0,Zero Zero Robotics,1.0,1,11,2,11.011588019076546, CA
819,1165,10.830856691617283,10.819778284410283,425,design,30,12.0,0.0,Daryl Oh,1.0,1,11,1,14.648708334886981, NY
820,1166,11.097535013196714,11.002099841204238,133,art,35,14.0,0.0,David Risley,1.0,1,11,1,15.837971611150978, Sweden
821,1168,9.96861964747391,9.798127036878302,209,film_Video,30,16.0,0.0,Brittany Clemons,1.0,1,11,3,15.9166075437284, NY
822,1173,11.176384185965645,10.333645273234664,139,design,30,8.0,0.0,Matt Gilbert,1.0,1,11,1,15.837971611150978, UK
823,1175,13.662053970532481,10.819778284410283,"3,150",technology,60,12.0,0.0,"Wynd Technologies, Inc.",1.0,1,11,2,11.35378904363031, CA
824,1177,13.853758276758185,11.483359981706366,"6,762",games,23,2.0,0.0,Triton Noir,1.0,1,11,1,14.28551418721001, Canada
826,1180,9.310095205113175,8.294049640102028,364,comics,45,21.0,0.0,Omar Morales,1.0,1,11,5,12.94626322746207, CA
827,1182,11.582274273104215,11.461632170582678,687,comics,30,15.0,0.0,Micheline Pitt,1.0,1,10,2,15.194750847520005, CA
828,1184,8.426340263290417,6.891625897052253,308,comics,41,5.0,0.0,Zhou Fang,1.0,1,10,4,13.049771178961905, UK
829,1185,10.886576749948699,10.819778284410283,653,film_Video,34,27.0,0.0,WG Film,1.0,1,10,3,12.617208312254673, Sweden
830,1189,8.092851027538384,10.677615462228353,39,film_Video,30,10.0,0.0,Wavelength Foundation,1.0,0,11,3,7.630461261783627, Svalbard and Jan Mayen
832,1194,8.750207862525711,8.517193191416238,386,games,30,8.0,0.0,Brian Wilson,1.0,1,11,2,11.507661635295129, PA
833,1197,11.567323873497212,10.450452222917992,"3,471",games,33,14.0,0.0,Jonas Manke,1.0,1,11,3,12.712607075278923, Germany
834,1198,12.08792516847309,11.082142548877775,"4,828",games,37,13.0,0.0,Aloft Studio,1.0,1,10,1,13.023084332062371, VA
835,1201,10.505314084518345,9.903487552536127,450,comics,32,11.0,0.0,Natalie Rebot,1.0,1,11,0,15.9166075437284, NY
836,1204,12.323931233887935,9.615805480084347,"4,018",design,50,11.0,0.0,Matthew and Mark McLachlan,1.0,1,10,4,13.433583737933631, CO
837,1207,11.541872429591866,9.903487552536127,612,design,35,14.0,0.0,ONDU,,1,10,2,7.965545573129992, Slovenia
838,1209,10.877061990400842,9.417354541360508,"1,532",design,30,9.0,0.0,Superflux,1.0,1,10,1,15.837971611150978, UK
839,1212,11.206862154569642,10.714417768752456,373,theater,30,21.0,0.0,Justin Chon,1.0,1,10,3,15.194750847520005, CA
840,1215,10.258185543590638,10.126631103850338,619,art,21,10.0,0.0,Redindhi,1.0,1,10,1,11.703314392841941, CA
841,1218,11.019033979231052,9.903487552536127,656,technology,30,9.0,0.0,MovieMask,1.0,1,10,1,13.270783382522602, Norway
842,1222,13.684790068191013,10.819778284410283,214,design,30,7.0,0.0,UFactory,1.0,1,10,2,10.015699543143056, DE
843,1223,13.293543093779439,10.46310334047155,"2,305",technology,30,5.0,0.0,Simone Giertz,1.0,1,10,1,14.151849928616338, CA
844,1225,14.169377061924711,11.289781913656018,"5,417",food,31,19.0,0.0,Silo,1.0,1,10,1,14.648708334886981, NY
845,1227,10.512709498158312,9.210340371976184,190,design,40,12.0,0.0,TIKA lab,1.0,1,10,2,11.094466298566607, CA
846,1236,9.689721829117627,9.63625038473639,393,comics,43,9.0,0.0,Joey Donaldson,1.0,1,9,3,14.77102200299171, Canada
847,1238,9.889919623056516,9.878169744551839,180,film_Video,30,15.0,0.0,Bruce Nachbar,1.0,1,10,1,15.936165897399452, Japan
848,1241,10.86501930065587,10.596634733096073,361,film_Video,31,34.0,0.0,Petter Ringbom,1.0,1,10,0,14.816343153421665, IL
849,1244,8.913146539151807,9.355738574665539,234,film_Video,30,24.0,0.0,Kelly Brack,1.0,0,10,1,13.304684934198283, Canada
850,1245,13.150841984794939,10.126631103850338,"6,993",design,31,10.0,0.0,Prepd,1.0,1,10,1,15.194750847520005, CA
851,1246,13.404549952232205,11.432257561902773,"2,530",journalism,31,18.0,0.0,Tortoise,1.0,1,10,1,15.837971611150978, UK
852,1247,11.650040428926104,11.512925464970229,278,technology,50,11.0,0.0,"mui Lab,Inc.",1.0,1,10,4,14.193700387937355, Japan
853,1250,11.200007632450186,10.915088464214607,331,film_Video,31,21.0,0.0,Zoe Potkin,1.0,1,10,0,15.9166075437284, NY
854,1254,13.876490881217334,10.126631103850338,"12,192",design,26,19.0,0.0,Misen,1.0,1,10,1,14.648708334886981, NY
855,1258,10.779509886627073,9.417354541360508,128,design,30,11.0,0.0,Herston,1.0,1,10,1,15.837971611150978, UK
856,1260,9.909867159500168,9.903487552536127,205,film_Video,30,9.0,0.0,OR Books,1.0,1,9,4,15.9166075437284, NY
858,1266,8.984944285608679,10.308952660644293,92,music,35,5.0,0.0,Constanze & Alisa,1.0,0,10,1,15.9166075437284, NY
859,1268,9.995210213975856,9.980448593672257,318,film_Video,40,14.0,0.0,André Wallström,1.0,1,9,0,14.230937217984762, Sweden
860,1269,10.19121962373795,10.126631103850338,345,film_Video,29,9.0,0.0,Hillary Bachelder,1.0,1,10,3,14.816343153421665, IL
861,1272,9.719865150009126,9.615805480084347,314,music,36,17.0,0.0,Hospital Productions,1.0,1,10,2,16.324637595040688, Mexico
862,1273,11.277759938428693,11.002099841204238,918,comics,28,22.0,0.0,Beehive Books,1.0,1,9,0,14.264955549209741, PA
863,1277,9.168476167877484,10.126631103850338,248,games,27,15.0,0.0,Moebial Studios,1.0,0,10,2,14.648708334886981, NY
864,1279,11.491783541216801,10.571316925111784,"2,066",comics,30,15.0,0.0,Greg Pak,1.0,1,9,0,15.9166075437284, NY
865,1280,12.29688180181802,11.512925464970229,"4,488",comics,29,17.0,0.0,Timbuktu Labs,1.0,1,9,1,15.194750847520005, CA
866,1285,12.304767998256736,10.819778284410283,"2,036",design,44,15.0,0.0,PolarLab,1.0,1,9,1,14.234030743166212, Taiwan
867,1289,11.848225586361263,10.819778284410283,"1,404",design,36,12.0,0.0,Emily Brooke,1.0,1,10,0,15.837971611150978, UK
868,1291,10.951017050974922,10.819778284410283,453,journalism,30,12.0,0.0,Paul Salopek,1.0,1,9,1,15.85339624216229, NM
869,1292,13.175930684264532,10.596634733096073,"6,599",fashion,32,21.0,0.0,BioLite,1.0,1,9,1,14.648708334886981, NY
870,1294,9.990811380707804,9.903487552536127,235,film_Video,31,13.0,0.0,Worklight Pictures,1.0,1,9,4,12.87291948429548, LA
871,1296,11.855947632455173,10.126631103850338,"2,030",design,30,11.0,0.0,Ivan Cash,1.0,1,10,0,12.94626322746207, CA
872,1298,10.740085515501034,10.54006438160768,"1,456",games,30,16.0,0.0,Spooky Doorway,1.0,1,9,2,11.166002812474174, Ireland
873,1300,9.365119425763737,7.824046010856292,440,food,27,8.0,0.0,Yappah Foods,1.0,1,9,1,14.816343153421665, IL
874,1302,12.918999629596426,9.169518377455928,"5,842",games,21,6.0,0.0,Free League,1.0,1,9,1,14.230937217984762, Sweden
876,1307,10.632822003857786,10.308952660644293,468,film_Video,29,12.0,0.0,Lynn Chen,1.0,1,9,2,15.194750847520005, CA
877,1308,11.091587192105758,9.254835611862735,856,crafts,31,10.0,0.0,CYCL,1.0,1,9,1,15.837971611150978, UK
878,1312,8.018256612042661,7.7408382998395995,68,art,30,11.0,0.0,Emilie Rigaud — A is for fonts,1.0,1,9,1,14.575639054856664, France
879,1314,7.706612913964197,8.656433258507741,105,art,30,14.0,0.0,Benjamin Dumond & Lucas Descroix,1.0,0,9,0,14.575639054856664, France
880,1315,10.404342837248787,10.399158928530442,393,film_Video,28,20.0,0.0,Nowhere Films,1.0,1,9,1,15.047007280023905, Germany
881,1317,12.663924616528496,10.596634733096073,"2,722",art,21,22.0,0.0,Amplifier,1.0,1,9,1,13.436372336049693, WA
882,1319,8.191740021277457,10.544077482357398,27,music,30,7.0,0.0,Joya Erlebach,1.0,0,9,1,14.368888071119223, Germany
883,1320,11.321728639236905,11.156250521031495,562,technology,30,7.0,0.0,Fenik,1.0,1,9,2,13.410750701107972, MA
884,1321,9.873512763784191,9.417354541360508,214,film_Video,23,7.0,0.0,Walks of Life Films,1.0,1,9,1,15.936165897399452, Japan
885,1323,11.735596904857374,9.210340371976184,402,publishing,30,16.0,0.0,Thornwillow,1.0,1,9,0,10.250263664295613, NY
886,1328,14.354171052253118,12.15819456528571,"9,838",games,22,3.0,0.0,Steamforged Games Ltd,1.0,1,9,3,12.887943992145741, UK
887,1329,10.501472042414694,11.512925464970229,220,design,58,6.0,0.0,YOLK,1.0,0,8,0,14.816343153421665, IL
888,1331,12.00310150607458,9.692766521220475,"4,109",games,30,8.0,0.0,Morphcat Games,1.0,1,9,2,15.047007280023905, Germany
889,1333,12.022954771759998,11.695247021764184,"1,800",design,31,11.0,0.0,Eduardo Umaña,1.0,1,9,1,12.996806957126934, FL
890,1337,9.701493759944652,9.210340371976184,288,design,30,9.0,0.0,Nikolas Bentel Designs LLC,1.0,1,9,2,15.9166075437284, NY
891,1339,8.266164436612492,9.61059191303146,85,games,35,9.0,0.0,Moshing Cat Studio,1.0,0,9,3,14.28551418721001, Canada
892,1341,9.124782483614537,9.104979856318357,114,art,29,12.0,0.0,Angie Wilson,1.0,1,9,3,12.94626322746207, CA
893,1343,10.552081829046976,10.308952660644293,206,design,45,10.0,0.0,Ethnotek Bags,1.0,1,8,2,12.926200063971773, MN
894,1346,10.413132479553957,10.308952660644293,358,film_Video,28,21.0,0.0,Christi Cooper,1.0,1,8,1,12.00432359107012, OR
895,1348,9.387056246249303,8.594154232552366,505,games,35,11.0,0.0,Sunnyside Games,1.0,1,8,1,11.843027454583599, Switzerland
896,1351,11.188371917742543,10.596634733096073,290,design,30,7.0,0.0,Bolt Projects,1.0,1,9,2,9.366831168735615, CA
897,1356,8.677269139262872,8.517193191416238,239,games,30,12.0,0.0,Taco Pizza Cats,1.0,1,8,1,13.357133477695209, OR
898,1361,9.565353936588249,10.819778284410283,17,technology,31,1.0,0.0,Sterka Concepts,1.0,0,8,2,15.194750847520005, CA
899,1364,9.128696382935672,8.242756345714477,189,crafts,20,7.0,0.0,Gnomic Book,1.0,1,8,3,15.9166075437284, NY
901,1368,10.491714120666632,9.287301413112312,"1,235",food,30,23.0,0.0,Justin P. Moore,1.0,1,8,1,15.047007280023905, Germany
902,1370,10.457286455149985,11.918390573078392,199,film_Video,30,20.0,0.0,Bossy Fox Productions,1.0,0,8,1,14.928529241071455, Afghanistan
903,1379,11.530618024501146,10.819778284410283,147,crafts,36,6.0,0.0,Youcan Robot: BW-Space UUV Drone,1.0,1,8,2,15.194750847520005, CA
904,1381,10.43084575693648,10.126631103850338,296,film_Video,29,23.0,0.0,Shrihari Sathe,1.0,1,8,1,9.880218925596774, India
905,1382,10.532842600008294,10.491274217438248,"1,095",film_Video,29,32.0,0.0,SBI Press,1.0,1,8,3,11.5647491186924, CA
906,1385,11.089011213193535,9.210340371976184,"1,270",food,30,10.0,0.0,Nick Mendoza,1.0,1,8,1,14.148353359002385, CA
907,1390,10.405817086527632,9.1942109900463,70,design,30,11.0,0.0,Kevin Holmes,1.0,1,8,1,11.386919967335114, UK
908,1392,10.521560910043119,10.126631103850338,459,fashion,45,8.0,0.0,Carlos Olguin,1.0,1,8,2,14.151849928616338, CA
909,1395,10.917376753174178,10.819778284410283,202,art,31,10.0,0.0,Artists For Humanity,1.0,1,8,1,13.410750701107972, MA
910,1398,11.27126146401864,9.210340371976184,788,design,30,26.0,0.0,Roberto Hoyos,1.0,1,8,2,13.436372336049693, WA
911,1401,9.663007081568642,8.987196820661973,699,games,45,13.0,0.0,Muse Games,1.0,1,8,2,15.9166075437284, NY
912,1405,10.832260061912338,10.126631103850338,366,games,30,9.0,0.0,Spatial Gaming,1.0,1,8,1,15.194750847520005, CA
913,1407,10.659718540400366,9.611557804804775,"1,361",games,31,17.0,0.0,Bitten Toast Games,1.0,1,8,3,13.304684934198283, Canada
914,1408,9.785379464055799,9.472704636443673,254,film_Video,30,16.0,0.0,Naima Ramos-Chapman,1.0,1,8,2,15.9166075437284, NY
915,1410,12.222656480420666,10.799081046669484,"6,991",games,31,18.0,0.0,Kitfox Games,1.0,1,8,2,14.28551418721001, Canada
916,1412,9.823578169307826,10.677615462228353,551,games,35,19.0,0.0,Dyadic Games,1.0,0,8,1,12.311900052177437, Austria
917,1413,9.234252192022495,9.190137664658664,193,crafts,28,11.0,0.0,Gnomic Book,1.0,1,7,0,14.648708334886981, NY
918,1415,13.255762511283049,10.714417768752456,"3,533",design,42,16.0,0.0,Thread International,1.0,1,8,2,12.626068338172521, PA
919,1417,9.679843876180236,9.210340371976184,352,design,60,9.0,0.0,BIONICRAFT,1.0,1,7,1,15.194750847520005, CA
920,1419,11.133128103610641,11.082142548877775,522,film_Video,39,10.0,0.0,Megumi Sasaki,1.0,1,7,1,15.9166075437284, NY
921,1421,11.01715264383053,10.819778284410283,313,design,30,21.0,0.0,LetterformArchive,1.0,1,8,2,14.151849928616338, CA
922,1423,10.573314927774456,9.903487552536127,595,film_Video,39,8.0,0.0,Popmotion Pictures,1.0,1,8,3,12.771877811117564, OR
923,1426,9.391238749864629,8.8527006771006,376,games,50,5.0,0.0,Dystopia Interactive,1.0,1,8,1,15.261576235762831, AU
924,1428,11.015421907107319,7.532115995323114,"1,667",design,30,10.0,0.0,govy,1.0,1,7,3,14.28551418721001, Canada
926,1431,10.011278567136985,9.95131296576871,191,theater,30,11.0,0.0,Uncomfortable Revolution,1.0,1,7,3,15.261576235762831, AU
927,1434,14.445568300292024,13.122363377404328,"8,293",technology,30,2.0,0.0,Anki,1.0,1,8,2,14.151849928616338, CA
928,1437,9.69898173460629,9.615805480084347,198,theater,38,21.0,0.0,The Muse Project,1.0,1,7,1,15.9166075437284, NY
929,1445,15.014769670278973,11.512925464970229,"3,106",games,23,20.0,0.0,Dwarven Forge,1.0,1,7,6,13.071865556017904, CT
930,1447,10.16681289348317,10.126631103850338,496,journalism,32,8.0,0.0,"Amanda, Maria, Priyanka",1.0,1,7,0,15.194750847520005, CA
931,1449,10.529836861547482,10.333645273234664,722,games,30,13.0,0.0,Humble Grove,1.0,1,7,3,15.837971611150978, UK
932,1452,13.307396255243187,13.919870573288517,"3,343",music,32,31.0,0.0,The Aquabats!,1.0,0,7,1,14.148353359002385, CA
934,1459,12.33251104852374,10.515966830028619,"2,254",crafts,29,6.0,0.0,Oddball Studios,1.0,1,7,2,15.837971611150978, UK
935,1463,9.952555106800798,9.823178717787256,82,design,27,8.0,0.0,Okewa Rainwear,1.0,1,7,1,12.852914073213608, NZ
936,1467,10.688410492370217,9.287301413112312,587,crafts,34,16.0,0.0,Tom Hegen,1.0,1,7,3,14.046932548249474, Germany
937,1469,12.035711279654933,10.819778284410283,"3,149",comics,29,24.0,0.0,The Nib,1.0,1,7,1,15.9166075437284, NY
938,1472,10.136898216206115,9.903487552536127,181,photography,30,10.0,0.0,Bassam Khabieh,1.0,1,7,3,16.51041580817756, Turkey
939,1479,14.790400332141365,10.819778284410283,"38,335",games,29,16.0,0.0,Edmund McMillen,1.0,1,6,2,13.842062903593279, CA
940,1481,10.941889716805212,10.126631103850338,792,food,30,9.0,0.0,ckbk,1.0,1,7,1,15.9166075437284, NY
941,1485,10.359804190801727,9.615805480084347,209,film_Video,30,11.0,0.0,Michael Rowley,1.0,1,7,1,14.07794558915851, TX
942,1487,14.167506673235254,11.225243392518447,"23,338",games,29,5.0,0.0,Homestar Runner,1.0,1,7,1,13.047376865601485, GA
943,1491,10.623130596900038,10.795383127575562,163,design,31,7.0,0.0,Max Jürgensen,1.0,0,7,0,12.357754566192016, Germany
944,1493,9.802008383586275,9.615805480084347,106,art,30,7.0,0.0,Ebony G. Patterson,1.0,1,7,2,13.071865556017904, MO
945,1494,10.88504154286231,10.126631103850338,505,food,30,20.0,0.0,Seek Food,1.0,1,7,0,15.9166075437284, NY
946,1496,12.825471020197703,10.308952660644293,831,design,51,13.0,0.0,Patrick Sherwin,1.0,1,7,0,14.151849928616338, CA
947,1498,11.281182544842556,11.896628827963514,692,art,30,12.0,0.0,The Read and Destroy Archive,1.0,0,7,1,15.837971611150978, UK
948,1499,11.355419713178149,9.417354541360508,"1,194",technology,35,9.0,0.0,Ross Atkin,1.0,1,6,1,12.46514688842252, UK
949,1501,13.453949410236804,12.310869502362207,"2,379",art,20,9.0,0.0,Hans Fex,1.0,1,7,1,10.086350629348315, VA
950,1503,9.462519093314883,9.417354541360508,130,journalism,30,13.0,0.0,Liverpool Biennial,1.0,1,7,1,13.669469241521591, UK
951,1504,10.850831115665532,10.819778284410283,684,film_Video,31,20.0,0.0,Jessamyn Ansary,1.0,1,6,1,14.648708334886981, NY
952,1507,11.245986753656346,10.819778284410283,"1,617",journalism,30,14.0,0.0,"Bill Nye, CEO, The Planetary Society",1.0,1,6,2,11.943304299432697, CA
953,1509,11.589534777590467,9.417354541360508,"2,821",games,30,12.0,0.0,Yolky Games,1.0,1,6,1,15.837971611150978, UK
954,1514,12.185727070864743,11.918390573078392,"1,398",film_Video,37,24.0,0.0,Saul Williams,1.0,1,6,1,13.52148977157899, Rwanda
955,1517,12.292855663114446,10.126631103850338,"3,172",publishing,30,14.0,0.0,Sacred Bones,1.0,1,6,4,14.648708334886981, NY
956,1519,9.711068386044008,9.640498092674719,221,crafts,33,12.0,0.0,Janire Najera,1.0,1,6,2,13.234121186674235, NM
957,1522,12.218500103788143,10.308952660644293,"2,151",design,37,8.0,0.0,Guillaume Rolland,1.0,1,6,1,14.575639054856664, France
958,1523,10.901432001403476,10.819778284410283,73,fashion,28,9.0,0.0,Wearable X,1.0,1,6,0,15.9166075437284, NY
959,1524,9.875756578797818,9.615805480084347,228,journalism,36,9.0,0.0,WDET 101.9 FM,1.0,1,6,1,13.425597881382114, MI
960,1525,13.008717109513315,10.085809109330082,"1,726",design,45,12.0,0.0,Ludvig Scheja,1.0,1,6,1,14.230937217984762, Sweden
961,1528,9.281171552736774,8.987196820661973,208,art,30,13.0,0.0,Tavern Books,1.0,1,6,1,13.357133477695209, OR
962,1529,13.414870291565089,10.819778284410283,"4,234",design,30,8.0,0.0,Mark Jenner & Tom Putnam,1.0,1,6,1,15.837971611150978, UK
963,1533,8.069905588454235,6.984716320118266,67,games,20,8.0,0.0,Sebastian Sattler,1.0,1,6,0,15.047007280023905, Germany
964,1534,13.651015559680925,10.819778284410283,"2,144",design,33,13.0,0.0,Infento Rides,1.0,1,6,4,10.638472211837653, DE
965,1535,11.555687975470889,11.289781913656018,"1,615",games,29,5.0,0.0,Jenn Sandercock,1.0,1,6,2,13.436372336049693, WA
966,1539,11.796396182100517,11.73342552533902,"1,562",film_Video,31,15.0,0.0,Signe Baumane,,1,1,1,14.648708334886981, NY
967,1542,13.362590568799252,11.512925464970229,"1,447",technology,60,20.0,0.0,UDOO,1.0,1,5,3,13.410750701107972, MA
968,1543,12.556662613496893,11.512925464970229,"2,124",design,30,32.0,0.0,Lomography,1.0,1,6,2,15.9166075437284, NY
969,1545,11.73041305142828,11.512925464970229,"1,288",film_Video,30,39.0,0.0,Dempsey Rice,1.0,1,6,1,14.648708334886981, NY
970,1548,10.774341491401676,10.596634733096073,"1,736",technology,30,24.0,0.0,Kelly Rakowski,1.0,1,6,3,15.9166075437284, NY
971,1550,12.25541979741029,10.819778284410283,275,technology,45,7.0,0.0,Geneinno,1.0,1,6,2,15.194750847520005, CA
973,1553,10.548625513909712,10.126631103850338,296,film_Video,35,11.0,0.0,The War at Home,1.0,1,6,0,12.425011368933118, WI
974,1555,14.311008917042706,10.819778284410283,"4,352",design,30,23.0,0.0,Scribit,1.0,1,6,1,15.9166075437284, NY
975,1557,10.934177824718779,10.126631103850338,577,film_Video,30,11.0,0.0,Rajiv Satyal,1.0,1,6,4,15.194750847520005, CA
976,1559,7.129297548929373,9.984468281668407,61,journalism,30,3.0,0.0,Delaere Christophe,1.0,0,6,4,13.834353901765722, Belgium
977,1562,9.95679132455844,9.210340371976184,169,art,29,13.0,0.0,Public Art Fund,1.0,1,6,1,15.9166075437284, NY
978,1563,11.647552507151504,10.308952660644293,96,photography,42,7.0,0.0,Navatics Technology,1.0,1,5,3,13.376188207543581, CA
979,1566,11.635134248097797,10.596634733096073,424,design,42,13.0,0.0,Bosko & Maya Kante,1.0,1,6,1,12.94626322746207, CA
980,1570,10.636456227282745,10.571316925111784,412,film_Video,25,19.0,0.0,sara maamouri,1.0,1,6,0,14.151849928616338, CA
981,1572,11.695505321735206,10.46310334047155,"1,683",food,30,12.0,0.0,FLY BY JING,1.0,1,6,0,15.9166075437284, NY
982,1574,10.723894566164226,10.555257897179795,269,design,30,7.0,0.0,Anicorn Watches,1.0,1,6,1,15.7632387676311, Hong Kong
983,1580,10.195899297432682,9.822819649468673,269,crafts,29,12.0,0.0,Yan Wang Preston,1.0,1,5,3,10.957538224114769, UK
984,1584,11.104701554864958,10.126631103850338,"1,080",art,28,9.0,0.0,Copper Canyon Press,1.0,1,5,3,13.436372336049693, WA
985,1586,10.580567849213146,10.110501721920453,608,theater,30,20.0,0.0,A. N. Devers,1.0,1,5,6,15.837971611150978, UK
986,1588,10.401531841937386,10.308952660644293,350,film_Video,30,10.0,0.0,Amy Winston,1.0,1,5,0,15.9166075437284, NY
987,1589,10.554353340839468,11.225243392518447,256,crafts,36,7.0,0.0,Abigail Edgecliffe-Johnson,1.0,0,5,1,15.9166075437284, NY
988,1591,11.173037401047846,10.819778284410283,423,technology,30,8.0,0.0,Tinkamo,1.0,1,5,1,14.151849928616338, CA
989,1593,9.528794103094718,9.210340371976184,241,dance,1,8.0,0.0,Raja Feather Kelly + the feath3r theory,1.0,1,6,0,14.648708334886981, NY
990,1596,11.373444982981379,11.002099841204238,79,technology,60,7.0,0.0,Limitless IQ,1.0,1,5,2,10.607178946971745, CA
991,1598,12.985296599807473,10.819778284410283,"2,169",food,35,9.0,0.0,PicoBrew Inc,1.0,1,5,2,13.436372336049693, WA
992,1600,11.372743434370365,11.225243392518447,"1,449",technology,31,17.0,0.0,DCist,1.0,1,5,1,13.30755248550697, DC
993,1601,10.909125265086246,10.819778284410283,"1,032",journalism,24,19.0,0.0,LAist,1.0,1,5,1,15.194750847520005, CA
994,1604,12.147208660382981,10.308952660644293,770,journalism,46,15.0,0.0,AstroReality,1.0,1,5,1,14.151849928616338, CA
995,1607,10.32620301405082,10.308952660644293,221,games,30,17.0,0.0,Lars Thorn,1.0,1,5,1,11.442717569926732, CA
996,1609,10.439776223738649,10.308952660644293,275,design,30,14.0,0.0,Emerging Objects,1.0,1,5,2,12.94626322746207, CA
997,1611,10.629996972702473,9.903487552536127,357,technology,42,9.0,0.0,Public Lab,1.0,1,5,2,12.87291948429548, LA
998,1614,11.712407272166534,11.512925464970229,"1,045",film_Video,30,15.0,0.0,Hal Hartley,1.0,1,5,0,15.9166075437284, NY
999,1616,10.28360066404139,9.903487552536127,561,theater,23,13.0,0.0,Redindhi,1.0,1,5,2,11.703314392841941, CA
1000,1620,12.585121907132903,12.429216196844383,"1,751",film_Video,30,24.0,0.0,Richard Green,1.0,1,5,3,15.194750847520005, CA
1001,1621,10.180529683532999,10.171173592740198,153,film_Video,30,20.0,0.0,Cuban Team,1.0,1,4,0,14.77102200299171, Canada
1002,1622,11.263707409192737,10.126631103850338,597,publishing,40,10.0,0.0,Within,1.0,1,5,1,14.151849928616338, CA
1003,1625,11.401267383427346,10.596634733096073,455,design,36,4.0,0.0,cw&t,1.0,1,5,1,14.648708334886981, NY
1004,1628,12.234021997962122,9.980448593672257,"3,284",games,28,7.0,0.0,Marc Dür,1.0,1,5,1,11.77528972943772, Switzerland
1005,1631,11.801993376703004,10.54006438160768,"1,258",publishing,44,11.0,0.0,Kronecker Wallis,1.0,1,4,0,14.29888502284722, Spain
1006,1644,11.24427866665095,10.896739325546411,381,design,30,8.0,0.0,Enhancia,1.0,1,4,1,11.973837894204184, France
1007,1647,11.217869606188502,10.819778284410283,829,fashion,30,9.0,0.0,GENUSEE,1.0,1,4,3,11.49588103036097, MI
1009,1651,11.284480385356286,11.002099841204238,507,comics,34,12.0,0.0,Beehive Books,1.0,1,5,2,14.264955549209741, PA
1010,1652,10.46015614461037,10.126631103850338,613,design,32,10.0,0.0,Andrew Chepaitis,1.0,1,4,2,14.648708334886981, NY
1011,1654,10.573954469372852,10.373491181781864,596,film_Video,30,15.0,0.0,Dan Schoenbrun,1.0,1,4,1,14.648708334886981, NY
1012,1659,8.98441545625159,8.906528917594517,161,publishing,25,10.0,0.0,Bluecoat Press,1.0,1,4,2,13.669469241521591, UK
1013,1660,12.245415211835981,10.555257897179795,"1,607",film_Video,44,11.0,0.0,kongkee,1.0,1,3,3,15.7632387676311, Hong Kong
1014,1662,9.414994033976548,9.392661928770137,114,technology,30,20.0,0.0,Liz Collins,1.0,1,5,2,15.9166075437284, NY
1015,1663,11.313583885841508,11.225243392518447,"1,028",comics,32,17.0,0.0,Sesame Street Yellow Feather Fund,1.0,1,4,0,15.9166075437284, NY
1016,1664,11.554643058322096,11.512925464970229,"1,126",film_Video,30,16.0,0.0,"Bhaskar, Yael & Morgan",1.0,1,4,2,14.264955549209741, PA
1017,1667,10.870832550232782,10.46310334047155,538,film_Video,34,18.0,0.0,Andrew Sherburne,1.0,1,4,3,11.214788934614589, IA
1018,1669,11.172645457984238,10.758960257642316,"2,362",games,30,19.0,0.0,EggNut,1.0,1,4,4,13.304684934198283, Canada
1019,1670,10.634147257355846,10.545341438708522,450,film_Video,30,15.0,0.0,Vivian Kleiman & Justin Hall,1.0,1,4,0,11.703314392841941, CA
1020,1671,10.396047367495227,10.146433731146518,581,film_Video,30,16.0,0.0,Ri Crawford,1.0,1,4,1,12.94626322746207, CA
1021,1673,12.09979571008798,10.38591370178042,78,technology,30,13.0,0.0,SOUNDCAM,1.0,1,4,1,11.473976714831654, Germany
1022,1676,9.275940829060131,9.210340371976184,115,technology,32,9.0,0.0,Leslie-Lohman Museum,1.0,1,4,4,15.9166075437284, NY
1023,1677,11.26956645115511,11.884489021402711,990,design,32,5.0,0.0,Jesse Reed & Hamish Smyth,1.0,0,4,0,14.648708334886981, NY
1024,1679,12.496111937555632,10.819778284410283,221,photography,20,8.0,0.0,Meyer Optik USA,1.0,1,4,3,13.047376865601485, GA
1025,1681,9.604609707323613,9.546812608597396,153,art,26,10.0,0.0,New Orleans Airlift,1.0,1,4,3,12.87291948429548, LA
1027,1688,10.784855521821017,10.714417768752456,531,film_Video,33,26.0,0.0,Laurie Block,1.0,1,4,0,11.081834809223091, MA
1029,1696,9.912496846693715,9.210340371976184,120,crafts,30,8.0,0.0,Corine Vermeulen,1.0,1,4,3,13.425597881382114, MI
1032,1702,8.732373923466957,8.724207360800564,58,journalism,20,10.0,0.0,Sarabande Foundation,1.0,1,4,1,15.837971611150978, UK
1033,1705,11.018992355874246,10.868339851024713,439,film_Video,25,6.0,0.0,WildEarth,1.0,1,4,1,12.611537753638338, Cayman Islands
1034,1707,11.640583845170028,10.889285690168437,92,technology,34,10.0,0.0,Nous,1.0,1,4,2,16.324637595040688, Mexico
1035,1710,10.550512257479294,11.551790345591854,398,design,30,5.0,0.0,Unit Editions,1.0,0,4,3,15.837971611150978, UK
1037,1714,12.303117683234275,10.819778284410283,"1,293",crafts,14,15.0,0.0,Primo Toys,1.0,1,4,1,14.151849928616338, CA
1038,1719,12.228328291127125,10.110501721920453,"4,189",food,31,13.0,0.0,Stone,1.0,1,3,0,15.837971611150978, UK
1040,1724,14.076894341917804,13.017002861746503,"16,607",games,32,28.0,0.0,KING Art Games,1.0,1,3,1,13.410750701107972, MA
1043,1730,11.946472557205349,10.819778284410283,516,technology,30,7.0,0.0,Somewear Labs,1.0,1,4,0,14.151849928616338, CA
1044,1732,8.994668835500674,8.987196820661973,84,food,39,7.0,0.0,Allie Wist,1.0,1,3,3,14.648708334886981, NY
1045,1734,10.950648639613158,10.819778284410283,409,crafts,37,7.0,0.0,Thinker-Tinker,1.0,1,3,1,15.194750847520005, CA
1046,1735,11.141702350580776,8.85366542803745,262,technology,30,11.0,0.0,OSOP,1.0,1,3,3,13.436372336049693, WA
1047,1737,12.206807375549955,11.512925464970229,"2,860",journalism,31,20.0,0.0,Gothamist,1.0,1,4,1,15.9166075437284, NY
1048,1739,13.356707650576253,13.18138671785379,"12,613",games,39,20.0,0.0,White Owls Inc.,1.0,1,3,0,14.768099660181356, Japan
1049,1742,10.583448171291899,9.392661928770137,284,film_Video,21,8.0,0.0,KoreanAmericanStory.org,1.0,1,3,4,15.9166075437284, NY
1050,1750,10.339190843704902,8.006367567650246,"1,506",design,30,8.0,0.0,Avana Vana,1.0,1,3,6,15.9166075437284, NY
1051,1753,11.639011711145091,11.289781913656018,"1,428",music,30,32.0,0.0,Austin Wintory and Anthony Lund,1.0,1,3,2,13.433583737933631, CO
1052,1761,9.107426859961409,9.060679597421776,200,design,33,10.0,0.0,Ildut & Catalina,1.0,1,3,3,12.46514688842252, UK
1053,1763,9.167729277971466,8.99961934066053,195,journalism,30,8.0,0.0,Froh! e.V.,1.0,1,2,0,13.778218783212537, Germany
1054,1764,7.908975221641597,7.67786350067821,97,theater,13,7.0,0.0,Anna Sarcletti,1.0,1,3,2,14.341107348903938, Austria
1055,1768,7.31986492980897,8.517193191416238,27,journalism,30,8.0,0.0,Robert LeBlanc,1.0,0,2,0,15.194750847520005, CA
1056,1771,12.608390405931624,7.114769448366463,"4,638",comics,28,10.0,0.0,Lorenzo Etherington,1.0,1,3,4,13.333078008699502, UK
1057,1773,10.929672507268652,10.819778284410283,50,design,45,10.0,0.0,re:3D,1.0,1,3,4,14.64677659263844, TX
1058,1775,10.165313210442681,9.648595302907339,535,food,40,9.0,0.0,Fora,1.0,1,3,1,15.9166075437284, NY
1059,1779,9.055667055598231,6.353343427053224,328,design,21,6.0,0.0,Oscar Lhermitte,1.0,1,3,2,15.837971611150978, UK
1060,1781,11.402049768624291,11.225243392518447,"3,091",music,40,19.0,0.0,Mike Yung,1.0,1,3,4,15.9166075437284, NY
1061,1783,12.772128906167557,8.129257540674775,"3,296",journalism,57,10.0,0.0,Clemens,1.0,1,3,2,15.047007280023905, Germany
1062,1786,11.17241910219308,10.126631103850338,"1,324",food,33,13.0,0.0,AKUA,1.0,1,3,1,15.9166075437284, NY
1064,1794,10.463874471644896,10.404262840448617,658,film_Video,33,22.0,0.0,Emily Branham,1.0,1,2,1,14.648708334886981, NY
1065,1796,13.940297488982972,10.896739325546411,"2,639",design,57,16.0,0.0,Mamma 2.0,1.0,1,2,2,14.028067872279854, Italy
1066,1799,12.907701256855415,11.589886506106357,"5,511",art,48,13.0,0.0,Les Machines de l'île / Arbre aux Hérons,1.0,1,3,1,12.53274343307192, France
1067,1801,9.90473677193656,9.903487552536127,127,art,30,11.0,0.0,On the Boards,1.0,1,2,1,13.436372336049693, WA
1068,1805,10.243916237796457,10.126631103850338,424,film_Video,29,19.0,0.0,Rachel Lears and Robin Blotnick,1.0,1,3,4,14.141288672902773, NY
1069,1806,13.373817573695009,11.184421397998193,"2,116",design,30,9.0,0.0,Ministry of Supply,1.0,1,2,2,13.410750701107972, MA
1070,1816,11.050548042149005,10.515966830028619,412,music,30,10.0,0.0,Soundbops,1.0,1,2,0,13.29061981587345, UK
1071,1818,13.49276626051606,11.512925464970229,"1,377",food,28,8.0,0.0,Suvie,1.0,1,2,1,11.973093381793852, MA
1072,1819,9.95551058060328,9.615805480084347,295,film_Video,29,19.0,0.0,Eric Juhola,1.0,1,2,3,15.9166075437284, NY
1073,1823,8.721804476184253,8.717786792997641,110,film_Video,30,5.0,0.0,Lon-art,1.0,1,2,3,15.837971611150978, UK
1074,1826,10.434901377307398,10.205811901724779,935,games,30,8.0,0.0,Gareth Damian Martin,1.0,1,2,1,15.837971611150978, UK
1075,1828,8.780633799494984,9.615805480084347,180,film_Video,29,18.0,0.0,Aeon,1.0,0,2,6,15.9166075437284, NY
1076,1836,9.621920081084202,10.900749791385406,74,film_Video,32,29.0,0.0,Urubu Films,1.0,0,2,2,14.575639054856664, France
1077,1838,11.029455571214093,10.126631103850338,"1,068",film_Video,29,12.0,0.0,Cavegirl Productions,1.0,1,2,2,13.30755248550697, DC
1078,1839,9.961284651262345,9.903487552536127,87,fashion,37,20.0,0.0,ARAMLEE,1.0,1,2,1,14.648708334886981, NY
1079,1841,4.836281906951478,9.903487552536127,5,technology,30,10.0,0.0,Francisca Harding,,0,3,3,14.141288672902773, NY
1080,1844,11.226522574016828,11.02679245379461,511,film_Video,46,26.0,0.0,diane estelle Vicari,1.0,1,2,0,15.194750847520005, CA
1081,1848,10.434901377307398,10.205811901724779,935,games,30,8.0,0.0,Gareth Damian Martin,,1,2,1,15.837971611150978, UK
1082,1854,12.12116813843973,10.126631103850338,"3,143",technology,30,8.0,0.0,Block Club Chicago,1.0,1,2,1,14.816343153421665, IL
1083,1856,9.026056891868688,8.922658299524402,102,art,31,7.0,0.0,Visual AIDS,1.0,1,2,2,15.9166075437284, NY
1084,1859,10.025395402769462,9.903487552536127,371,publishing,29,13.0,0.0,Big Class,1.0,1,2,2,12.87291948429548, LA
1085,1861,10.049274784602108,9.903487552536127,228,film_Video,30,13.0,0.0,Jason Merrin,1.0,1,2,0,11.5647491186924, CA
1086,1868,11.82826890961319,9.210340371976184,535,comics,30,15.0,0.0,Thornwillow,1.0,1,2,1,10.250263664295613, NY
1087,1871,10.361956158466594,10.308952660644293,497,art,48,15.0,0.0,Fearless Collective,1.0,1,2,1,13.381698443093757, Sri Lanka
1089,1875,9.284519770150434,8.987196820661973,205,theater,30,7.0,0.0,Dani Tirrell,1.0,1,2,1,13.436372336049693, WA
1090,1885,9.541605503698365,9.1942109900463,534,film_Video,28,9.0,0.0,404 Ink,1.0,1,1,2,13.049771178961905, UK
1091,1886,10.166582319352566,9.903487552536127,200,film_Video,31,11.0,0.0,Pi Ware,1.0,1,1,2,15.194750847520005, CA
1092,1890,10.882151963968344,10.308952660644293,"1,045",games,30,10.0,0.0,Meredith Gran,1.0,1,1,0,14.264955549209741, PA
1093,1897,12.184302383710204,11.002099841204238,"2,718",film_Video,30,17.0,0.0,Steve Ahn,1.0,1,1,2,15.194750847520005, CA
1094,1905,10.331561803505151,9.903487552536127,662,publishing,32,15.0,0.0,Porter Fox,1.0,1,1,5,14.648708334886981, NY
1095,1911,10.670465881223274,10.46310334047155,270,film_Video,29,15.0,0.0,Lise Friedman and Maia Wechsler,1.0,1,1,1,15.9166075437284, NY
1096,1913,11.878856623671759,11.805576422042591,182,fashion,34,14.0,0.0,Mexiuan,1.0,1,1,4,16.324637595040688, Mexico
1097,1923,12.452389607250788,9.95227771670556,"2,846",games,29,4.0,0.0,Jordan Draper,1.0,1,1,5,12.168744540264175, UT
1098,1925,11.492794183673238,10.714417768752456,"2,394",comics,34,17.0,0.0,Megan Lavey-Heaton,1.0,1,1,6,9.104868739033948, PA
1099,1928,11.79467869652768,10.791378809888585,"1,885",technology,33,15.0,0.0,Papier Machine,1.0,1,1,1,14.575639054856664, France
1100,1947,8.680128034410002,8.648221453822641,92,fashion,43,10.0,0.0,Lise Bjørne Linnert,1.0,1,12,2,14.093902611508963, Mexico
1101,1954,9.652137409331738,9.615805480084347,399,comics,30,7.0,0.0,Eleanor Morrison,1.0,1,12,1,15.194750847520005, CA
1102,1956,10.123596102890742,8.794824928014517,286,design,33,7.0,0.0,Takva Co.,1.0,1,12,2,15.936165897399452, Japan
1103,1957,13.007261367085539,11.719939634354555,"1,836",technology,30,12.0,0.0,Those,1.0,1,3,1,15.837971611150978, UK
1104,1959,11.002349809959446,9.903487552536127,569,design,59,10.0,0.0,Magical Microbes,1.0,1,11,0,14.151849928616338, CA
1105,1967,10.334444953405228,8.031060180240619,838,photography,30,6.0,0.0,Sam Cornwell,,1,4,1,11.655032481595057, UK
1107,1974,8.281663244450979,8.213381737034572,106,comics,36,7.0,0.0,Charlotte Jayne Bibby,1.0,1,12,1,15.837971611150978, UK
1108,1976,9.968010448551627,9.903487552536127,281,publishing,39,12.0,0.0,Independent Publishing Resource Center,1.0,1,11,0,13.357133477695209, OR
1109,1977,10.006450195593953,9.903487552536127,303,film_Video,33,6.0,0.0,Jake Meginsky,1.0,1,12,2,15.9166075437284, NY
1111,1981,10.060918560484957,9.104979856318357,529,music,43,16.0,0.0,Aural Pleasure Records,1.0,1,11,2,10.150152298891683, NY
1112,1983,9.758853842347897,9.574983485564092,141,technology,30,1.0,0.0,Lina Franzon & Johanna Johansson,1.0,1,12,0,14.230937217984762, Sweden
1113,1984,9.392032730866646,8.91841062424483,155,technology,30,11.0,0.0,Midnight Sun,1.0,1,12,0,13.744905673596723, Canada
1114,1987,9.422786913742057,9.210340371976184,337,journalism,53,13.0,0.0,Racist Sandwich,1.0,1,12,0,13.65311632657372, OH
1115,1988,10.549490713287256,10.545341438708522,322,film_Video,31,33.0,0.0,Rooftop Films,1.0,1,12,4,14.648708334886981, NY
1116,1994,11.12207306922991,8.987196820661973,288,art,50,14.0,0.0,microscape,1.0,1,12,2,14.816343153421665, IL
1117,1997,10.802835563679972,10.308952660644293,"1,083",design,36,9.0,0.0,LOLIWARE,1.0,1,12,1,15.9166075437284, NY
1118,1998,10.834982118152556,10.308952660644293,398,theater,30,12.0,0.0,Toshi Reagon,1.0,1,11,2,14.648708334886981, NY
1119,2000,11.91413486371287,11.512925464970229,"1,256",technology,60,12.0,0.0,Makeblock,1.0,1,11,1,14.151849928616338, CA
1121,2004,12.402744903338567,10.596634733096073,"3,796",design,25,16.0,0.0,IDEO.org,1.0,1,11,0,14.151849928616338, CA
1122,2006,9.228180290104513,9.210340371976184,330,film_Video,24,10.0,0.0,Khaula Malik,1.0,1,12,0,14.200667511018631, TX
1123,2007,7.616775808698373,10.46310334047155,34,music,45,11.0,0.0,Ross Gardiner,1.0,0,12,0,14.648708334886981, NY
1124,2012,8.265650165580329,7.824046010856292,98,design,30,6.0,0.0,Jesse Wallace,1.0,1,11,1,14.648708334886981, NY
1125,2014,9.26157326453958,9.21117602272282,75,technology,50,9.0,0.0,Cell-Free Technology,1.0,1,11,2,12.156798364194934, Ireland
1126,2016,10.316788546412067,10.239959789157341,218,film_Video,31,16.0,0.0,Jeffrey Wolf,1.0,1,11,3,15.9166075437284, NY
1127,2017,11.445028992218461,9.640498092674719,346,food,30,15.0,0.0,Orient Knives,1.0,1,12,0,15.837971611150978, UK
1128,2022,10.694691138568423,10.085809109330082,318,art,30,16.0,0.0,Parisite DIY Skatepark,1.0,1,11,4,12.87291948429548, LA
1129,2023,11.072664077450666,11.02679245379461,555,film_Video,30,12.0,0.0,Felipe Bustos Sierra,1.0,1,11,0,13.29061981587345, UK
1130,2028,12.273700265485227,11.366742954792146,"5,078",games,30,11.0,0.0,btf,1.0,1,11,1,15.047007280023905, Germany
1131,2031,13.102811478673114,11.225243392518447,677,technology,42,13.0,0.0,HomeBiogas,1.0,1,11,2,12.978243553240834, Israel
1132,2033,12.28877182166492,11.512925464970229,"3,009",design,40,10.0,0.0,Friends of Cedar Mesa,1.0,1,11,2,12.047510583180404, UT
1134,2042,10.873072575468,10.819778284410283,418,journalism,32,13.0,0.0,"The Tank, Ltd",1.0,1,11,1,15.9166075437284, NY
1135,2044,11.99729860648326,11.719939634354555,464,design,30,16.0,0.0,REFLEX,1.0,1,11,1,15.837971611150978, UK
1136,2045,10.650815105859214,10.596634733096073,478,journalism,35,23.0,0.0,Antenna,1.0,1,11,5,12.87291948429548, LA
1137,2048,11.731683413571885,11.512925464970229,"1,499",journalism,40,28.0,0.0,Ayana Young,1.0,1,11,2,6.561030665896573, CA
1138,2049,10.132175704105688,10.126631103850338,159,theater,30,11.0,0.0,Illya Szilak and Cyril Tsiboulski,1.0,1,11,1,15.9166075437284, NY
1139,2052,11.476357088061294,10.571316925111784,908,design,45,9.0,0.0,Yukai Engineering,1.0,1,10,3,15.936165897399452, Japan
1140,2054,12.579114419205828,10.819778284410283,"2,620",technology,35,9.0,0.0,clockwork,1.0,1,11,1,15.646806555855257, China
1143,2066,9.323133199451306,8.517193191416238,198,food,27,7.0,0.0,Amy Nazer,1.0,1,11,5,14.648708334886981, NY
1144,2068,10.917249763287845,9.798127036878302,632,art,30,9.0,0.0,Tyler Thrasher,1.0,1,11,2,12.907944158189096, OK
1145,2071,9.90802723257816,9.903487552536127,176,film_Video,29,16.0,0.0,Skylight,1.0,1,11,0,14.648708334886981, NY
1146,2074,9.99337395933065,9.903487552536127,195,art,33,10.0,0.0,Pelican Bomb,1.0,1,10,4,12.87291948429548, LA
1148,2077,11.63265913024438,11.496796083040344,948,design,30,13.0,0.0,Unit Editions,1.0,1,11,2,15.837971611150978, UK
1149,2079,9.854559878912704,9.615805480084347,241,art,33,16.0,0.0,Booklyn,1.0,1,11,1,14.648708334886981, NY
1151,2086,11.542455140574004,11.512925464970229,647,theater,23,16.0,0.0,Jamie Flam,1.0,1,10,1,15.194750847520005, CA
1152,2090,13.885543954583806,11.407564949312402,716,technology,46,4.0,0.0,Springa,1.0,1,10,1,15.194750847520005, CA
1153,2092,13.869506197725286,10.308952660644293,"4,126",photography,30,12.0,0.0,Wiral,1.0,1,10,1,11.110251458112545, CA
1154,2093,12.818120935852091,12.429216196844383,"2,804",music,30,18.0,0.0,Smithsonian Institution,1.0,1,10,1,13.30755248550697, DC
1155,2097,11.183518212471133,11.156250521031495,74,technology,45,5.0,0.0,Dorna Robotics,1.0,1,10,1,13.842062903593279, CA
1157,2102,9.913487387114461,9.903487552536127,198,film_Video,32,13.0,0.0,1RIC,1.0,1,11,2,15.9166075437284, NY
1158,2104,10.504409789053556,10.46310334047155,421,film_Video,38,19.0,0.0,Marq Evans,1.0,1,10,1,13.357133477695209, OR
1160,2111,9.641148287756142,9.210340371976184,179,technology,45,16.0,0.0,Paul Rucker,1.0,1,11,2,13.436372336049693, WA
1161,2112,13.356280682841934,10.085809109330082,"8,454",games,28,4.0,0.0,Patrick Leder,1.0,1,10,1,14.836582117509636, MN
1162,2113,12.24003436206258,12.206067645517674,"1,258",film_Video,29,83.0,0.0,"J.R. ""Bob"" Dobbs",1.0,1,10,0,13.744905673596723, TX
1165,2126,9.900706188125744,9.887358170606245,187,fashion,30,14.0,0.0,Nic fforde & Giulia Watson,1.0,1,10,1,15.837971611150978, UK
1166,2129,11.82633376199289,10.239959789157341,"1,002",food,37,7.0,0.0,Lecker Labs,1.0,1,9,1,15.9166075437284, NY
1167,2134,14.608172702185263,11.918390573078392,"2,144",journalism,29,6.0,0.0,UNISTELLAR,1.0,1,10,2,14.151849928616338, CA
1169,2138,11.26818793284376,11.225243392518447,705,theater,30,12.0,0.0,Blitz Bazawule,1.0,1,10,1,14.490118952244421, Ghana
1170,2142,10.663498673349581,10.645424897265505,207,film_Video,30,43.0,0.0,Jeff Kaufman and Marcia Ross,1.0,1,10,0,15.194750847520005, CA
1174,2150,8.90557995798965,9.392661928770137,128,theater,30,15.0,0.0,Ron Kavanaugh,1.0,0,10,0,14.141288672902773, NY
1175,2151,10.655398801626767,10.596634733096073,313,technology,32,9.0,0.0,Bryanne Leeming,1.0,1,10,1,13.410750701107972, MA
1176,2153,10.792311707937186,10.54006438160768,"1,621",games,30,13.0,0.0,Megagon Industries,1.0,1,10,1,15.047007280023905, Germany
1177,2155,9.695496125791342,9.287301413112312,650,film_Video,20,15.0,0.0,European Coffee Trip,1.0,1,10,1,12.820065681860466, Czech Republic
1178,2156,11.36443543340016,9.918796273816158,"1,373",design,30,12.0,0.0,Bare Conductive,1.0,1,9,2,15.837971611150978, UK
1179,2160,14.74531634860157,11.512925464970229,"10,238",technology,32,11.0,0.0,BioLite,1.0,1,9,1,14.648708334886981, NY
1180,2164,10.137333626983473,10.021270588192511,281,design,31,16.0,0.0,Ecovative & Danielle Trofe Design,1.0,1,9,2,14.648708334886981, NY
1183,2170,9.09829086816756,10.46310334047155,106,art,33,13.0,0.0,OBERLAND,1.0,0,10,4,15.9166075437284, NY
1185,2175,10.08318065797639,9.903487552536127,175,art,30,7.0,0.0,Gibb Taylor,1.0,1,10,2,15.9166075437284, NY
1186,2179,9.469757220153557,9.417354541360508,223,theater,30,10.0,0.0,Bardia Koushan,1.0,1,10,0,15.837971611150978, UK
1188,2186,11.872877034902077,11.512925464970229,671,film_Video,30,12.0,0.0,will halby,1.0,1,9,0,12.010148998317934, VT
1190,2190,8.868180290188556,6.550115584106554,109,technology,21,3.0,0.0,Core Electronics,1.0,1,10,0,12.911242266067337, AU
1191,2194,10.956284148903993,10.803648902480399,"1,058",publishing,40,22.0,0.0,Nikesh Shukla & Julia Kingsford,1.0,1,9,3,13.333078008699502, UK
1192,2195,9.451402423792738,9.433483923290392,207,art,30,25.0,0.0,Blights Out,1.0,1,9,1,12.87291948429548, LA
1193,2198,12.586580496032564,10.896739325546411,"2,881",design,30,16.0,0.0,Lovebox,1.0,1,10,2,14.575639054856664, France
1194,2202,9.740540296025316,9.692766521220475,287,film_Video,45,9.0,0.0,Miguel Llansó,1.0,1,9,1,14.829918072899181, Ethiopia
1195,2204,11.014900890374633,9.903487552536127,99,technology,30,7.0,0.0,ArcBotics,1.0,1,9,1,11.972177755141349, CA
1197,2213,9.688436171119255,9.210340371976184,246,technology,30,10.0,0.0,Jim Findlay,1.0,1,9,2,15.9166075437284, NY
1198,2217,11.94445122508573,11.302204433654575,"1,013",music,34,117.0,0.0,Quincy Jones & Reza Ackbaraly,1.0,1,9,3,14.575639054856664, France
1199,2220,11.239185744641153,11.156250521031495,557,art,39,9.0,0.0,Nevada Museum of Art,1.0,1,8,2,12.394396982866105, NV
1200,2223,11.4484327027857,10.803648902480399,808,design,26,12.0,0.0,Granby Workshop,1.0,1,9,5,13.669469241521591, UK
1202,2227,8.901230352110781,10.46310334047155,52,art,35,23.0,0.0,Imperial Taels,1.0,0,9,0,11.579920341794507, Taiwan
1203,2229,11.344080687063398,10.819778284410283,170,technology,31,6.0,0.0,Aevena Aire,1.0,1,9,1,12.230935975254862, CA
1204,2231,11.129803871016513,11.082142548877775,573,publishing,52,13.0,0.0,Kurt Vonnegut Memorial Library,1.0,1,9,6,13.628841163005458, IN
1205,2233,13.587328082568964,12.429216196844383,"8,629",games,32,15.0,0.0,Rooster Teeth,1.0,1,9,2,13.744905673596723, TX
1206,2234,11.31014810760887,11.289781913656018,256,art,30,11.0,0.0,Glenn Kaino Studio,1.0,1,9,2,13.047376865601485, GA
1209,2243,8.538367426647644,8.517193191416238,55,publishing,30,12.0,0.0,Kate Murray,1.0,1,9,0,14.648708334886981, NY
1210,2245,11.274719035978974,10.819778284410283,923,music,42,12.0,0.0,Mississippi Records,1.0,1,9,2,13.357133477695209, OR
1211,2246,11.413436566469485,10.819778284410283,"1,030",comics,30,15.0,0.0,IDW Publishing,1.0,1,9,1,13.357133477695209, OR
1212,2249,10.355868052653099,10.308952660644293,270,publishing,45,34.0,0.0,Bookselling Without Borders,1.0,1,9,3,15.9166075437284, NY
1213,2251,10.262908722142885,8.517193191416238,363,design,21,19.0,0.0,Leafcutter Designs,1.0,1,9,2,12.94626322746207, CA
1215,2254,11.826104216907838,9.512522804221486,"2,186",food,30,8.0,0.0,Miki Mottes,1.0,1,9,2,15.047007280023905, Germany
1216,2256,10.15724853001781,9.611557804804775,666,film_Video,30,29.0,0.0,Deep Six Crew,1.0,1,9,4,14.77102200299171, Canada
1217,2258,10.88824034837718,10.308952660644293,782,design,30,4.0,0.0,Emily Fischer,1.0,1,9,1,14.648708334886981, NY
1220,2264,10.22419329143509,10.126631103850338,297,crafts,30,28.0,0.0,Sara Terry,1.0,1,9,2,15.194750847520005, CA
1221,2266,9.523105224795426,10.062881604686378,178,design,33,7.0,0.0,Shigeru Fukuoka,1.0,0,9,1,14.083080480222606, Japan
1222,2270,10.50210424924984,10.308952660644293,161,publishing,30,17.0,0.0,Thornwillow,1.0,1,9,2,10.250263664295613, NY
1223,2272,11.480949644091078,11.289781913656018,883,art,30,19.0,0.0,Public Art Fund,1.0,1,8,0,15.9166075437284, NY
1224,2276,11.320602055995906,9.210340371976184,728,art,30,9.0,0.0,Jed Henry,1.0,1,9,1,15.936165897399452, Japan
1225,2277,9.932360682865202,9.692766521220475,202,crafts,22,7.0,0.0,Luo Yang & MO-Industries,1.0,1,9,5,15.047007280023905, Germany
1226,2279,11.89612451402422,11.512925464970229,"3,708",games,30,28.0,0.0,Pathea Games,1.0,1,9,0,15.824744204600613, China
1227,2285,11.81300873126724,11.805576422042591,91,design,39,10.0,0.0,Comite de Proyectos,1.0,1,8,3,16.324637595040688, Mexico
1228,2292,9.669535802505315,9.615805480084347,267,film_Video,30,12.0,0.0,Full Spectrum Features NFP,1.0,1,9,3,14.816343153421665, IL
1229,2293,11.686483736094026,10.596634733096073,"4,438",games,35,9.0,0.0,North Star Games,1.0,1,9,1,13.30755248550697, DC
1230,2296,9.977945463454137,9.615805480084347,156,art,28,16.0,0.0,San Jose Museum of Art,1.0,1,9,3,13.842062903593279, CA
1231,2297,13.343267623344708,10.596634733096073,"2,492",food,50,12.0,0.0,Misen,1.0,1,9,2,14.648708334886981, NY
1232,2301,10.765343217715396,9.210340371976184,"1,063",food,30,12.0,0.0,The Cleaver Quarterly,1.0,1,8,1,16.92079089713741, China
1233,2304,10.188779270365272,11.203474834045299,68,technology,30,5.0,0.0,Edward Catley,1.0,0,9,6,10.919442607523228, UK
1236,2312,8.71292443512011,7.585281078639126,91,journalism,28,11.0,0.0,B. Smith & Co.,,1,8,1,13.30755248550697, DC
1237,2314,11.521891053698242,10.516200136143963,"4,788",games,30,8.0,0.0,Alexis Kennedy,1.0,1,9,4,15.837971611150978, UK
1238,2316,11.055830163625206,7.8632667240095735,"1,352",crafts,29,9.0,0.0,Adam J. Kurtz,1.0,1,8,1,14.648708334886981, NY
1239,2317,9.678028823264478,9.615805480084347,249,film_Video,21,15.0,0.0,Hannah Peterson,1.0,1,8,1,13.30755248550697, DC
1240,2319,11.516289799245655,10.51867319162636,"1,656",comics,31,13.0,0.0,SBI Press,1.0,1,8,0,15.194750847520005, CA
1241,2320,11.818511304199594,11.177452728682098,"1,040",film_Video,38,56.0,0.0,Ain't Heard Nothin' Yet Corp.,1.0,1,8,1,15.194750847520005, CA
1242,2321,10.05560760059696,11.184421397998193,271,journalism,40,16.0,0.0,Jon Lomberg,1.0,0,8,6,10.561913880367685, HI
1243,2322,10.658599632809274,10.915088464214607,787,games,31,22.0,0.0,Indelve Studios,1.0,0,8,1,11.272508584985562, CA
1244,2324,9.745077815788486,7.3777589082278725,234,art,21,24.0,0.0,Kyra Hinton,1.0,1,8,4,13.593616226050496, VA
1245,2325,13.270064158425706,11.512925464970229,"3,141",design,31,31.0,0.0,Lomography,1.0,1,8,1,15.9166075437284, NY
1246,2327,9.917220324890158,9.822819649468673,234,theater,30,11.0,0.0,Christopher Manning,1.0,1,8,3,15.837971611150978, UK
1247,2328,9.673319386284954,10.308952660644293,89,technology,30,16.0,0.0,Audiolux Devices,1.0,0,8,4,13.357133477695209, OR
1249,2331,12.538214519650909,11.729648448481516,"1,560",publishing,21,5.0,0.0,Kronecker Wallis,1.0,1,8,1,14.29888502284722, Spain
1250,2335,9.572647425766544,9.060679597421776,440,publishing,30,34.0,0.0,The White Review,1.0,1,8,2,15.837971611150978, UK
1252,2338,9.66459564425378,9.615805480084347,151,dance,30,9.0,0.0,Ani Taj,1.0,1,8,2,15.9166075437284, NY
1253,2339,10.283156105600282,10.126631103850338,235,film_Video,30,13.0,0.0,Bradley Beesley,1.0,1,8,1,13.744905673596723, TX
1254,2342,10.636888566243218,10.46310334047155,292,design,30,10.0,0.0,Ravi Varma,1.0,1,8,1,14.648708334886981, NY
1255,2343,10.53940278714094,9.210340371976184,502,art,59,16.0,0.0,Baby Tattoo,1.0,1,8,6,12.07648204918649, CA
1256,2344,10.325449175172755,10.308952660644293,399,art,30,16.0,0.0,Museum of Contemporary Art Chicago,1.0,1,8,1,14.816343153421665, IL
1257,2346,7.138073034044347,7.750614732770409,92,comics,30,15.0,0.0,Daniel A. Prim,1.0,0,8,0,15.837971611150978, UK
1258,2349,7.558814038442103,3.4258899942525267,71,art,30,11.0,0.0,Bryn G Jones,1.0,1,8,6,15.837971611150978, UK
1259,2350,8.935903526274423,8.922658299524402,122,design,36,7.0,0.0,Natasha Dzurny,1.0,1,8,0,12.484802264083928, NJ
1260,2353,11.185221078168757,11.079060882340366,94,technology,32,10.0,0.0,Kell ideas,1.0,1,8,2,13.361211759739437, Poland
1261,2356,10.85528055425278,10.126631103850338,168,design,30,11.0,0.0,Bobby Genalo,1.0,1,8,0,15.194750847520005, CA
1263,2359,9.571017297294214,8.987196820661973,222,crafts,29,12.0,0.0,Cosmic Smudge Media,1.0,1,8,6,13.30755248550697, DC
1264,2360,10.991375877841262,10.819778284410283,"1,717",film_Video,31,27.0,0.0,"ComicMix, LLC",1.0,1,8,1,11.58189166943495, CT
1265,2361,11.993770117393838,10.819778284410283,"1,513",music,45,24.0,0.0,X,1.0,1,8,2,15.194750847520005, CA
1266,2363,11.248556191815522,11.225243392518447,511,design,31,8.0,0.0,Craighton Berman,1.0,1,7,1,14.816343153421665, IL
1267,2365,8.310508447765296,5.728475087246572,93,photography,6,10.0,0.0,Chris T. Hodgson,1.0,1,8,6,9.037533407550814, UK
1270,2372,12.694986960292612,11.833558637561696,"1,704",design,31,8.0,0.0,IA Collaborative,1.0,1,7,1,14.816343153421665, IL
1271,2373,10.683248114229192,10.596634733096073,199,film_Video,30,17.0,0.0,Jiva VR,1.0,1,7,1,14.148353359002385, CA
1274,2380,9.692025505995757,8.517193191416238,256,publishing,14,7.0,0.0,Dynamite Entertainment,1.0,1,8,4,10.642181548052044, NJ
1275,2382,9.608445125678054,10.373491181781864,373,film_Video,30,16.0,0.0,Dandelion Wine Collective,1.0,0,8,2,13.340452576975746, MD
1276,2383,12.30832684156893,11.512925464970229,405,technology,30,6.0,0.0,Tianqi Sun,1.0,1,8,1,14.151849928616338, CA
1277,2384,10.757732653438401,10.714417768752456,373,film_Video,35,19.0,0.0,Chris Cassidy,1.0,1,7,1,15.9166075437284, NY
1278,2385,9.787122261404862,9.433483923290392,164,journalism,29,14.0,0.0,What Pipeline,1.0,1,8,1,13.425597881382114, MI
1279,2386,11.572853373550116,11.225243392518447,"1,174",comics,30,54.0,0.0,Kevin Eastman,1.0,1,8,1,14.148353359002385, CA
1280,2388,11.993213527666486,11.512925464970229,"1,372",film_Video,23,22.0,0.0,Jennifer Brea,1.0,1,8,2,15.194750847520005, CA
1281,2389,13.13607888829027,12.429216196844383,"4,251",art,30,22.0,0.0,Space Center Houston,1.0,1,7,3,14.64677659263844, TX
1282,2390,11.311494480561668,10.126631103850338,"1,403",film_Video,30,22.0,0.0,Julius Film,1.0,1,8,2,10.638472211837653, DE
1283,2392,11.275010983612416,11.209114010588564,971,art,25,26.0,0.0,Pussy Riot,1.0,1,7,0,15.837971611150978, UK
1284,2394,10.152890488412242,10.110501721920453,481,film_Video,30,11.0,0.0,Dan Cleland,1.0,1,7,1,15.837971611150978, UK
1286,2399,10.036224879974322,9.903487552536127,250,music,31,5.0,0.0,Micah Bournes,1.0,1,7,4,13.069257915717223, CA
1287,2400,9.775597361230211,9.740968623038354,240,art,29,9.0,0.0,Luftwerk & NRDC,1.0,1,8,2,14.816343153421665, IL
1288,2403,10.902799444395415,10.30470498536472,787,design,30,9.0,0.0,Today Is Art Day,1.0,1,8,0,13.177977822159425, Canada
1289,2404,11.013451829540461,11.512925464970229,244,design,30,14.0,0.0,Royelles,1.0,0,8,1,13.30755248550697, DC
1290,2406,10.71274971165176,10.596634733096073,639,food,30,9.0,0.0,Yana Gilbuena,1.0,1,7,1,14.151849928616338, CA
1291,2412,10.800941990063988,10.690125076183412,576,film_Video,30,7.0,0.0,Dave Adams,1.0,1,7,0,12.868946168400292, OH
1292,2413,8.826734598220911,7.313220387090301,296,music,29,3.0,0.0,Ally-Jane Grossan,1.0,1,7,0,14.648708334886981, NY
1293,2416,10.336892029333534,9.210340371976184,358,crafts,42,12.0,0.0,Richard W. Brown,1.0,1,8,2,6.584791392385716, VT
1294,2419,9.618202604684068,8.85366542803745,337,film_Video,30,7.0,0.0,NapkinBooks,1.0,1,7,0,14.151849928616338, CA
1295,2420,14.340514788535037,12.611537753638338,"9,040",games,21,1.0,0.0,CMON,1.0,1,7,2,13.047376865601485, GA
1296,2421,10.848307430524256,9.487972108574462,371,design,33,8.0,0.0,Simon Strauss,1.0,1,7,3,15.081840787817118, Singapore
1297,2422,10.958130537988746,9.998797732340453,"2,033",theater,31,22.0,0.0,Lynne M. Thomas,1.0,1,7,0,10.673850371449209, IL
1299,2424,11.40477216422717,10.896739325546411,796,film_Video,30,42.0,0.0,"Matt Grady, Factory 25",1.0,1,7,0,15.9166075437284, NY
1302,2429,10.830282917055369,10.596634733096073,"1,538",technology,30,13.0,0.0,Amber Discko,1.0,1,8,1,14.648708334886981, NY
1304,2436,9.321165927065067,9.210340371976184,168,film_Video,30,12.0,0.0,Nausheen,1.0,1,7,0,15.194750847520005, CA
1305,2437,13.958323493496719,10.819778284410283,"3,696",technology,58,8.0,0.0,Algobrix,1.0,1,7,1,12.626068338172521, PA
1307,2444,8.901775088607979,10.491274217438248,392,games,30,11.0,0.0,Holden Boyles,1.0,0,7,5,11.583840487939831, CO
1308,2445,9.319194776888265,8.517193191416238,164,publishing,21,11.0,0.0,Dynamite Entertainment,1.0,1,7,4,10.642181548052044, NJ
1310,2448,9.055205875026193,9.903487552536127,181,music,30,23.0,0.0,Cat Harris-White,1.0,0,7,4,13.436372336049693, WA
1311,2450,14.305210803985313,11.512925464970229,"6,034",design,32,8.0,0.0,"Kodama, Inc.",1.0,1,6,0,14.151849928616338, CA
1312,2452,12.159557391788704,9.210340371976184,"2,610",art,30,55.0,0.0,Baby Tattoo,1.0,1,7,2,15.194750847520005, CA
1313,2453,12.787913893638502,12.657654506155406,"7,207",games,46,15.0,0.0,Neil deGrasse Tyson's Space Odyssey,1.0,1,6,1,15.194750847520005, CA
1314,2454,11.08526075912615,9.740968623038354,"1,885",film_Video,43,14.0,0.0,Tara Avery,1.0,1,7,3,11.140556584351254, CA
1315,2457,10.43009006411325,9.287301413112312,"1,165",food,30,22.0,0.0,Justin P. Moore,1.0,1,7,1,15.047007280023905, Germany
1316,2458,10.109146210133382,9.926623979287422,873,film_Video,60,21.0,0.0,Hope Nicholson,1.0,1,7,5,13.356744351705224, Canada
1317,2459,9.90817654202226,9.615805480084347,44,art,29,14.0,0.0,LAND (Los Angeles Nomadic Division),1.0,1,7,2,15.194750847520005, CA
1319,2463,10.303135775322728,10.126631103850338,640,food,30,14.0,0.0,Ilana Kruger + Kara Cohen,1.0,1,7,1,14.648708334886981, NY
1320,2466,10.922389022893778,10.126631103850338,"1,365",comics,19,8.0,0.0,Lucy Bellwood,1.0,1,7,2,13.357133477695209, OR
1321,2467,9.280985211545515,9.210340371976184,82,journalism,28,10.0,0.0,Elisa Da Prato,1.0,1,7,1,14.648708334886981, NY
1323,2472,10.500371599375363,9.210340371976184,445,food,30,12.0,0.0,Dachi Tea Co.,1.0,1,7,6,12.096296841260047, RI
1324,2473,9.539693038785506,9.287301413112312,68,design,30,10.0,0.0,walter mason,1.0,1,7,5,15.047007280023905, Germany
