collected,goal_amount,num_backers,category,duration,pledge_types,donate,project_we_love,success,start_month,start_day,population,country,Person,Team,num_projects,num_backed,verified,fb_page_name,fb_likes_at_posting,fb_followers_at_posting,fb_type,fb_likes,fb_comments,fb_shares,fb_post_views,fb_readability,fb_readability_lix,fb_entropy_scores,fb_perplexity_scores,fb_fear,fb_anger,fb_anticip,fb_trust,fb_surprise,fb_positive,fb_negative,fb_sadness,fb_disgust,fb_joy,fb_entities_identified,fb_post_sponsored,fb_post_age,fb_page_age,fb_positive_reactions,fb_negative_reactions,fb_topic_0,fb_topic_1,fb_topic_2,fb_topic_3,fb_topic_4,fb_topic_5,fb_topic_6,fb_topic_7
8.600798775271034,8.496990484098719,66,games,30,7.0,0.0,1.0,1,6,4,11.973093381793852, MA,1,0,2,10, janos stone,Kickstarter,1589842,1587991,link,1,1,0,2,8.267142857142858,48.595238095238095,0.8526318970439388,2.345812671901961,9.556428757689246e-05,6.041043847084136e-05,1.988737813474601e-05,0.25,5.574004315194409e-05,0.25,4.688456637289483e-05,7.183043632798147e-05,5.184526733632816e-05,0.25,"DATE,PERSON,ORG",0,0,4839,1,0,0.0,0.0,0.0,0.0,0.0,0.0,0.0,0.9513017535209656
11.626750071930616,10.886127664951816,"1,462",games,30,9.0,0.0,1.0,1,7,1,15.936165897399452, Japan,0,1,2,0, Maho Williams,Kickstarter,1589866,1588006,link,5,2,0,5,8.475000000000001,33.0,0.0290992637113942,1.029526784052753,6.38792635777333e-05,6.0589979436090654e-05,1.3020326348252605e-05,0.5,9.120294724390168e-05,0.5,8.158291526455958e-05,6.525321651851322e-05,3.294196794718822e-05,4.8780516723164254e-05,,0,2,4839,0,0,0.0,0.0,0.0,0.0,0.945261538028717,0.0,0.0,0.0
12.960634723791586,10.819778284410283,918,design,30,4.0,0.0,1.0,1,6,1,13.436372336049692, WA,0,1,7,16, Marc Barros,Kickstarter,1589901,1588019,link,10,2,1,12,4.836818181818181,33.72727272727273,0.7199960747377576,2.0544251464706034,2.403950683025824e-05,1.0527825509844518e-05,3.683775683358365e-05,6.218508103033269e-05,9.317400279472308e-05,1.0,2.9022184977302543e-05,1.9925957813179935e-05,2.769834283900912e-05,6.18946614929893e-05,PRODUCT,0,2,4839,2,0,0.0,0.0,0.2688511312007904,0.0,0.0,0.0,0.6894434094429016,0.0
10.374272126764936,10.308952660644293,203,film_Video,30,13.0,0.0,1.0,1,6,1,15.9166075437284, NY,1,0,1,2, Julia Greenberg,Kickstarter,1589715,1587803,link,3,1,0,4,15.9,61.666666666666664,0.2845818055954214,1.3292060453444383,0.2857142857142857,4.6927334968539586e-05,5.047207060324058e-05,9.986726016906336e-05,8.764386299015934e-05,0.2857142857142857,0.1428571428571428,9.580666515338998e-05,8.22935794812121e-05,0.1428571428571428,"PERSON,GPE",0,9,4839,0,1,0.0,0.0,0.3486696183681488,0.0,0.0,0.6137418150901794,0.0,0.0
9.542445945729886,8.804775258867686,258,comics,31,16.0,0.0,1.0,1,6,1,15.194750847520003, CA,0,1,4,23, Donold Wooldridge,Kickstarter,1589715,1587803,link,3,5,1,5,14.2395,45.0,0.5708741296615919,1.7698134218786803,0.2,0.2,7.194562033312072e-05,2.8408956179044156e-05,7.591795983364031e-05,4.866342077981746e-05,0.4,0.2,7.182661935954908e-05,3.574428369559921e-05,WORK_OF_ART,0,10,4839,1,1,0.5580220818519592,0.0,0.3103206157684326,0.0,0.0,0.098730020225048,0.0,0.0
11.036924527770871,10.060491301345794,375,film_Video,51,4.0,0.0,1.0,1,6,4,15.936165897399452, Japan,0,1,1,0, 幸治 山本,Kickstarter,1589600,1587689,link,6,1,0,6,11.473636363636366,56.45454545454545,0.2453894462089695,1.2781189748817496,6.506676052501416e-05,2.7195592541172236e-05,5.28085886006473e-05,7.400000206455172e-05,4.005857964394014e-05,7.315225762783071e-05,5.162317411916928e-05,2.86286700957654e-05,4.526659291959719e-05,9.606150502387618e-05,"PERSON,DATE,NORP,ORG,ORDINAL,WORK_OF_ART",0,10,4839,0,0,0.0,0.0,0.0,0.0,0.0,0.0,0.7154101133346558,0.2268465012311935
11.346304013980344,9.210340371976184,"1,154",games,30,27.0,0.0,1.0,1,6,4,13.340452576975746, MD,1,0,5,21, Amanda Coronado,Kickstarter,1589543,1587618,link,9,3,1,11,3.083866666666669,20.333333333333336,0.466686463886474,1.5947013285685407,3.629301836816963e-05,5.085629497430738e-05,6.795480748023194e-05,1.004589901143492e-05,8.32107317707706e-05,1.0,1.4591321462921605e-05,2.98548678377366e-05,6.757916068620777e-05,6.71008672167494e-05,"PERSON,CARDINAL",0,14,4839,1,1,0.0,0.0,0.1899504512548446,0.0,0.3147777616977691,0.0,0.474405437707901,0.0
10.61437641457223,10.23995978915734,277,crafts,25,12.0,0.0,1.0,1,6,0,13.30755248550697, DC,0,1,1,6, Sandra Sugawara,Kickstarter,1589494,1587566,link,6,1,0,7,11.189999999999998,48.33333333333333,0.1938899387124441,1.2139626653093143,0.1428571428571428,0.1428571428571428,9.748440682981428e-05,0.1428571428571428,1.9579034682973134e-05,0.1428571428571428,0.1428571428571428,0.1428571428571428,0.1428571428571428,4.385943457002921e-05,"NORP,EVENT,PERSON,CARDINAL",0,15,4839,0,1,0.0,0.0,0.0,0.0,0.0,0.9512931108474731,0.0,0.0
11.00178229079044,10.670117509855876,629,film_Video,30,15.0,1.0,1.0,1,6,1,15.837971611150978, UK,0,1,1,1, Karen O'Hare,Kickstarter,1589433,1587505,link,5,1,0,5,12.9244,49.0,0.5994303963812583,1.8210812104635712,9.53996983528e-05,5.801321878703046e-05,1.6348086571358975e-05,3.3945597129243236e-05,3.702428522666221e-05,6.959925764118315e-05,5.299749650383557e-05,7.933487433710777e-05,8.105204009417297e-05,1.2758729947541416e-05,"PERSON,GPE,DATE,ORDINAL,LAW",0,16,4839,0,0,0.2142394781112671,0.0178723353892564,0.0178874768316745,0.0178757887333631,0.0178652144968509,0.0178758539259433,0.0178786218166351,0.6785052418708801
13.048583351470366,11.289781913656018,"3,629",film_Video,19,12.0,0.0,1.0,1,6,2,15.194750847520003, CA,0,1,1,2, Thomas Rogers,Kickstarter,1589539,1587589,link,5,8,0,9,8.447142857142854,42.57142857142857,0.4387572724631108,1.550778824976219,3.741523922560336e-05,0.2,6.480143749270342e-05,0.2,3.5978363740894243e-05,0.2,0.2,1.4929451128379011e-05,2.3754475795961457e-05,0.2,"WORK_OF_ART,PERSON",0,19,4839,3,1,0.011371936649084,0.0113729238510131,0.0113770840689539,0.0113783180713653,0.0113784009590744,0.0113788042217493,0.9203641414642334,0.0113783478736877
14.456546214741437,9.903487552536127,"7,960",music,30,5.0,0.0,1.0,1,6,1,15.261576235762831, AU,0,1,2,9, Luke Campbell,Kickstarter,1589563,1587609,link,7,3,0,9,12.115000000000002,59.0,0.5159280447372695,1.6751924341490556,2.0983441136030095e-05,0.1428571428571428,9.0641397066546e-05,3.164033128672715e-05,0.1428571428571428,0.2857142857142857,2.6634666128778957e-05,0.1428571428571428,6.065526883963321e-05,0.1428571428571428,ORG,0,20,4839,1,1,0.0,0.5502610802650452,0.0,0.396137923002243,0.0,0.0,0.0,0.0
7.946744943666274,7.773173680482536,102,journalism,45,6.0,0.0,1.0,1,5,1,12.810751934352226, Italy,1,0,1,0, Elisa Manici,Kickstarter,1589554,1587598,link,1,2,0,5,4.620000000000001,25.0,0.0013450288908616,1.001345933847906,1.3094966900369656e-05,9.429131962637552e-05,2.4763595236877173e-05,1.855024856406376e-05,7.788224660472247e-05,6.427164106399493e-05,7.255089007796019e-05,3.570339371152852e-05,7.552272260849146e-05,1.1080087831626236e-05,"NORP,PERSON",0,21,4839,4,0,0.108458861708641,0.0113754738122224,0.3172631561756134,0.0113742407411336,0.0113895311951637,0.0113704148679971,0.011369471438229,0.5173988342285156
9.011157458106815,8.517193191416238,77,comics,30,5.0,0.0,1.0,1,6,2,15.194750847520003, CA,0,1,7,0, Cynthia Chavez,Kickstarter,1589559,1587609,link,5,1,0,5,15.884117647058822,64.05882352941177,0.82337342518833,2.278172132555188,0.0833333333333333,7.556445404626963e-05,8.998444851514718e-05,0.0833333333333333,0.0833333333333333,0.25,2.994053656640886e-05,0.0833333333333333,3.396654853975735e-05,0.1666666666666666,"WORK_OF_ART,TIME",0,22,4839,0,0,0.3308835625648498,0.0,0.4022756516933441,0.0,0.0,0.0,0.2300058603286743,0.0
10.645649348264971,9.611557804804775,"1,077",games,30,3.0,0.0,1.0,1,6,1,14.77102200299171, Canada,0,1,13,170, Jason Wiseman,Kickstarter,1589575,1587622,link,6,4,0,6,14.414285714285718,44.80952380952381,0.5433522557508766,1.7217690087555848,9.726261649881029e-05,5.515292494057824e-05,8.593015378774969e-05,8.716011804305891e-05,1.668044042816092e-05,4.9413574310851984e-05,0.5,3.791677395097592e-05,0.5,6.863688828462088e-05,ORG,0,23,4839,0,0,0.0,0.0,0.0,0.9484539031982422,0.0,0.0,0.0,0.0
8.64259160081057,8.517193191416238,131,comics,30,8.0,0.0,1.0,1,6,2,13.433583737933631, CO,0,1,1,10, Chad Coon,Kickstarter,1589570,1587615,link,7,2,0,8,2.4220000000000006,18.333333333333336,0.4699456221069606,1.5999071912697709,0.1111111111111111,5.365656182284259e-05,8.149170963229076e-05,0.1111111111111111,4.752625815682968e-05,0.1111111111111111,0.2222222222222222,0.1111111111111111,1.143671538433012e-05,0.1111111111111111,"PERSON,CARDINAL",0,24,4839,1,0,0.0,0.0,0.4679385423660278,0.4784203171730041,0.0,0.0,0.0,0.0
11.458033703860387,10.896739325546411,385,crafts,44,9.0,0.0,1.0,1,5,1,12.514365841886065, Slovenia,0,1,1,0, Žiga Nemanič,Kickstarter,1589718,1587759,link,9,3,2,10,9.475,50.0,0.770875138737048,2.161657176185609,1.7964325184672754e-05,0.3333333333333333,5.4143056648726054e-05,0.3333333333333333,5.163835304033848e-05,4.870253577849301e-05,0.3333333333333333,8.390620633315584e-05,1.116078961635174e-05,4.033569417786872e-05,PRODUCT,0,26,4839,0,1,0.0,0.716374933719635,0.2394839376211166,0.0,0.0,0.0,0.0,0.0
7.346655163176539,11.30622104760779,13,theater,60,7.0,0.0,,0,5,1,13.839253451421484, Ireland,1,0,1,0, Jackson Lennon,Kickstarter,1589735,1587780,link,3,3,1,6,11.4135,50.0,0.6984065028843816,2.0105463536757884,0.1666666666666666,5.867443575743857e-05,1.358251148998786e-05,0.3333333333333333,4.658335302835111e-05,0.5,7.091145190207507e-05,9.54339143993682e-05,6.648322601120153e-05,6.024276863808029e-05,"DATE,NORP,GPE,ORG",0,27,4839,1,2,0.2330147922039032,0.0,0.0,0.0,0.0,0.0,0.0,0.7328747510910034
15.03658801567864,8.76349842795174,"2,444",technology,35,7.0,0.0,1.0,1,5,3,15.7632387676311, Hong Kong,0,1,1,0, WEI JIDONG,Kickstarter,1589846,1587889,link,29,14,6,30,10.591153846153844,49.07692307692308,0.2201842640557669,1.2463063588950276,8.458637582367365e-05,7.295750833623148e-05,3.6255149846232486e-05,7.713683627304336e-05,3.73032331775859e-05,6.0482985829314125e-05,2.2798444974126997e-05,5.007012338642951e-05,9.937642100225036e-05,8.608411287690453e-05,"QUANTITY,GPE,CARDINAL,PERCENT",0,29,4839,1,0,0.0,0.4155780375003814,0.0,0.0,0.1999491751194,0.2577821612358093,0.0,0.1058238893747329
14.99149645697112,10.819778284410283,"2,645",technology,60,6.0,0.0,1.0,1,5,3,11.795160227733778, SC,0,1,2,0, Xiaofeng Ye,Kickstarter,1589880,1587918,link,6,3,1,8,11.947142857142858,49.57142857142857,0.7816432097297124,2.1850598287021037,1.6709557931179375e-05,6.75437320488498e-05,1.9901911869232895e-05,5.093978041655483e-05,6.044847292465748e-05,5.444788696896528e-05,8.421230106687474e-05,6.168817276260733e-05,5.970214224392504e-05,5.155395830288714e-05,"PRODUCT,ORG,CARDINAL",0,30,4839,2,0,0.1460312008857727,0.3121874332427978,0.0,0.0818702057003974,0.4320700168609619,0.0,0.0,0.0
4.8283137373023015,9.35010231435134,6,design,45,9.0,0.0,1.0,0,5,4,14.200667511018631, TX,0,1,1,0, Anthony Maldonado,Kickstarter,1590099,1588121,link,3,3,0,9,2.765000000000001,22.666666666666664,0.0674910874014367,1.069820724672758,1.6664018656068134e-05,9.05272813748171e-05,6.012015744457849e-05,1.239685182226945e-05,6.389649426755053e-05,1.2245669602094572e-05,3.2246692837340846e-05,9.27232590887947e-05,7.348273037075106e-05,9.335911924241652e-05,PERSON,0,35,4839,6,0,0.420657068490982,0.0929034575819969,0.4383034110069275,0.0,0.0,0.0,0.0,0.0
9.073489189226986,8.937218450855731,159,comics,30,10.0,0.0,1.0,1,6,2,12.253919507787362, NY,1,0,2,2, Justin Hubbell,Kickstarter,1590150,1588165,link,4,3,0,8,11.829999999999998,50.0,0.496971104474114,1.6437350214459734,8.767930832880342e-05,9.087372195120732e-05,5.180846171719773e-05,1.1800464798355166e-05,5.564890936260323e-05,6.280450707171104e-05,3.2793154251604636e-05,4.616837218004925e-05,6.168947281049465e-05,8.467770678807897e-05,"NORP,PERSON",0,36,4839,4,0,0.6478400826454163,0.0,0.308003306388855,0.0,0.0,0.0,0.0,0.0
15.766032891241435,9.214510365455537,"5,575",design,30,10.0,0.0,1.0,1,5,1,15.7632387676311, Hong Kong,0,1,1,0, Yinghui Ma,Kickstarter,1590310,1588316,link,11,2,0,11,8.5912,45.0,0.1327571619647646,1.141972650262245,3.926649898240724e-05,8.784954785869987e-05,9.587383544072602e-05,2.994465310681559e-05,3.3192147235056094e-05,2.344759992201437e-05,6.711473048330562e-05,1.8046967565800636e-05,4.8653447417301785e-05,3.573635228982866e-05,"CARDINAL,QUANTITY,ORG,PRODUCT",0,37,4839,0,0,0.0740337595343589,0.6602189540863037,0.0664648041129112,0.0,0.1119265034794807,0.0,0.0,0.0710250213742256
14.592341961670972,11.06663836234181,"7,083",technology,30,6.0,0.0,1.0,1,5,0,11.660767717014435, DE,0,1,1,2, Stanislavs Nevedomskis,Kickstarter,1590480,1588481,link,18,1,1,18,6.549545454545452,38.272727272727266,0.8840072890369267,2.42058026181714,6.738017242196918e-05,2.604983611853947e-05,2.69365752251151e-05,6.97510082904662e-05,8.036449413840209e-05,1.0,1.207410435046399e-05,5.233201626456583e-05,4.603692252397619e-05,5.528823607601082e-05,"CARDINAL,ORG,PRODUCT",0,38,4839,0,0,0.0,0.2325536161661148,0.0,0.7257471680641174,0.0,0.0,0.0,0.0
13.889007048915753,11.719939634354557,"6,634",games,9,3.0,0.0,1.0,1,5,1,12.88794399214574, UK,0,1,15,22, Richard Loxam,Kickstarter,1590673,1588619,link,3,7,0,7,5.961250000000003,32.833333333333336,0.6385925081328279,1.8938134755060103,7.419203085006955e-05,3.885108274148492e-05,8.101665845935243e-05,0.1428571428571428,0.1428571428571428,0.2857142857142857,7.454060385513744e-05,5.6758345845103337e-05,2.113948874496467e-05,0.1428571428571428,"GPE,ORG,ORDINAL,PRODUCT,CARDINAL,WORK_OF_ART",0,42,4839,1,0,0.4308013021945953,0.2003706395626068,0.3358877003192901,0.0,0.0,0.0,0.0,0.0
14.946843284467649,9.456645608511684,"5,557",design,45,13.0,0.0,1.0,1,5,1,15.7632387676311, Hong Kong,0,1,3,0, Huanhuan Li,Kickstarter,1590752,1588691,link,13,1,3,13,10.037777777777777,38.111111111111114,0.0949988646076715,1.0996576065825838,7.938704619591049e-05,6.150554330878011e-05,8.450833415555564e-05,5.650845708671197e-05,8.50636368747645e-05,8.584954834829247e-05,6.196817323562328e-05,8.148104970826738e-05,5.4567120224513695e-05,2.8330805424148425e-05,"QUANTITY,CARDINAL,PRODUCT",0,44,4839,0,0,0.0,0.4457981288433075,0.0,0.0,0.0,0.0,0.5263946056365967,0.0
8.641885635373555,7.824046010856292,110,comics,45,7.0,0.0,1.0,1,4,6,15.9166075437284, CA,0,1,2,12, Raymond McDaniel-Ruiz,Kickstarter,1590802,1588738,link,4,1,2,4,13.074000000000003,48.33333333333333,0.9953474722580792,2.705664321252822,5.444160367279517e-05,4.976683372819576e-05,2.4727765719513135e-05,8.692148872835816e-05,5.177252821368103e-05,1.951616228554951e-05,2.934140454441466e-05,8.198316134512715e-05,5.17663852714208e-05,9.4957156201376e-05,PERSON,0,45,4839,0,0,0.0,0.0,0.395969808101654,0.0,0.5623074769973755,0.0,0.0,0.0
11.057219140425318,12.100712129872347,578,film_Video,30,10.0,0.0,1.0,0,6,2,9.00724451596575, CA,1,0,2,0, Chris Burkard,Kickstarter,1590959,1588883,video,15,8,2,2206,22.89921052631579,53.21052631578947,1.1400940114807854,3.12706233112811,0.0909090909090909,0.0909090909090909,3.869666280429242e-05,0.0909090909090909,6.0433863929386765e-05,0.2727272727272727,0.1818181818181818,8.320127366798879e-05,4.754614692130449e-05,0.0909090909090909,"WORK_OF_ART,PERSON,GPE,CARDINAL",0,49,4839,1,0,0.0125255901366472,0.0125080179423093,0.0125109143555164,0.0125158680602908,0.3221019208431244,0.0125144012272357,0.012508338317275,0.6028149724006653
8.229777750081887,8.922658299524402,72,film_Video,45,7.0,0.0,1.0,0,4,0,10.647993025371216, CA,0,1,1,1, Kayla Anderson,Kickstarter,1590993,1588915,link,5,3,0,5,10.979090909090909,35.63636363636363,0.6608555167968907,1.9364482899905175,0.1111111111111111,2.3678216422664613e-05,2.916255570438751e-05,0.2222222222222222,0.1111111111111111,0.2222222222222222,2.737312526012654e-05,0.1111111111111111,1.768449387634555e-05,0.1111111111111111,"PERSON,ORDINAL,ORG",0,50,4839,0,0,0.5867070555686951,0.0,0.0,0.0,0.0,0.0,0.0,0.3663733899593353
12.488790968937872,9.980448593672255,"4,061",design,38,12.0,0.0,1.0,1,5,1,11.463430552524056, Slovenia,0,1,4,25, Marko  Borko,Kickstarter,1591165,1589071,link,9,11,1,11,5.905000000000001,39.33333333333333,0.0791521380264715,1.082368979025088,6.700633808593811e-05,3.098687989794547e-05,1.5025439878882696e-05,8.649202915829242e-05,8.736331521226468e-05,8.253605150452361e-05,2.609462549734829e-05,6.0682764592947033e-05,5.1092684822918274e-05,9.861637715521184e-05,ORG,0,55,4839,0,2,0.0125147514045238,0.0125334961339831,0.0125354947522282,0.0125384926795959,0.0125355375930666,0.9123014211654664,0.0125223761424422,0.0125184711068868
10.023933705611997,10.021270588192513,167,crafts,37,12.0,0.0,1.0,1,4,0,14.64870833488698, NY,1,0,2,11, Rachel Papo,Kickstarter,1591328,1589220,link,10,4,0,11,12.166666666666664,45.77777777777778,0.379194624822521,1.4611073758364206,8.233048692092031e-05,3.784317058720116e-05,8.115329157853715e-05,0.4,9.13726425099048e-05,0.2,4.819337305854999e-05,0.2,5.8060363199596574e-05,0.2,"DATE,PERSON",0,56,4839,1,0,0.0,0.0,0.0,0.0,0.0,0.0,0.0,0.9513300061225892
14.193863428549214,11.512925464970229,"15,277",games,21,4.0,0.0,1.0,1,5,1,14.836582117509636, MN,1,0,9,357, Patrick Leder,Kickstarter,1591388,1589270,link,9,3,0,9,8.905000000000001,53.66666666666667,0.2914228409473883,1.3383303652034058,9.0330309864098e-05,1.145121817349934e-05,1.7792862236141523e-05,7.784436355237254e-05,8.477616546175434e-05,9.9077110741713e-05,8.864858373863194e-05,4.361736205607069e-05,7.601522486397051e-05,9.471811532788458e-05,ORG,0,57,4839,0,0,0.4751541316509247,0.0,0.0,0.0,0.0,0.0,0.0,0.4670592248439789
10.849836379460154,9.287301413112312,241,design,30,11.0,0.0,1.0,1,5,2,15.047007280023903, Germany,0,1,1,1, Paul Anca,Kickstarter,1591417,1589296,link,15,7,1,15,10.825714285714284,40.04761904761905,0.7410339139312546,2.098103652062489,9.06482169931144e-05,4.165388361629275e-05,8.327898085445812e-05,8.932197162751746e-05,7.905597123682837e-05,8.779884455401319e-05,6.696180234464564e-05,9.84736873375326e-05,4.731188551546077e-05,2.9712346620230893e-05,,0,58,4839,0,0,0.0,0.945264220237732,0.0,0.0,0.0,0.0,0.0,0.0
11.563666106673413,9.615805480084347,"1,262",design,42,47.0,0.0,1.0,1,5,0,14.151849928616338, CA,0,1,3,0, Michael Topolovac,Kickstarter,1591454,1589333,link,4,1,0,7,7.6525,54.0,0.190640139684183,1.210023934128104,3.8620312747467754e-05,5.891359857247131e-05,8.226928160804376e-05,2.543588406822185e-05,5.304448583433752e-05,5.6841692576478426e-05,8.749868427617195e-05,5.44043677568093e-05,8.47839919910466e-05,1.5560539478141955e-05,ORG,0,59,4839,3,0,0.8904476761817932,0.0156458429992198,0.0156690683215856,0.0156514048576354,0.0156522262841463,0.0156327597796916,0.0156691391021013,0.0156318787485361
13.852815976572932,13.122363377404328,"4,252",film_Video,40,18.0,0.0,1.0,1,4,6,13.047376865601484, GA,0,1,1,40, Sherrilyn Kenyon,Kickstarter,1591640,1589494,link,7,3,2,9,5.17625,24.5,1.0075220534535403,2.738805984801542,2.0787883060031452e-05,0.1666666666666666,7.674479505490045e-05,0.1666666666666666,2.8888990450191032e-05,0.3333333333333333,0.1666666666666666,3.860329360615807e-05,5.3544124202215815e-05,1.5450050278675567e-05,"PERSON,DATE,ORG,ORDINAL,CARDINAL",0,64,4839,2,0,0.0,0.0,0.2404830157756805,0.1635346412658691,0.0,0.3347964286804199,0.2226587533950805,0.0
12.611691075217315,12.524526376648708,"1,559",publishing,44,13.0,0.0,1.0,1,5,1,14.151849928616338, CA,0,1,2,2, Amanda  Uhle,Kickstarter,1591693,1589548,link,6,1,0,6,9.004000000000001,50.0,0.7178761982784745,2.0500746318712064,3.908826388186797e-05,5.134114091555405e-05,6.65974526810052e-05,0.25,5.2056571476560495e-05,0.5,3.717843499537185e-05,2.806419267051399e-05,1.0077240144498422e-05,1.6294708678581777e-05,"DATE,PRODUCT,ORG",0,65,4839,0,0,0.0,0.0,0.2493095993995666,0.0,0.0,0.0,0.70648592710495,0.0
12.995527235768137,12.611537753638338,"4,126",music,29,21.0,0.0,1.0,1,4,4,12.403442900525643, KY,0,1,5,28, Adam Turla,Kickstarter,1591704,1589555,link,5,2,0,5,4.587499999999999,28.666666666666664,0.2460405097823483,1.2789513825344865,5.669115595690295e-05,8.361671449142382e-05,7.8595399493531e-05,5.409686586944169e-05,4.390275333641595e-05,6.747278952110073e-05,5.55617984417565e-05,7.366800643216395e-05,3.4821079026162964e-05,8.895500261271638e-05,"WORK_OF_ART,PERSON,ORG",0,66,4839,0,0,0.0,0.0,0.0,0.0,0.0,0.0,0.0,0.9512977600097656
9.909119662387758,9.822819649468672,171,crafts,30,13.0,0.0,1.0,1,5,1,13.433583737933631, CO,0,1,12,22, Stuart  Smith,Kickstarter,1591854,1589695,link,10,9,0,10,8.447142857142854,42.57142857142857,0.4557071833947349,1.5772884208993574,1.3319825261907952e-05,4.735964591694393e-05,2.109300579557936e-05,2.3979697058636925e-05,8.953526367580703e-05,8.01453565613539e-05,7.128744613483911e-05,9.457082123588137e-05,8.067632371304072e-05,2.4960792251353915e-05,"NORP,PERSON,GPE,DATE",0,70,4839,0,0,0.6925727128982544,0.0,0.0,0.1662976443767547,0.0993900224566459,0.0,0.0,0.0
9.970351492789636,8.732304571033183,685,comics,30,34.0,0.0,1.0,1,5,0,14.64870833488698, NY,0,1,1,9, Jason  Mojica,Kickstarter,1591901,1589737,link,8,2,1,9,9.511764705882351,34.64705882352941,0.1697515085845337,1.1850103498321631,5.5241112090597534e-05,4.940033295696579e-05,1.0831808312297037e-05,8.405699712807166e-05,6.0067347532224745e-05,1.2879866681375363e-05,1.7373259662646746e-05,7.111380071904431e-05,5.4778040173539743e-05,6.901960390992452e-05,"PERSON,GPE,ORG,QUANTITY,CARDINAL",0,71,4839,1,0,0.0,0.0,0.3309278488159179,0.0,0.0,0.0,0.6390277743339539,0.0
11.278961079024354,10.819778284410283,471,journalism,25,24.0,0.0,1.0,1,5,4,8.473659189392508, PA,0,1,3,10, Clementine  Seely,Kickstarter,1591962,1589785,link,9,0,1,9,4.620000000000001,25.0,0.4639703984494442,1.5903758921508733,3.156057016002752e-05,1.679743774232982e-05,6.874201354068332e-05,4.846027509190456e-05,5.888600873867584e-05,1.0,2.582494030764324e-05,2.8057702817480828e-05,6.362197096796333e-05,1.4182252967704924e-05,ORG,0,73,4839,0,0,0.0,0.0,0.0,0.0,0.7761421799659729,0.1702122837305069,0.0,0.0
8.29154650988391,10.308952660644293,29,technology,35,6.0,0.0,1.0,0,4,1,13.425597881382114, MI,1,0,1,0, Cherise Morris,Kickstarter,1592103,1589924,link,9,2,3,9,6.293125,28.5,0.5728108667484353,1.773244406554805,9.870854086995408e-05,6.364575379905356e-05,9.763733927061646e-05,2.7735718063988466e-05,2.3287166660933652e-05,0.5,8.338794940144549e-05,4.5306332680754855e-05,8.797327077376683e-05,0.5,,0,76,4839,0,0,0.9026954174041748,0.0138943837955594,0.0138995237648487,0.0138988681137561,0.0139186019077897,0.0139089105650782,0.0138921774923801,0.0138921774923801
8.505055830755891,8.501063809486354,48,theater,60,4.0,0.0,1.0,1,4,1,13.049771178961905, UK,0,1,1,0, Christopher Honey,Kickstarter,1592144,1589956,link,9,5,0,9,4.996923076923078,20.692307692307693,0.3303269735113603,1.3914230125604068,3.138737895931597e-05,9.653893505929986e-05,5.4141357264173915e-05,5.256853899869204e-05,3.4032910394934565e-05,8.752928171349397e-05,4.7707160287703245e-05,1.8204814878115184e-05,8.787969895228383e-05,3.7992499213954474e-05,"WORK_OF_ART,PERSON,CARDINAL",0,77,4839,0,0,0.0156309846788644,0.0156309846788644,0.0156338736414909,0.8905718326568604,0.0156309846788644,0.0156309828162193,0.0156309846788644,0.0156393367797136
10.248813337717966,9.615805480084347,84,film_Video,33,32.0,0.0,1.0,1,4,0,15.9166075437284, NY,0,1,1,19, Michelle DuQuesnay,Kickstarter,1592173,1589978,link,4,0,0,4,7.735999999999997,41.66666666666667,0.1351326245416529,1.1446885880839717,0.1,9.401095947248672e-05,2.2319228772264493e-05,0.15,0.1,0.2,9.219792269538548e-05,0.1,7.714699843861601e-05,0.2,"DATE,PERSON",0,80,4839,0,0,0.410823792219162,0.0,0.2670958936214447,0.2773317694664001,0.0,0.0,0.0,0.0
10.375708845945924,9.152805216589812,161,design,28,6.0,0.0,1.0,1,4,1,15.261576235762831, AU,0,1,1,6, Charles Skender,Kickstarter,1592261,1590047,link,21,14,1,22,3.765000000000001,20.5,0.6155858149668206,1.8507404735216249,1.3669762739928752e-05,2.5397737017144588e-05,5.608934699174193e-05,0.2,0.2,0.2,4.198695973597749e-05,1.7127862915420668e-05,6.462313459127387e-05,0.2,,0,84,4839,1,0,0.0,0.941631317138672,0.0,0.0,0.0,0.0,0.0,0.0
9.963029235244443,9.903487552536127,245,fashion,25,5.0,0.0,1.0,1,4,0,15.194750847520003, CA,0,1,1,3, Anne Alexander,Kickstarter,1592344,1590117,link,5,0,0,5,14.638571428571431,54.33333333333333,0.7201510410126645,2.0547435377519454,2.569297861044923e-05,0.0526315789473684,2.3173834480134132e-05,0.0526315789473684,0.1578947368421052,0.2631578947368421,0.0526315789473684,0.0526315789473684,6.0220055524622656e-05,0.1578947368421052,PERSON,0,86,4839,0,0,0.0,0.5605847835540771,0.4018307030200958,0.0,0.0,0.0,0.0,0.0
9.349738422063616,8.91841062424483,187,food,30,15.0,0.0,1.0,1,4,1,13.161486008824678, Canada,0,1,1,4, Stefani Dubbeldam,Kickstarter,1592383,1590158,link,8,2,0,8,5.538823529411765,26.147058823529413,0.5396926980905508,1.7154796110162758,4.069597159452327e-05,4.671048131021714e-05,3.5715828570920316e-05,9.972198003679956e-05,1.529284491214137e-05,0.5,4.732110530590589e-05,2.508809323267848e-05,2.9913265745051703e-05,4.555349825462333e-05,"DATE,PERSON,GPE",0,87,4839,0,0,0.0,0.3169635832309723,0.3782398998737335,0.0,0.2749835252761841,0.0,0.0,0.0
13.08497018531669,8.922658299524402,"3,299",design,30,19.0,0.0,1.0,1,4,1,13.958411048202212, Denmark,0,1,1,6, Andreas  Kofoed Sørensen,Kickstarter,1592501,1590262,link,11,3,0,11,5.050909090909091,38.272727272727266,0.4086237383303984,1.5047454359266068,3.321474649436401e-05,1.778117564081371e-05,5.718573850372761e-05,4.44316335234046e-05,3.497792267894744e-05,2.664002760296525e-05,6.290010926366544e-05,6.672823140827237e-05,3.6761244495726334e-05,7.90053702807273e-05,,0,90,4839,0,0,0.0,0.0,0.0,0.9374717473983764,0.0,0.0,0.0,0.0
12.030230054833927,10.126631103850338,"1,078",design,30,6.0,0.0,1.0,1,3,1,14.151849928616338, CA,0,1,6,3, Marcus Huynh,Kickstarter,1592583,1590344,link,8,2,1,8,6.374210526315789,35.815789473684205,0.748760797945556,2.1143782506272313,9.103762514469976e-05,2.437745142105498e-05,8.188742340568007e-05,4.298958443499312e-05,2.8118300583847184e-05,3.722523541020106e-05,8.701268684445746e-05,1.7444764094271983e-05,2.6566539356247892e-05,4.071495246781024e-05,"ORDINAL,PERSON,ORG,CARDINAL",0,92,4839,0,0,0.0,0.0,0.324868768453598,0.0,0.6250531673431396,0.0,0.0,0.0
8.693999567522082,6.214608098422191,134,film_Video,16,11.0,0.0,1.0,1,4,1,13.357133477695209, OR,0,1,4,89, T Thorn Coyle,Kickstarter,1592636,1590402,link,4,4,2,6,13.42333333333334,53.44444444444444,0.4226024213409746,1.5259274991408371,7.533601109832155e-05,9.151811115728032e-05,3.7833049942595695e-05,2.7641678077437232e-05,4.496592957041003e-05,5.471696424772067e-05,5.401192108153559e-05,6.039936183532681e-05,4.1733934760172615e-05,1.2034870163370763e-05,WORK_OF_ART,0,93,4839,2,0,0.9451836347579956,0.0,0.0,0.0,0.0,0.0,0.0,0.0
14.62805990712157,10.819778284410283,"2,624",design,36,24.0,0.0,1.0,1,3,1,9.366831168735615, CA,0,1,5,0, Ardavan Sobhani,Kickstarter,1592636,1590402,link,16,8,4,20,7.295294117647057,34.64705882352941,0.6657991885510226,1.946045157039837,9.073992339573196e-05,3.090606886868074e-05,8.939911706355822e-05,3.236520947520462e-05,2.1636673405422164e-05,1.0,3.3028177651837823e-05,8.248092377938407e-05,1.809659569043584e-05,4.861415965396648e-05,"LOC,TIME",0,93,4839,4,0,0.0,0.9484843015670776,0.0,0.0,0.0,0.0,0.0,0.0
14.738776506355311,9.210340371976184,"11,274",technology,60,4.0,0.0,1.0,1,3,1,13.410750701107972, MA,0,1,2,1, Christian Reed,Kickstarter,1592659,1590425,link,35,7,4,39,15.181500000000009,60.0,0.4907423075002371,1.6335283503592966,8.018879912718615e-05,3.954295803496034e-05,1.599598786307153e-05,0.4,7.290393641607369e-05,0.2,6.771063482779698e-05,2.530956524012471e-05,3.642861933063101e-05,2.7510046766291983e-05,ORG,0,94,4839,4,0,0.0,0.4500097930431366,0.0,0.0,0.0,0.0,0.5199519991874695,0.0
11.551646053081829,10.571316925111784,"1,007",design,28,7.0,0.0,1.0,1,4,1,11.39089341502443, NC,0,1,1,10, Erik Fabian,Kickstarter,1592659,1590425,link,4,5,3,7,9.62,35.0,0.2292024174866229,1.2575965727853753,1.7572596849554396e-05,8.830224329681491e-05,4.113752390263234e-05,0.25,4.663146115055438e-05,0.25,1.7351385963363406e-05,3.710408508790353e-05,5.5922511894038826e-05,0.25,,0,94,4839,3,0,0.0,0.0,0.0,0.2904812097549438,0.6558641195297241,0.0,0.0,0.0
9.375698866091676,9.311994025702685,189,crafts,30,17.0,0.0,1.0,1,4,1,9.337501517592862, UK,0,1,1,8, Zoe Winter,Kickstarter,1592769,1590522,link,9,5,4,10,13.85058823529412,67.32352941176471,0.5312677926909987,1.7010875685046054,1.082773464549667e-05,1.4927048403363562e-05,1.1209963958507464e-05,0.3333333333333333,7.558019935863673e-05,0.6666666666666666,5.145759239204657e-05,5.2520672832987966e-05,1.6429484327707522e-05,6.590433330542656e-05,"NORP,ORG",0,97,4839,1,0,0.0,0.0,0.0,0.0,0.0,0.0,0.9561963677406312,0.0
10.03536282454965,9.980448593672255,214,crafts,40,12.0,0.0,1.0,1,3,3,16.20683757967915, India,0,1,1,1, Svetlana Bahchevanova,Kickstarter,1592930,1590685,link,4,0,2,9,10.858333333333334,40.22222222222222,0.4854555417934484,1.624915056989264,2.447272462757488e-05,3.8434224014707315e-05,9.379257366498064e-05,0.25,2.4464746908939552e-05,0.25,3.18230044901186e-05,7.088168871136787e-05,5.532400308279219e-05,0.25,"PERSON,GPE",0,100,4839,1,4,0.0,0.0,0.0,0.0,0.0,0.0,0.0,0.948473870754242
11.473872737706529,11.225243392518449,743,comics,29,7.0,0.0,1.0,1,3,1,14.26495554920974, PA,0,1,16,29, Joshua O'Neill,Kickstarter,1592966,1590718,link,8,0,0,8,13.2975,55.0,0.5409526097231152,1.7176423258623317,7.409612992127823e-05,8.655221775759395e-05,9.66803193446392e-05,3.2955350722252746e-05,5.6424321864320455e-05,1.0,7.618798409363101e-05,4.8063215208418215e-05,4.9332700833276634e-05,8.933267134542172e-05,"PERSON,GPE,NORP,CARDINAL,WORK_OF_ART",0,101,4839,0,0,0.4744538962841034,0.0,0.4755111038684845,0.0,0.0,0.0,0.0,0.0
13.895166113781125,10.126631103850338,"11,008",design,21,6.0,0.0,1.0,1,3,1,14.64870833488698, NY,0,1,9,172, Omar Rada,Kickstarter,1592882,1590630,link,12,12,1,12,8.000980392156862,46.843137254901954,0.6199654772845725,1.858863867710292,1.8430729104528323e-05,9.654502980290022e-05,1.3262708576331535e-05,0.5,1.6655256503637885e-05,0.5,3.6409449231015177e-05,1.8547953993985988e-05,8.811293431074926e-05,7.344226614983857e-05,ORG,0,105,4839,0,0,0.0,0.0,0.0,0.958300232887268,0.0,0.0,0.0,0.0
10.166236358442696,9.903487552536127,127,fashion,30,14.0,0.0,1.0,1,3,0,14.26495554920974, PA,0,1,1,0, Zachary Miscavage,Kickstarter,1592923,1590661,link,5,5,1,5,8.648125,34.75,0.6645112649783411,1.943540412914312,9.02841899659402e-05,2.974504502766217e-05,8.992971271103248e-05,0.5,1.231589106843173e-05,7.669970173169964e-05,9.374734006374998e-05,5.325536081842373e-05,4.381868047960691e-05,3.462125170980916e-05,,0,106,4839,0,0,0.0,0.0,0.0,0.9326165914535522,0.0,0.0,0.0,0.0
8.018954683155718,8.900821604915228,69,crafts,60,7.0,0.0,1.0,0,2,4,15.837971611150978, UK,1,0,2,0, Bella Okuya,Kickstarter,1593259,1590975,link,6,3,1,6,14.945999999999998,55.0,0.7295167403693565,2.0740780472541034,3.5269512619677023e-05,1.4686516559914277e-05,1.3239084598180108e-05,3.666972259826709e-05,9.094010110598215e-05,1.0,7.846002499139406e-05,2.1457021251917304e-05,9.432268310384238e-05,1.4572968269750756e-05,GPE,0,112,4839,0,0,0.0113722821697592,0.7044160962104797,0.2273501902818679,0.0113717196509242,0.0113734500482678,0.0113713257014751,0.0113740758970379,0.0113707045093178
7.509883061154913,8.361708288575842,32,fashion,30,5.0,0.0,1.0,0,3,3,15.837971611150978, UK,0,1,2,0, Tiago Teixeira,Kickstarter,1593330,1591038,link,6,7,0,7,9.884736842105266,29.526315789473685,0.4990371677994925,1.6471345927459264,0.0625,5.294317383901443e-05,1.6317695026694224e-05,0.0625,0.1875,0.25,0.0625,9.419025066847402e-05,8.99673482618309e-05,0.1875,"NORP,CARDINAL",0,113,4839,0,0,0.0104209939017891,0.1795206367969513,0.0937254950404167,0.0104229468852281,0.0104262009263038,0.6746360063552856,0.0104209939017891,0.010426708497107
10.667652220331354,9.903487552536127,829,comics,31,16.0,0.0,1.0,1,3,0,14.262133604157334, AZ,0,1,1,11, Joseph Specter,Kickstarter,1593404,1591106,link,14,7,0,15,13.2975,55.0,0.5179645505228534,1.6786074494020533,0.0909090909090909,0.0909090909090909,1.702987198760406e-05,0.1818181818181818,0.0909090909090909,0.2727272727272727,8.319731067871176e-05,0.0909090909090909,3.813250897236537e-05,0.0909090909090909,"WORK_OF_ART,PERSON,ORG",0,115,4839,1,0,0.0,0.0,0.4746003448963165,0.0,0.0,0.0,0.4953648746013641,0.0
9.912050783196616,9.903487552536127,124,fashion,45,7.0,0.0,1.0,1,2,4,15.194750847520003, CA,0,1,1,3, Daniel Rogers,Kickstarter,1593453,1591152,link,1,4,0,4,13.517142857142858,49.57142857142857,0.2920912672915204,1.3392252395221258,3.650040028626271e-05,2.9218373009555627e-05,5.791588185042217e-05,1.2481141675226107e-05,9.166027884822428e-05,1.7501462322184626e-05,6.199107339760902e-05,9.560014457890322e-05,8.273716824555058e-05,1.01862002290906e-05,ORG,0,116,4839,1,0,0.0,0.0,0.0,0.0,0.0,0.0,0.0,0.964966595172882
10.18282238350008,10.110501721920452,354,fashion,40,11.0,0.0,1.0,1,2,4,13.049771178961905, UK,0,1,1,18, George Atkinson,Kickstarter,1593495,1591197,link,3,5,1,5,7.572352941176469,46.411764705882355,0.4944182720689181,1.639544192935037,0.0833333333333333,7.084837307481191e-05,9.088237484219448e-05,0.0833333333333333,0.1666666666666666,0.25,1.5977054345356143e-05,0.0833333333333333,7.975994418688251e-05,0.1666666666666666,,0,117,4839,0,0,0.8749114274978638,0.017861895263195,0.0179199296981096,0.0178602412343025,0.0178654603660106,0.0178605709224939,0.0178602412343025,0.0178602412343025
8.564267598802166,8.517193191416238,59,fashion,30,8.0,0.0,1.0,1,3,0,13.182238541977242, TN,0,1,1,0, Jared  LaCroix,Kickstarter,1593558,1591252,link,7,6,0,7,11.176250000000003,44.833333333333336,0.8525607405248636,2.3456457579764036,4.465879557417328e-05,4.645009887287936e-05,9.979265967950922e-05,0.25,2.6241104510351275e-05,0.25,3.22223938158372e-05,0.25,3.2740548167341395e-05,0.25,"PERSON,GPE,NORP,ORDINAL,LOC",0,118,4839,0,0,0.0,0.0,0.0,0.0,0.6109901070594788,0.3353261053562164,0.0,0.0
10.777079529877168,8.517193191416238,227,publishing,30,5.0,0.0,1.0,1,3,2,13.357133477695209, OR,0,1,6,17, Griffin Gonzales,Kickstarter,1593580,1591269,link,7,2,0,7,15.834210526315792,61.10526315789473,0.4393931520659708,1.5517652471892136,6.011211362125152e-05,0.0909090909090909,9.66882376874275e-05,0.0909090909090909,4.651355985772298e-05,0.1818181818181818,0.0909090909090909,0.0909090909090909,2.9782285209125577e-05,0.1818181818181818,"PERSON,GPE,NORP,ORG,CARDINAL",0,119,4839,0,0,0.1565062850713729,0.0,0.3594035506248474,0.0,0.0,0.0,0.4492871463298797,0.0
9.277438115508676,9.210340371976184,138,fashion,35,9.0,0.0,1.0,1,2,4,14.64870833488698, NY,1,0,1,7, Nessa Norich,Kickstarter,1593580,1591269,link,13,4,3,15,11.176250000000003,40.666666666666664,0.7413995923442882,2.0988710235734023,7.264268170074757e-05,5.6037307672854376e-05,1.7178708290596398e-05,2.5253944742805105e-05,2.071564703762923e-05,9.063327835346845e-05,4.0199098387551665e-05,7.218272584907377e-05,1.1153318552965086e-05,9.336635766223582e-05,"NORP,PERSON,GPE",0,119,4839,2,0,0.9538947343826294,0.0,0.0,0.0,0.0,0.0,0.0,0.0
11.386761154348417,10.126631103850338,773,fashion,30,19.0,0.0,1.0,1,2,1,15.9166075437284, NY,0,1,1,26, Noah Averbach-Katz,Kickstarter,1593619,1591312,link,12,4,6,20,5.761499999999998,30.0,0.5961365409221167,1.8150927002348531,1.8745884439369172e-05,2.408762920741671e-05,4.1564665850882586e-05,7.04375009032661e-05,4.27795340273452e-05,6.432142170517045e-05,0.5,0.5,7.268231356365545e-05,8.223322192494912e-05,"PERSON,CARDINAL",0,120,4839,8,0,0.0113869542255997,0.0113698402419686,0.0113689387217164,0.0113880736753344,0.0113813504576683,0.0114110959693789,0.9203248023986816,0.0113689387217164
9.546598299920646,10.925938480238674,101,journalism,52,11.0,0.0,1.0,0,3,5,15.194750847520003, CA,1,0,1,0, Adam Davis,Kickstarter,1593638,1591329,link,16,11,1,22,18.32454545454545,74.63636363636363,0.425467791158352,1.530306115922737,9.91048465093837e-05,6.572092600420267e-05,6.19659340419782e-05,1.8904853984547107e-05,6.341065652535045e-05,4.114014860871905e-05,9.39618333846296e-05,8.072746246540274e-05,2.8610435765453854e-05,3.661936993607589e-05,GPE,0,121,4839,6,0,0.0,0.0,0.0,0.0,0.0,0.0,0.9452308416366576,0.0
8.97259066827261,8.930626469173578,114,fashion,60,7.0,0.0,1.0,1,2,2,10.094397126516617, Germany,1,0,1,2, Jan Eilhardt,Kickstarter,1593638,1591329,link,7,4,2,9,6.41,34.666666666666664,0.6759061851277718,1.965813560090702,2.2607561371287165e-05,2.43455396294262e-05,9.401516890321914e-05,6.976651309154702e-05,8.007375515566397e-05,1.1686704278997906e-05,2.9147395586365782e-05,5.267990305024578e-05,3.187325263365437e-05,8.87260261520511e-05,"NORP,PERSON",0,121,4839,2,0,0.0113839898258447,0.0113674914464354,0.0113897435367107,0.011367879807949,0.4267182648181915,0.504996657371521,0.0113853458315134,0.0113905658945441
10.321045908331676,8.517193191416238,255,food,45,18.0,0.0,1.0,1,2,0,8.522777569710138, PA,1,0,13,46, Robyn Jasko,Kickstarter,1593634,1591322,photo,9,4,2,12,41.445,45.5,0.5796960899283957,1.785495718154785,5.664966871273631e-05,1.0,7.504545502401644e-05,4.7733228858305264e-05,2.929095862776856e-05,8.994789698328203e-05,3.968673191132226e-05,8.771014271551291e-05,7.279288258064819e-05,9.452015169362924e-05,,0,122,4839,3,0,0.6812813878059387,0.0138956075534224,0.0139045463874936,0.0139046851545572,0.0139199867844581,0.2352985739707946,0.0138964438810944,0.0138988625258207
9.116688815894728,9.047821442478408,33,fashion,32,5.0,0.0,1.0,1,2,2,13.744905673596724, TX,0,1,1,2, Lauren Camphire,Kickstarter,1593772,1591444,link,9,4,1,10,8.783571428571431,35.42857142857143,0.5962329858123848,1.8152677650930735,0.25,0.125,8.107408082894943e-05,8.983627866241615e-05,0.125,0.125,0.125,0.125,4.367470900137657e-05,0.125,"CARDINAL,QUANTITY,PRODUCT",0,125,4839,1,0,0.0,0.0,0.0,0.0,0.0,0.0,0.9325866103172302,0.0
11.244536085898856,9.210340371976184,239,technology,30,5.0,0.0,1.0,1,2,1,14.148353359002384, CA,0,1,5,26, Hansol Hong,Kickstarter,1593850,1591525,link,16,6,0,16,11.884499999999996,50.0,0.2596197141935961,1.2964369763292882,8.803650867220934e-05,1.174611210563939e-05,8.584472111855217e-05,1.0,9.287758827516296e-05,2.4798035036015032e-05,1.2888787643657042e-05,4.548547777461262e-05,6.526636862556404e-05,4.171982396658712e-05,"CARDINAL,PRODUCT",0,127,4839,0,0,0.3634082674980163,0.0113768046721816,0.0113674374297261,0.0113742724061012,0.0113903656601905,0.0113754170015454,0.5683377385139465,0.0113697666674852
12.726106027480776,12.283033686666302,"1,174",games,30,7.0,0.0,1.0,1,3,1,10.387979467850265, Italy,0,1,1,23, Davide Garofalo,Kickstarter,1593879,1591550,link,8,7,0,8,12.951666666666668,56.88888888888889,0.3292756050166785,1.3899608829953891,5.513646652184797e-05,9.186280255483996e-05,4.411780507439669e-05,0.5,4.5598095645666706e-05,0.3333333333333333,3.226369159759214e-05,5.0785833996212974e-05,7.244570495220948e-05,2.3013118416767712e-05,"ORG,CARDINAL",0,128,4839,0,0,0.0,0.0,0.0,0.951291799545288,0.0,0.0,0.0,0.0
10.06857817240172,9.903487552536127,127,film_Video,30,10.0,0.0,1.0,1,2,0,15.85339624216229, Colombia,0,1,1,0, Federico Simón Mejía Ochoa,Kickstarter,1593915,1591589,link,7,2,0,7,12.3555,55.0,0.8875376395231069,2.4291408605871387,0.0625,0.125,6.339335231578396e-05,0.0625,0.0625,0.1875,0.0625,0.125,6.590766572082054e-05,0.1875,"GPE,LOC,ORG",0,129,4839,0,0,0.0,0.0,0.0,0.0,0.0,0.6371719837188721,0.2269704341888427,0.0911401212215423
10.492328272837732,7.352441100243583,299,design,27,9.0,0.0,1.0,1,2,0,12.120580114509814, Japan,0,1,1,0, Hiroshi Hirono,Kickstarter,1594051,1591700,link,18,6,2,21,12.4375,62.0,0.3200358368807554,1.3771771171837532,1.3234804641706787e-05,5.527653402444481e-05,4.5895295335578015e-05,7.940809261329702e-05,8.418608879720071e-05,9.540599249628152e-05,4.309985193866621e-05,7.076170360781155e-05,8.929864428473137e-05,4.984151379659599e-05,"LOC,NORP,GPE",0,132,4839,3,0,0.0,0.0,0.0,0.0,0.0,0.0,0.9416086673736572,0.0
9.85340405236814,9.615805480084347,164,fashion,30,8.0,0.0,1.0,1,2,2,14.64870833488698, NY,0,1,1,0, Christopher Kim,Kickstarter,1594142,1591775,link,10,6,0,10,10.343478260869563,40.391304347826086,0.7744176020566428,2.1693283468399613,0.3333333333333333,0.1111111111111111,5.506269650157789e-05,0.1111111111111111,8.688343933837952e-05,0.1111111111111111,0.2222222222222222,0.1111111111111111,4.872970022816284e-05,5.0623169837055145e-05,"WORK_OF_ART,PERSON,LANGUAGE",0,134,4839,0,0,0.0125193763524293,0.446817398071289,0.0125218154862523,0.0125284809619188,0.2066499441862106,0.2838934063911438,0.0125541007146239,0.0125155197456479
11.563000517602536,10.79343430907068,635,food,30,8.0,0.0,1.0,1,2,0,13.357133477695209, OR,0,1,1,0, Jennifer Nguyen,Kickstarter,1594178,1591805,link,15,2,0,20,8.491428571428571,39.07142857142857,0.684866808775672,1.9835076321327751,6.606014282371003e-05,3.8951773183117845e-05,2.878682800855509e-05,0.2,0.1,0.5,8.697536049186798e-05,5.8936636782992777e-05,6.02224335191828e-05,0.1,,0,135,4839,5,0,0.0,0.5494039058685303,0.0,0.3185523450374603,0.0,0.1007123962044715,0.0,0.0
14.740331999644916,11.512925464970229,"31,720",theater,23,10.0,0.0,1.0,1,2,1,12.943021377319369, NZ,0,1,2,1, Aaron Cottrell,Kickstarter,1594233,1591848,link,10,1,1,12,1.9800000000000004,22.666666666666664,0.1855231314442344,1.2038480461970165,5.865716094490959e-05,2.86184687880059e-05,2.343357072899256e-05,9.881109510130748e-05,6.765554118030023e-05,4.157709790981016e-05,6.253911075028021e-05,2.12968523825314e-05,6.228261876514994e-05,1.806473180728654e-05,ORG,0,136,4839,2,0,0.6172964572906494,0.3144713938236236,0.0113708209246397,0.0113719822838902,0.0113716563209891,0.0113690569996833,0.011375737376511,0.0113729052245616
13.29304916712846,12.429216196844385,"9,138",fashion,32,29.0,0.0,1.0,1,3,1,14.148353359002384, CA,0,1,9,69, David Martin,Kickstarter,1594379,1591982,link,16,8,1,22,12.263636363636364,44.72727272727273,0.3867309566973569,1.4721603631016,4.950742786350725e-05,8.260370269705554e-05,4.77094316779208e-05,1.0629170685925667e-05,7.254810627447973e-05,2.81623674317895e-05,2.2310025495757877e-05,8.790561804422233e-05,2.9175099926602235e-05,4.6506263901661264e-05,"PERSON,GPE,DATE,ORG,CARDINAL",0,140,4839,6,0,0.9675506353378296,0.0,0.0,0.0,0.0,0.0,0.0,0.0
8.80537513890967,8.699514748210191,180,comics,30,11.0,0.0,1.0,1,2,1,13.62567725854248, NC,1,0,1,19, Jenelle Dunn,Kickstarter,1594486,1592089,link,14,2,0,20,15.306666666666665,62.44444444444444,0.51370246184704,1.6714683002513175,0.1428571428571428,2.7961445430634487e-05,3.599464869276478e-05,8.954598737659086e-05,1.211862558516309e-05,0.2857142857142857,5.768648282500652e-05,3.599236325982718e-05,1.1438429985203425e-05,0.2857142857142857,PERSON,0,143,4839,6,0,0.0,0.0,0.0,0.0,0.1707161664962768,0.7823460102081299,0.0,0.0
12.32181805107206,12.206072645530174,289,technology,59,8.0,0.0,1.0,1,2,1,15.194750847520003, CA,0,1,1,4, Sharon Wisnia,Kickstarter,1594486,1592089,link,19,9,3,21,6.649000000000001,40.0,0.2705520673527262,1.3106878390008794,7.263767854843282e-05,1.3400605593611173e-05,4.6810696306264594e-05,8.577646131104149e-05,2.05031591581273e-05,3.548423466152718e-05,1.8769629683837315e-05,9.83056981024436e-05,5.34118831820031e-05,3.831034682916222e-05,ORDINAL,0,143,4839,2,0,0.0104401763528585,0.0104374745860695,0.0104278419166803,0.010437237098813,0.0104296095669269,0.0104248682036995,0.9269700050354004,0.0104327574372291
14.030286397422948,12.649164247981888,"21,439",games,30,15.0,0.0,1.0,1,2,2,15.194750847520003, CA,0,1,2,2, Shannon Hatakeda,Kickstarter,1594619,1592209,link,24,4,2,26,5.372500000000002,37.0,0.505831887617386,1.658364519704181,2.5596488806376123e-05,3.362592614348491e-05,2.2138736176724297e-05,9.512121447475336e-05,6.974238582197074e-05,9.990727679788998e-05,1.1381353728635938e-05,2.726820749034773e-05,4.622705099490966e-05,3.4848208004745077e-05,"DATE,PERSON",0,146,4839,2,0,0.1631256490945816,0.0113779678940773,0.48638716340065,0.0113755613565444,0.0113913994282484,0.011374332010746,0.0113714560866355,0.2935965061187744
12.47333259884032,9.210340371976184,"1,622",technology,30,4.0,0.0,1.0,1,1,1,9.141526055975824, WA,0,1,4,37, Austin Force,Kickstarter,1594729,1592323,link,19,3,2,20,14.521666666666668,51.33333333333333,0.2251529885021348,1.2525143218247596,6.941776390459582e-05,5.347596206739724e-05,2.707267283651155e-05,0.1428571428571428,2.2791433322428896e-05,0.2857142857142857,5.198944677167598e-05,5.968881882886577e-05,7.23830928035986e-05,0.2857142857142857,CARDINAL,0,148,4839,1,0,0.0,0.4651391804218292,0.0,0.0642755702137947,0.0,0.0,0.4482403397560119,0.0
13.511928074656703,10.819778284410283,444,technology,30,6.0,0.0,1.0,1,1,1,10.696819377009836, VA,0,1,1,0, Martin Angst,Kickstarter,1594772,1592365,link,13,7,0,13,14.475,65.0,0.1024864218799666,1.107922258306262,9.593787525968748e-05,2.9382335456914767e-05,9.2014281008516e-05,5.061205480289037e-05,7.289733074769048e-05,4.323703108756837e-05,7.697008816402568e-05,2.834301047142025e-05,4.5342426793130826e-05,4.827241382447145e-05,CARDINAL,0,149,4839,0,0,0.63626629114151,0.3295928239822387,0.0,0.0,0.0,0.0,0.0,0.0
12.917110037649197,10.38591370178042,"4,042",film_Video,35,16.0,0.0,1.0,1,2,1,14.575639054856664, France,0,1,1,0, Savin Yeatman-Eiffel,Kickstarter,1594930,1592507,link,17,7,0,19,11.621363636363633,44.72727272727273,0.6509986010247969,1.917454645459283,7.820614994179322e-05,4.707518937510373e-05,8.624885388160497e-05,0.3333333333333333,0.1666666666666666,0.3333333333333333,4.210676101413189e-05,4.1754087232003285e-05,1.9113955325401575e-05,0.1666666666666666,"NORP,PERSON,ORDINAL",0,153,4839,2,0,0.0,0.0,0.0,0.0,0.0,0.0,0.0,0.9582787156105042
7.8636512654486515,6.684611727667927,62,crafts,30,11.0,0.0,1.0,1,1,1,14.64870833488698, NY,0,1,1,44, NaTanya Smith,Kickstarter,1594992,1592565,link,4,1,0,5,8.364,41.66666666666667,0.5954649585984721,1.8138741252940944,1.4140237781957747e-05,1.3560175590635184e-05,5.62893831018873e-05,5.495515929990593e-05,9.511244963942727e-05,1.0,5.43408255184156e-05,7.947029119439188e-05,3.778906294029864e-05,6.154505276451949e-05,"CARDINAL,PERCENT",0,155,4839,1,0,0.0,0.0,0.0,0.0,0.9373898506164552,0.0,0.0,0.0
12.992409429515376,11.066085522053774,204,photography,45,4.0,0.0,1.0,1,2,0,16.153306508452264, China,0,1,2,0, ZHOU JISHUANG,Kickstarter,1595014,1592582,link,27,5,2,31,15.124375,66.0,0.0152443511945884,1.0153611390131034,7.332920734420214e-05,7.282634917630615e-05,8.922621367120873e-05,5.0224423362857947e-05,2.295864830933278e-05,3.104074932781665e-05,8.77239569729308e-05,3.29017137209122e-05,9.692353664498532e-05,3.181049378527263e-05,PRODUCT,0,156,4839,4,0,0.0,0.3210804164409637,0.0,0.2132494002580642,0.0,0.0,0.0,0.42389976978302
7.581209826196346,7.46737106691756,49,art,60,8.0,0.0,,1,1,0,13.047376865601484, GA,0,1,1,1, Gerald Coleman,Kickstarter,1595073,1592638,link,10,4,1,12,6.178000000000001,30.0,0.4641108413721115,1.5905992648744984,5.2612459370250914e-05,1.8416811123811856e-05,2.8958103787198307e-05,0.1666666666666666,5.367150721272829e-05,0.3333333333333333,0.1666666666666666,0.1666666666666666,4.281998765273705e-05,0.1666666666666666,PERSON,0,157,4839,2,0,0.2776737809181213,0.1488768309354782,0.4515598118305206,0.0,0.0,0.0,0.0,0.0884782075881958
8.321421586897879,8.006367567650246,124,comics,30,3.0,0.0,,1,1,0,14.64677659263844, TX,1,0,3,0, Lane Fobbs,Kickstarter,1595252,1592823,link,10,1,0,13,6.083846153846153,20.692307692307693,0.1446274694252658,1.1556089903895588,4.9046648431417574e-05,2.158789936312499e-05,2.6186333356827924e-05,1.0,6.042292520651505e-05,7.305767205185735e-05,9.819415312581558e-05,9.16580041287995e-05,8.701217693425636e-05,1.1028050239997025e-05,"PERSON,GPE",0,161,4839,3,0,0.0,0.0,0.3489850461483001,0.0,0.0,0.6068626642227173,0.0,0.0
8.50976567558744,6.684611727667927,41,design,30,1.0,0.0,1.0,1,1,3,10.550564616241545, NC,1,0,2,36, dean verhoeven,Kickstarter,1595252,1592823,link,13,7,0,16,16.128749999999997,58.0,0.2866104074980159,1.3319052120987307,6.715842857808795e-05,3.8553325692118086e-05,2.314816297957775e-05,3.3836716016423235e-05,9.291472448040037e-05,0.5,3.777530424152901e-05,7.326232270801663e-05,7.302856992540496e-05,0.5,"CARDINAL,ORG",0,161,4839,3,0,0.0,0.9326081871986388,0.0,0.0,0.0,0.0,0.0,0.0
9.23989529071504,9.181940897454483,174,crafts,30,8.0,0.0,1.0,1,1,0,10.958339506208922, Germany,1,0,1,1, Ardelle Schneider,Kickstarter,1595257,1592834,link,8,17,1,17,5.765000000000001,28.666666666666664,0.2645042665586967,1.3027849815889356,4.371513531638241e-05,5.481537333240375e-05,6.33658845634663e-05,0.25,7.493415648121179e-05,0.25,3.25472265932973e-05,5.1697591174016075e-05,2.446749594747628e-05,0.25,"DATE,GPE",0,162,4839,8,1,0.0138964047655463,0.0138969980180263,0.0139053650200366,0.7376152873039246,0.0139114996418356,0.0138986492529511,0.1789734959602356,0.013902305625379
7.66105638236183,6.880384082186005,57,comics,60,5.0,0.0,1.0,1,1,4,13.340452576975746, MD,1,0,1,0, Isaac Loyal,Kickstarter,1595293,1592867,link,9,2,0,10,7.590999999999997,40.0,0.4044458325020381,1.498471865518212,8.7084085706949e-05,8.804369359010099e-05,6.066833540637392e-05,3.356394090227192e-05,2.6963539765085593e-05,0.25,0.25,0.25,7.390331365413367e-05,3.321553840259564e-05,"DATE,PERSON",0,163,4839,1,0,0.0113754319027066,0.0113686900585889,0.0113715073093771,0.0114170080050826,0.0113685177639126,0.9203324317932128,0.0113787464797496,0.0113877095282077
9.839217795278309,9.822819649468672,135,film_Video,30,17.0,0.0,1.0,1,1,0,15.837971611150978, UK,0,1,1,0, Richard Lea,Kickstarter,1595293,1592867,link,8,1,0,8,8.991999999999997,41.66666666666667,0.2505473823872396,1.2847284619853567,1.6351187266038688e-05,6.096905921498789e-05,9.749408585812748e-05,6.739402814980422e-05,3.300780069096433e-05,1.3891872248133882e-05,8.419487363648954e-05,1.4208827476309094e-05,8.233879102694636e-05,1.6822360854985303e-05,,0,163,4839,0,0,0.0104317804798483,0.0104183843359351,0.4771298468112945,0.0104211037978529,0.0104288989678025,0.0104205915704369,0.4603292644023895,0.0104200774803757
10.009422902944795,10.46310334047155,174,journalism,27,8.0,0.0,1.0,0,1,2,14.151849928616338, CA,0,1,2,1, Maria Bustillos,Kickstarter,1595329,1592903,link,5,3,1,5,9.06375,45.5,0.1658053714467683,1.180343350847269,6.781773503856841e-05,7.869654207975534e-05,2.9328345996622488e-05,0.4,5.798598343842655e-05,0.4,5.882571491585621e-05,2.0990029859180724e-05,4.647510449888688e-05,0.2,ORG,0,164,4839,0,0,0.0,0.0,0.0,0.4549393951892853,0.0,0.2409942895174026,0.0,0.2727293968200683
9.287401408112643,6.984716320118266,176,games,60,3.0,0.0,1.0,1,12,5,14.575639054856664, France,0,1,6,1, Fabien  Delage,Kickstarter,1595329,1592903,link,5,1,0,5,6.436521739130438,28.89130434782609,0.8221911205695114,2.27548023075794,0.1,1.1810954966776664e-05,3.534405492117263e-05,9.590464256093016e-05,0.2,0.1,0.4,0.1,2.5062651323484385e-05,5.679627307368786e-05,,0,164,4839,0,0,0.0,0.8726089000701904,0.0,0.0,0.0,0.0960962325334549,0.0,0.0
9.726272933110318,9.615805480084347,139,journalism,34,15.0,0.0,1.0,1,1,2,10.968629231142636, MD,0,1,2,10, Chauna Lawson,Kickstarter,1595467,1593035,link,11,2,0,11,14.710500000000003,55.0,0.6041092281250139,1.8296217072324128,4.493529335858697e-05,5.263959632629806e-05,9.609405109905768e-05,8.05719032747599e-05,7.609562885532713e-05,0.4,0.2,9.742551218644348e-05,1.4141871436068436e-05,0.2,ORG,0,167,4839,0,0,0.0,0.8544964790344238,0.0,0.0,0.0877394750714302,0.0,0.0,0.0
8.122059232729754,7.4664060299906065,63,art,19,12.0,0.0,1.0,1,1,2,14.018643220297346, AU,1,0,18,307, Anthony Christou,Kickstarter,1595467,1593035,link,10,1,0,10,6.549545454545452,29.181818181818183,0.5791696693622963,1.784556043841708,0.5,1.0638687924539846e-05,4.781210987647904e-05,0.5,2.482164456949841e-05,4.365244244967101e-05,7.632690454841448e-05,9.446068754025335e-05,5.703331718168999e-05,1.2792068125452896e-05,"WORK_OF_ART,PERSON,CARDINAL",0,167,4839,0,0,0.0,0.4877260625362396,0.0,0.1268900334835052,0.0,0.1030830815434455,0.2605268955230713,0.0
8.313116702819253,6.907755278982137,66,film_Video,35,6.0,0.0,1.0,1,1,5,15.153537568224037, VA,1,0,15,141, Stuart Bradley,Kickstarter,1595550,1593110,link,13,2,0,13,8.059375,34.75,0.2325562131089653,1.261821375267863,9.473183278988727e-05,7.323666187941242e-05,9.771482897769174e-05,4.726557461920073e-05,1.1080462003183602e-05,4.116204117512563e-05,8.005126668559526e-05,7.010572400318943e-05,1.3391177059777844e-05,4.061325399325659e-05,"PERSON,NORP,CARDINAL,WORK_OF_ART,LOC",0,168,4839,0,0,0.9484327435493468,0.0,0.0,0.0,0.0,0.0,0.0,0.0
8.731013415269564,8.294049640102028,105,comics,30,11.0,0.0,1.0,1,1,1,12.94626322746207, CA,1,0,1,6, Bedford Palmer,Kickstarter,1595635,1593193,link,9,3,0,12,3.366538461538461,20.692307692307693,0.7163190790305324,2.0468849052390587,4.474923740206968e-05,9.603820529434652e-05,9.055294764446526e-05,0.25,6.816245516743424e-05,0.5,1.661232629837882e-05,2.5473612597331733e-05,6.524277452139344e-05,0.25,,0,169,4839,3,0,0.0,0.0,0.0767692849040031,0.0,0.336767703294754,0.5516735315322876,0.0,0.0
9.480610990995524,7.114769448366463,687,comics,30,15.0,0.0,1.0,1,1,1,9.49702194409438, UK,1,0,50,363, Simon Birks,Kickstarter,1595635,1593193,link,12,1,0,13,10.073333333333334,45.77777777777778,0.5775379245667392,1.7816464782845989,0.2,0.0666666666666666,7.616042423563564e-05,0.0666666666666666,0.0666666666666666,0.1333333333333333,0.2,0.1333333333333333,0.0666666666666666,0.0666666666666666,"WORK_OF_ART,PERSON,CARDINAL",0,169,4839,1,0,0.0,0.0,0.4010236859321594,0.0,0.0,0.0,0.0,0.5594360828399658
8.408716715080153,6.214608098422191,113,film_Video,17,21.0,0.0,1.0,1,1,1,10.628520921958396, WA,1,0,1,56, Esther Jones,Kickstarter,1595899,1593453,link,12,1,0,13,12.905909090909084,53.81818181818181,0.6261216805285303,1.8703427082676336,0.1111111111111111,1.546147620556141e-05,5.878318469555064e-05,0.1111111111111111,7.530806694526006e-05,0.4444444444444444,0.1111111111111111,8.472899723325723e-05,4.1086160677755016e-05,0.1111111111111111,"WORK_OF_ART,CARDINAL",0,174,4839,1,0,0.0,0.0,0.2871226072311401,0.0,0.6840122938156128,0.0,0.0,0.0
10.244627450087735,7.824046010856292,282,film_Video,16,19.0,0.0,1.0,1,1,2,13.34350011641706, NV,0,1,29,134, Dean Smith,Kickstarter,1595977,1593537,link,7,2,0,9,9.62,48.33333333333333,0.1257438129927424,1.133991617148249,8.330216343300423e-05,5.919534456973039e-05,4.163752374371923e-05,1.0889907851522869e-05,6.300836592302763e-05,3.3990945133796345e-05,3.355071634928355e-05,3.278761106102115e-05,4.089242960938143e-05,4.124243169291567e-05,"WORK_OF_ART,PERSON,CARDINAL",0,176,4839,2,0,0.95389986038208,0.0,0.0,0.0,0.0,0.0,0.0,0.0
9.61953186182516,7.5480289699350145,78,publishing,10,5.0,0.0,1.0,1,1,6,10.589534586605769, CA,1,0,66,374, Thomas Negovan,Kickstarter,1595977,1593537,link,20,2,1,21,12.049545454545452,53.81818181818181,0.4552698592839286,1.5765987854512982,3.5366929729606e-05,4.9244227670672115e-05,9.873655159612758e-05,8.244897030785099e-05,0.1666666666666666,0.1666666666666666,3.357173459354226e-05,0.1666666666666666,6.661084699010594e-05,0.1666666666666666,"DATE,CARDINAL,ORG,WORK_OF_ART",0,176,4839,1,0,0.0,0.0,0.0,0.0,0.0,0.0,0.9649523496627808,0.0
8.863099359667181,5.728475087246572,215,crafts,30,3.0,0.0,1.0,1,1,5,11.665191512850967, UK,0,1,4,6, Vicki  Brown,Kickstarter,1595998,1593549,link,10,0,2,10,5.53125,20.5,0.2058724724280772,1.2285965140740691,8.897248121743477e-05,1.349316530306219e-05,4.206234277788254e-05,9.232208390300298e-05,0.5,0.5,5.048777858831471e-05,8.698843725917407e-05,9.424492933739624e-05,3.665386989466533e-05,"DATE,CARDINAL",0,178,4839,0,0,0.0104276537895202,0.0104303453117609,0.010433972813189,0.0104278977960348,0.2014911919832229,0.0104268491268157,0.7359320521354675,0.0104300547391176
16.016348931001293,13.122363377404328,"28,974",games,16,5.0,0.0,1.0,1,1,2,13.047376865601484, GA,0,1,53,62, David Doust,Kickstarter,1596129,1593657,link,33,3,5,33,7.620000000000001,33.72727272727273,0.4980938446329772,1.6455815451542726,2.5969558940175056e-05,8.514610975469053e-05,2.0256578322233707e-05,5.528746653210692e-05,4.4900093755650826e-05,0.5,2.450342748595269e-05,9.860751553096082e-05,6.074849884703853e-05,5.762075211200555e-05,"WORK_OF_ART,ORG",0,181,4839,0,0,0.6268510818481445,0.0,0.0,0.0,0.0,0.0,0.0,0.3373935222625732
7.669028288589683,6.907755278982137,89,comics,27,5.0,0.0,1.0,1,1,2,11.371177551860011, UT,1,0,1,21, Adam Eastburn,Kickstarter,1596166,1593692,link,11,2,6,12,8.532999999999998,50.0,0.201231544782448,1.222907896986947,4.7135590922028386e-05,5.236353525843437e-05,4.9018879252342094e-05,5.0412632102734336e-05,5.5857650196774504e-05,2.4939999424780293e-05,1.795716301492366e-05,4.164061758497733e-05,6.510694259170717e-05,5.133930077662079e-05,"WORK_OF_ART,PERSON,ORG,PRODUCT",0,182,4839,1,0,0.3872558176517486,0.2291751652956009,0.3522944450378418,0.0,0.0,0.0,0.0,0.0
9.65988615931952,9.392661928770137,153,dance,35,10.0,0.0,1.0,1,12,1,11.973093381793852, MA,0,1,1,29, katherine pearl,Kickstarter,1596209,1593731,link,8,0,1,8,14.470000000000006,75.66666666666666,0.031521800913102,1.0320238744132029,7.987716646677971e-05,1.279613172200107e-05,3.779594282282133e-05,1.8507588760044604e-05,1.4878072795782994e-05,0.3333333333333333,7.2762786585997e-05,0.3333333333333333,6.463571530698379e-05,0.3333333333333333,"FAC,PERSON",0,183,4839,0,0,0.4632593393325805,0.2348435670137405,0.0113788107410073,0.0113985994830727,0.0113806305453181,0.0113724963739514,0.0114096570760011,0.2449569106101989
7.089076335442508,6.761572768804055,32,design,30,2.0,0.0,1.0,1,12,3,14.656601337075454, Italy,0,1,1,0, Lorenzo Mecchia,Kickstarter,1596238,1593758,link,11,1,1,11,9.475,60.0,0.0760388557919037,1.079004498917042,4.8609462463751655e-05,0.25,6.110434822596257e-05,5.184595212559574e-05,3.162888597633448e-05,1.669618854440399e-05,0.25,0.25,5.993517105507619e-05,9.533580535742514e-05,"ORDINAL,GPE,CARDINAL",0,184,4839,0,0,0.0,0.2483070790767669,0.0,0.1718513071537017,0.0,0.0,0.5450707077980042,0.0
9.51708950714519,9.392661928770137,156,film_Video,44,11.0,0.0,1.0,1,12,3,15.194750847520003, CA,0,1,1,0, Kai McDaniel,Kickstarter,1596375,1593878,link,11,1,1,11,21.7825,79.0,2.6263427439970543e-05,1.0000262637723267,9.1229761601161e-05,7.003331714128185e-05,5.6019208929501385e-05,2.2912813372079328e-05,9.472431249793264e-05,7.597343922794685e-05,8.046998543963775e-05,8.549256486832014e-05,9.981396403913556e-05,7.237808813698717e-05,"GPE,DATE,NORP,ORG,CARDINAL",0,188,4839,0,0,0.0,0.0,0.2016515135765075,0.0,0.0,0.0,0.4224843680858612,0.3311577439308166
9.656499466411905,9.392661928770137,154,crafts,45,12.0,0.0,1.0,1,11,1,15.9166075437284, NY,1,0,1,0, Mark Andres,Kickstarter,1596400,1593903,link,11,0,0,11,15.05294117647059,58.17647058823529,0.5159882218220548,1.6752932453794296,5.547271352030714e-05,9.204191985367474e-05,6.72713312740351e-05,5.570225963186622e-05,3.770138859627233e-05,1.4140827804675422e-05,1.0,8.550379248746318e-05,7.203527633840234e-05,2.581747629752161e-05,CARDINAL,0,189,4839,0,0,0.0,0.9561824202537536,0.0,0.0,0.0,0.0,0.0,0.0
9.405084448768694,6.907755278982137,373,film_Video,12,28.0,0.0,1.0,1,1,1,13.069257915717223, CA,1,0,25,685, Russell Nohelty,Kickstarter,1596768,1594239,link,14,6,1,15,11.367391304347828,49.086956521739125,0.7398521946185508,2.095625746839379,0.1666666666666666,0.0555555555555555,7.413442158292598e-05,0.1111111111111111,0.0555555555555555,0.2222222222222222,0.0555555555555555,0.1111111111111111,0.0555555555555555,0.1111111111111111,"PERSON,CARDINAL",0,198,4839,1,0,0.2276090234518051,0.4135855734348297,0.3289710879325866,0.0,0.0,0.0,0.0,0.0
9.916603165623505,9.287301413112312,238,design,36,17.0,0.0,1.0,1,11,3,14.656601337075454, Italy,0,1,1,0, Diego Glikman,Kickstarter,1597882,1595325,link,16,4,1,18,-1.7674999999999983,29.0,0.1213967904384313,1.129072828799749,5.433625938617733e-05,2.846684286143263e-05,5.122131618843513e-05,8.371517101024148e-05,6.802846437043792e-05,4.251368402152892e-05,2.2386519960958288e-05,9.963687734387982e-05,1.971472858044227e-05,1.2478715079173033e-05,GPE,0,216,4839,2,0,0.0157220792025327,0.0156338363885879,0.0156332813203334,0.0156352221965789,0.6691887378692627,0.0156402960419654,0.0156375225633382,0.2369090467691421
9.000483164987708,10.404262840448617,182,publishing,37,34.0,0.0,1.0,0,11,0,15.9166075437284, NY,0,1,2,0, Megan Frank,Kickstarter,1598160,1595574,link,20,7,0,22,8.475000000000001,45.5,0.7355470872019091,2.086623245166837,4.373835215713337e-05,9.096512404350836e-05,2.4085710917241085e-05,8.644704291543876e-05,3.661381860444935e-05,7.618510904821653e-05,6.941291676823714e-05,5.61021202255803e-05,8.010516494701969e-05,9.223211561830744e-05,"DATE,ORG",0,220,4839,1,1,0.5447210669517517,0.0,0.0,0.0,0.0,0.0,0.3974404335021972,0.0
10.274125163171703,9.0641578617981,503,film_Video,30,17.0,0.0,1.0,1,11,1,12.90238979642094, Spain,0,1,7,21, Julie Reier,Kickstarter,1598260,1595645,link,20,6,3,26,6.7636363636363654,47.36363636363637,0.2153426970540768,1.2402868667994102,9.553703356689028e-05,4.8949037353737435e-05,7.828064962181029e-05,2.313360816330998e-05,8.585212451761718e-05,0.5,2.0680403877316775e-05,5.4997433757733455e-05,6.0152849364722865e-05,0.25,"ORG,CARDINAL",0,226,4839,2,4,0.0,0.3452217578887939,0.0,0.0,0.0,0.408754825592041,0.0,0.2091506421566009
10.866432836449292,10.819778284410283,205,food,32,15.0,0.0,1.0,1,11,0,11.376888077819869, WA,0,1,1,1, Theodore Martin,Kickstarter,1598876,1596237,link,14,1,0,15,12.769375000000004,53.5,0.5170997657605901,1.677156442752637,1.6996117326848637e-05,2.1439235239366637e-05,9.243928012258696e-05,7.872837705212987e-05,8.295839178004726e-05,7.566386124117394e-05,6.629261080749458e-05,7.037468474479774e-05,3.4517159789400226e-05,3.852398014909608e-05,"GPE,NORP,ORG,ORDINAL,LOC",0,232,4839,0,1,0.1392774134874344,0.0,0.0,0.0,0.0,0.2213928252458572,0.475258469581604,0.1327557414770126
10.573241072751832,10.21464198117305,179,film_Video,38,11.0,0.0,1.0,1,11,1,15.194750847520003, CA,1,0,1,2, RYOICHI WADA,Kickstarter,1598927,1596287,link,15,0,0,16,11.2288,37.0,0.7267608415926989,2.068369967159186,7.283455426177706e-05,0.0833333333333333,8.454906717776584e-05,0.1666666666666666,0.0833333333333333,0.25,0.0833333333333333,3.512879539725695e-05,1.4558815472879878e-05,0.25,"PERSON,CARDINAL",0,233,4839,1,0,0.9484769701957704,0.0,0.0,0.0,0.0,0.0,0.0,0.0
9.96716632919931,9.903487552536127,239,film_Video,30,11.0,0.0,1.0,1,11,2,12.926200063971772, MN,0,1,1,0, Ashley  Lustig,Kickstarter,1598992,1596347,link,12,3,1,13,11.19318181818182,44.72727272727273,0.7839031787776224,2.1900035805417035,9.198344660444582e-05,1.0824899516543484e-05,1.547030517664631e-05,6.484735932922893e-05,0.2,0.4,8.293136903539244e-05,8.703658300899287e-05,3.939709485036781e-05,0.2,"WORK_OF_ART,CARDINAL,GPE,ORG",0,234,4839,1,0,0.6756791472434998,0.0,0.0,0.0,0.0,0.2930222749710083,0.0,0.0
10.204674891937705,10.110501721920452,144,film_Video,28,16.0,0.0,1.0,1,10,6,13.29061981587345, UK,1,0,1,0, Borja Alcalde,Kickstarter,1599296,1596626,video,5,0,0,9,30.068799999999996,65.0,0.6041639430873018,1.829721817653869,8.294979977036496e-05,4.7432228886775855e-05,6.12073030385117e-05,0.2857142857142857,2.1516531544164317e-05,0.2857142857142857,9.855350461578347e-05,5.192199806481744e-05,9.66466568769828e-05,0.2857142857142857,"WORK_OF_ART,NORP",0,239,4839,3,1,0.0139165092259645,0.1674792021512985,0.0139206582680344,0.2409136742353439,0.013922712765634,0.0139180170372128,0.0139014292508363,0.522027850151062
11.30785510516339,11.225243392518449,"1,097",theater,50,12.0,0.0,1.0,1,11,0,15.194750847520003, CA,1,0,1,5, Adam Frucci,Kickstarter,1599350,1596675,link,12,5,1,12,5.905000000000001,56.0,0.0296715399261393,1.0301161263609184,5.2182384381547326e-05,9.17275318353869e-05,8.000309290995257e-05,7.181473561763941e-05,9.021266318333496e-05,1.0,3.8278366971778054e-05,7.014406331612074e-05,5.3655165429744265e-05,8.299484383953552e-05,WORK_OF_ART,0,240,4839,0,0,0.4151886105537414,0.0178656857460737,0.0178863555192947,0.0178799889981746,0.4775367975234985,0.0178979784250259,0.017866101115942,0.0178784392774105
13.512017589445968,10.38591370178042,"3,986",design,43,17.0,0.0,1.0,1,11,1,14.230937217984762, Sweden,0,1,2,12, Joacim Westlund Prändel,Kickstarter,1599570,1596879,link,14,3,2,15,7.365789473684213,30.552631578947366,0.8176993254833901,2.2652821608056435,9.997459059575176e-05,5.80632501884191e-05,8.322724214216477e-05,8.011403831776889e-05,5.839098551868307e-05,0.3333333333333333,9.901204464808322e-05,0.3333333333333333,1.7305279340260668e-05,0.3333333333333333,PRODUCT,0,245,4839,1,0,0.0,0.2523976564407348,0.0,0.0,0.0,0.573151707649231,0.1297299712896347,0.0
10.856977725399387,10.819778284410283,195,film_Video,25,14.0,0.0,1.0,1,10,0,16.324637595040688, Mexico,0,1,4,0, Alexandra Blaney,Kickstarter,1599641,1596944,link,17,0,0,19,15.829999999999998,56.88888888888889,0.537391108691365,1.711535821561999,7.920886736624594e-05,5.337954259595804e-05,2.3986101586511393e-05,0.1111111111111111,0.1111111111111111,0.3333333333333333,3.8009203462331606e-05,5.8355936758530533e-05,9.628326419895496e-05,0.2222222222222222,,0,246,4839,2,0,0.0104248328134417,0.0104309916496276,0.0104252323508262,0.0104404194280505,0.9269686937332152,0.0104218646883964,0.0104378815740346,0.0104501070454716
9.853771960290196,9.615805480084347,142,theater,34,10.0,0.0,1.0,1,11,1,14.64870833488698, NY,1,0,1,18, Joanna Kotze,Kickstarter,1599641,1596944,link,7,0,0,7,10.431538461538462,51.46153846153847,0.267164373322287,1.3062551421825108,3.226132915688779e-05,3.9205598425205265e-05,2.6319327049388185e-05,0.3333333333333333,9.307850012953228e-05,0.3333333333333333,4.1811489790675306e-05,6.012650892758125e-05,7.796220946199894e-05,0.3333333333333333,"DATE,PERSON,GPE",0,246,4839,0,0,0.0,0.0,0.0,0.0,0.0,0.0,0.958261013031006,0.0
11.205399804383385,9.980448593672255,739,publishing,30,13.0,0.0,1.0,1,11,0,9.222268942841456, Germany,0,1,3,2, Alice Winkler,Kickstarter,1599696,1597002,link,6,1,1,9,5.620000000000001,35.57142857142857,0.0213947357191861,1.0216252440305147,6.455571710057922e-05,5.147818617426868e-05,2.840017303590967e-05,7.980113330284887e-05,1.8644703722542356e-05,2.725410974115643e-05,1.6148824500899753e-05,9.771602856417278e-05,5.2155042364239766e-05,4.2167160350397834e-05,"PERSON,ORG",0,247,4839,2,1,0.0104439100250601,0.0104220760986208,0.010430883616209,0.1300743967294693,0.8073598146438599,0.0104218116030097,0.0104239080101251,0.0104232281446456
13.420826623582542,10.819778284410283,417,technology,25,2.0,0.0,1.0,1,10,1,10.015699543143056, DE,0,1,3,4, Alexander  Thiel,Kickstarter,1599740,1597046,link,9,1,0,9,13.493571428571428,49.714285714285715,0.5743292438104141,1.775938905301872,4.223464462295565e-05,7.646851355283169e-05,7.983765178748994e-05,3.661515144565072e-05,6.804058692714501e-05,6.674869040881159e-05,1.0,8.254183844496306e-05,7.832542619260395e-05,7.207861388059124e-05,"PRODUCT,ORG",0,248,4839,0,0,0.0,0.4606525599956512,0.0,0.0,0.0,0.4092138707637787,0.1016677618026733,0.0
10.263711192398604,10.126631103850338,443,photography,31,79.0,0.0,1.0,1,10,2,13.425597881382114, MI,1,0,1,3, Aisha Sabatini Sloan,Kickstarter,1599925,1597219,link,10,0,2,11,3.9207692307692312,29.576923076923077,0.5130966506443663,1.670456012688644,1.0,7.784323416805321e-05,4.344272568212815e-05,3.654936522855818e-05,8.948411997958489e-05,2.723706949784854e-05,3.645049598486582e-05,2.3463918024841183e-05,6.457321458640281e-05,7.238006543313732e-05,PERSON,0,252,4839,0,1,0.0,0.0,0.0,0.0,0.0,0.9416005611419678,0.0,0.0
12.418725885427948,9.417354541360508,578,design,30,12.0,0.0,1.0,1,11,1,15.837971611150978, UK,0,1,1,4, Anna Samuels,Kickstarter,1599998,1597282,link,46,15,2,51,6.092941176470589,32.029411764705884,0.6082048960980593,1.8371305967241316,0.125,0.25,3.671668308519866e-05,0.125,0.125,0.125,0.125,0.125,8.397615310506034e-05,2.1232325758911886e-05,PRODUCT,0,253,4839,5,0,0.0,0.278908222913742,0.0,0.0,0.0,0.0,0.3055432140827179,0.3764594793319702
11.611285897112246,9.287301413112312,"1,228",art,30,14.0,0.0,1.0,1,10,6,12.523962581382383, France,0,1,15,24, Jean-Luc CAURETTE,Kickstarter,1600076,1597361,link,11,1,0,13,6.436521739130438,37.586956521739125,0.7542629046634798,2.1260438486573383,1.2590440868200507e-05,4.987359789716447e-05,2.2427529094180815e-05,1.0809486353568803e-05,2.3389868156252473e-05,6.026181781928257e-05,7.323711405492007e-05,5.783828682543467e-05,2.6272038130062037e-05,4.8504065389176816e-05,"WORK_OF_ART,CARDINAL,ORG,PRODUCT",0,254,4839,2,0,0.0,0.0,0.0,0.347894936800003,0.6078982949256897,0.0,0.0,0.0
9.723463354790857,9.615805480084347,181,art,30,10.0,0.0,1.0,1,10,1,15.194750847520003, CA,0,1,1,0, Julia Christensen,Kickstarter,1600076,1597361,link,13,1,1,16,10.38052631578947,50.578947368421055,0.4777625333874852,1.6124625319010697,7.336717912893012e-05,7.929762563859408e-05,3.1646083816498326e-05,2.0194217484303018e-05,4.417544904340111e-05,0.75,8.475101031960331e-05,7.424085933938205e-05,6.624932657891161e-05,7.527552196142252e-05,"DATE,ORDINAL,ORG",0,254,4839,2,1,0.0,0.0,0.0,0.0,0.0,0.0,0.2675232589244842,0.6929389238357544
11.501308245630035,11.002099841204238,329,design,31,9.0,0.0,1.0,1,10,1,13.30755248550697, DC,0,1,2,28, Hyungsoo Kim,Kickstarter,1600140,1597431,link,14,8,0,19,9.7105,50.0,0.6107284373554471,1.841772526166988,0.1666666666666666,3.433137314460259e-05,9.888361970619528e-05,0.3333333333333333,5.316297262476988e-05,0.1666666666666666,7.182654416979841e-05,8.892329494577981e-05,2.632220637470433e-05,0.1666666666666666,"CARDINAL,ORG",0,255,4839,4,1,0.0,0.347682774066925,0.0963073521852493,0.0,0.0,0.3079573512077331,0.2185893803834915,0.0
11.441139410462773,11.156250521031495,691,film_Video,30,17.0,0.0,1.0,1,11,2,15.9166075437284, NY,0,1,7,27, Harold Hartley,Kickstarter,1600377,1597629,link,10,2,0,12,10.465714285714284,49.714285714285715,0.8800453325707297,2.4110090011759606,1.1309019910109377e-05,8.404842187290988e-05,4.352202530431059e-05,9.330485035212438e-05,5.708376093825424e-05,4.675089191546427e-05,2.21415151856208e-05,1.6381264322911314e-05,3.215968435477562e-05,6.951218940474363e-05,"PERSON,DATE,NORP,ORG,CARDINAL,WORK_OF_ART",0,258,4839,2,0,0.0,0.0,0.0,0.0,0.0,0.0,0.9513007402420044,0.0
12.724577706790033,9.210340371976184,503,technology,30,7.0,0.0,1.0,1,10,1,14.64677659263844, TX,0,1,2,2, Alexander  Wesley,Kickstarter,1600688,1597937,link,29,4,1,31,14.710500000000003,65.0,0.1677720125833569,1.182666946727055,9.820293177569296e-05,4.4051282351438226e-05,8.588792274613166e-05,4.692571395878432e-05,1.3273375037250946e-05,8.6981701510456e-05,3.1565562186901585e-05,7.945314452534227e-05,5.691913791417512e-05,1.5309702410083936e-05,"QUANTITY,CARDINAL",0,265,4839,2,0,0.0,0.3150607049465179,0.0,0.0862587168812751,0.0,0.0,0.5657310485839844,0.0
12.211696800280397,9.210340371976184,"2,333",design,24,20.0,0.0,1.0,1,10,0,13.744905673596724, TX,0,1,1,21, Geoffrey Gray,Kickstarter,1600726,1597977,link,14,2,0,14,7.195,29.11111111111111,0.7082074218667925,2.0303484363905926,0.2,5.284510319359556e-05,8.709259998047119e-05,6.421917300313965e-05,0.2,0.2,8.931189883279967e-05,4.894579325217925e-05,8.812795866742769e-05,0.2,"WORK_OF_ART,CARDINAL",0,266,4839,0,0,0.0,0.0,0.0,0.0,0.559240460395813,0.2533245086669922,0.1456678658723831,0.0
12.730128640672689,8.971067438732089,"3,122",design,30,7.0,0.0,1.0,1,10,4,15.837971611150978, UK,1,0,1,17, Miles Gibbons,Kickstarter,1600789,1598037,link,28,4,1,32,2.881875000000001,26.75,0.0750262969752756,1.0779124963501958,2.3671242416106493e-05,8.020756213614683e-05,8.873937706979298e-05,8.465140845830997e-05,6.600837271481573e-05,0.5,0.5,6.992048568068765e-05,2.5117432045743417e-05,1.8993987093592735e-05,,0,267,4839,3,1,0.0,0.2912852466106415,0.1949556171894073,0.4865332245826721,0.0,0.0,0.0,0.0
10.813995194534543,10.333645273234664,315,film_Video,32,8.0,0.0,1.0,1,9,3,15.837971611150978, UK,0,1,1,6, Jane Giles,Kickstarter,1600844,1598087,link,12,5,1,15,15.141538461538468,51.46153846153847,0.2147118299648615,1.2395046573949884,6.767872703228932e-05,3.052903401121467e-05,5.708602088555507e-05,0.5,8.890396143937795e-05,0.5,5.375722318947257e-05,8.755146391376824e-05,4.84207787364965e-05,1.6629899381757125e-05,"GPE,ORG",0,268,4839,1,2,0.0,0.0,0.0,0.6248955726623535,0.0,0.0,0.0,0.3173601627349853
12.05838437263057,10.819778284410283,"2,659",design,15,9.0,0.0,1.0,1,10,1,15.194750847520003, CA,0,1,7,44, James Eads,Kickstarter,1600883,1598126,link,11,2,1,15,10.979999999999997,36.5,0.4457897318688893,1.5617230514200036,7.008019646689246e-05,4.419318618658131e-05,1.320668158511254e-05,3.8820703687166965e-05,7.2795296711524e-05,7.103490630586861e-05,5.901509366371325e-05,6.14334262290467e-05,9.955443769537716e-05,5.685935349162534e-05,"CARDINAL,PERSON,PRODUCT",0,269,4839,2,2,0.0104182483628392,0.010422290302813,0.0104206288233399,0.0104182483628392,0.9270604848861694,0.0104198353365063,0.0104182483628392,0.0104219885542988
13.428503055368838,9.210340371976184,"7,953",games,12,5.0,0.0,1.0,1,10,1,13.410750701107972, MA,0,1,22,100, Bobby Downey,Kickstarter,1601059,1598288,link,22,9,1,27,10.562,48.33333333333333,0.4128847800567221,1.5111708988774797,2.0857228399054075e-05,5.8758428794691386e-05,6.805744227701077e-05,5.47627528195046e-05,2.7591220386603343e-05,0.6666666666666666,7.810559323405704e-05,5.386999068904253e-05,1.9884248470959012e-05,0.3333333333333333,"DATE,CARDINAL,PERSON,ORG",0,273,4839,4,1,0.2113647013902664,0.0,0.0,0.0,0.5797405242919922,0.1671320647001266,0.0,0.0
9.17528298016078,9.168893182062009,155,crafts,30,6.0,0.0,1.0,1,10,0,13.049771178961905, UK,1,0,1,0, Crystal Bennes,Kickstarter,1601115,1598326,link,13,30,0,30,16.99235294117647,69.94117647058823,0.4171522232887555,1.5176335145174338,1.0,9.52576209313266e-05,1.7868942774427823e-05,8.883885985366692e-05,8.370786862149399e-05,2.8457580219967415e-05,4.592590319779299e-05,1.55452395348898e-05,3.263486153151904e-05,1.4146042008786982e-05,"PERSON,GPE,ORG",0,274,4839,0,2,0.9649446606636048,0.0,0.0,0.0,0.0,0.0,0.0,0.0
10.85562793730398,10.596634733096073,777,art,32,8.0,0.0,1.0,1,10,0,11.20597902033699, SD,0,1,1,0, Andrew Bentley,Kickstarter,1601443,1598654,video,29,20,15,5370,10.808266666666668,44.333333333333336,0.6511213120599543,1.9176899527407991,6.564292943772664e-05,6.091725758960314e-05,6.517468232825309e-05,2.0723337412533455e-05,5.979332684457369e-05,0.3333333333333333,2.4676054974703577e-05,6.263246329144135e-05,3.076284801629703e-05,0.3333333333333333,GPE,0,282,4839,9,1,0.0178770534694194,0.0178694892674684,0.01789366081357,0.0178668871521949,0.0178999621421098,0.8747636079788208,0.0179313477128744,0.0178979840129613
9.153664194782626,9.903487552536127,86,art,30,9.0,0.0,1.0,0,9,2,13.628841163005458, IN,1,0,1,1, Jedediah Johnson,Kickstarter,1601906,1599095,link,20,15,1,22,3.3520000000000003,20.0,0.232437666684228,1.2616717997211664,6.342332081986439e-05,6.518533246688054e-05,3.903033129699415e-05,1.0,3.487541896795875e-05,3.362436266543399e-05,3.864266025056599e-05,7.73184138825865e-05,6.945602168094379e-05,2.05172428563162e-05,"DATE,PERSON",0,295,4839,2,0,0.0,0.0,0.2039131671190261,0.4596129953861236,0.0,0.0,0.0,0.2996392250061035
14.18349253578066,10.126631103850338,"6,277",design,29,18.0,0.0,1.0,1,9,1,14.64870833488698, NY,0,1,9,172, Omar Rada,Kickstarter,1601968,1599129,video,25,12,0,4284,24.691562500000003,41.0,1.048485921765833,2.853327684538692,7.708955267658971e-05,3.560607637681997e-05,9.608483122993888e-05,5.277294123472258e-05,3.1692037470192856e-05,1.0,3.292633258607037e-05,7.099751467011895e-05,9.349703406488026e-05,7.287628846461696e-05,"DATE,ORG",0,297,4839,1,0,0.0125076361000537,0.0125049883499741,0.0125053934752941,0.912447988986969,0.0125122610479593,0.0125066172331571,0.0125068426132202,0.0125082936137914
10.4352622050525,10.308952660644293,513,journalism,32,9.0,0.0,1.0,1,8,0,15.194750847520003, CA,0,1,1,1, Jennifer Swann,Kickstarter,1602175,1599262,link,10,7,2,11,4.928000000000001,27.5,0.5431785317867119,1.7214699221980114,1.9160422535836336e-05,3.88596479262789e-05,7.960763898148267e-05,3.7357324837390495e-05,2.053846730259983e-05,4.7547697404041333e-05,4.976736614295616e-05,4.96814548344697e-05,4.445682792653061e-05,3.0065413541907984e-05,GPE,0,302,4839,0,1,0.0,0.0,0.1864054203033447,0.0,0.5447611212730408,0.0,0.0,0.2271141856908798
11.666898986248697,9.210340371976184,471,publishing,35,11.0,0.0,1.0,1,8,0,13.357133477695209, OR,0,1,6,17, Griffin Gonzales,Kickstarter,1602215,1599289,link,18,9,2,20,13.390588235294118,58.17647058823529,0.6483402869714446,1.9123642178039617,2.3757322526589884e-05,5.971042121099526e-05,3.1901724463023885e-05,0.5,3.317819052165251e-05,6.34168106690329e-05,1.7671882337115847e-05,3.98224996522233e-05,2.183213518565459e-05,7.359445829863159e-05,"WORK_OF_ART,NORP,LANGUAGE,ORG",0,303,4839,2,0,0.0,0.0,0.0,0.0,0.0,0.0,0.3825893402099609,0.5873642563819885
12.74348664476762,8.987196820661973,"11,753",games,43,6.0,0.0,1.0,1,9,1,13.436372336049692, WA,0,1,4,133, Molly Johnson,Kickstarter,1602244,1599306,video,18,4,3,2770,15.050526315789476,51.60526315789473,0.4072559192377926,1.5026886233842467,3.213619555460574e-05,1.4545672374905394e-05,1.361049204596639e-05,3.886336840272124e-05,4.486102584721974e-05,6.277916831832995e-05,8.785429829988328e-05,2.136466437399246e-05,3.012342124972674e-05,2.0302938267532665e-05,,0,304,4839,3,0,0.0250083021819591,0.333049863576889,0.0250562373548746,0.0250117853283882,0.0250100325793027,0.0250320117920637,0.0250149685889482,0.5168168544769287
11.546143583158438,9.980448593672255,"2,274",games,32,11.0,0.0,1.0,1,9,1,14.141270623605813, Spain,0,1,4,14, Abraham Cozar,Kickstarter,1602500,1599505,video,28,10,3,3541,33.992399999999996,48.5,0.800125635909496,2.225820553916269,2.0083501195124713e-05,5.3637286574449326e-05,5.7166520185603395e-05,1.9588302424753476e-05,2.754675677113382e-05,0.5,3.2468593701951095e-05,2.6261261932517564e-05,3.186801146088638e-05,9.623798750478184e-05,"WORK_OF_ART,PERSON,ORG",0,309,4839,1,0,0.0178925227373838,0.2561629712581634,0.017889080569148,0.017888817936182,0.4831319451332092,0.017885373905301,0.0178879015147686,0.1712613105773925
11.228119253263912,11.002099841204238,521,film_Video,40,16.0,0.0,1.0,1,9,2,15.9166075437284, NY,0,1,1,5, Ryan  Westra,Kickstarter,1602564,1599554,link,32,5,2,32,9.945999999999998,50.0,0.2240906205679572,1.251184397331805,0.125,0.125,2.915656938639224e-05,6.611945944758722e-05,7.342990562034558e-05,0.25,0.125,0.125,0.125,0.125,"NORP,PERSON",0,310,4839,0,0,0.0113812983036041,0.2112777829170227,0.3738406896591186,0.0113875567913055,0.3579611182212829,0.0113772973418235,0.0113952467218041,0.0113789811730384
12.27293658578368,10.308952660644293,"1,864",games,31,7.0,0.0,1.0,1,9,1,15.047055435009424, India,0,1,2,138, Raghava  Kalyanaraman,Kickstarter,1602849,1599780,video,20,2,4,3462,8.062000000000001,42.5,1.127938815521464,3.089282352399657,0.1111111111111111,0.1111111111111111,8.51695534547892e-05,4.6431586527556446e-05,0.1111111111111111,0.2222222222222222,0.2222222222222222,0.1111111111111111,4.3643452979781426e-05,9.974663226387764e-05,"WORK_OF_ART,PERSON,ORG",0,315,4839,1,0,0.3606873154640198,0.0156332161277532,0.0156376417726278,0.545495867729187,0.0156394019722938,0.0156370308250188,0.0156332161277532,0.0156363192945718
13.658556117938913,9.210340371976184,"6,412",games,30,1.0,0.0,1.0,1,8,2,11.076294714343865, MA,0,1,22,100, Bobby Downey,Kickstarter,1602888,1599815,video,53,10,11,5496,11.911176470588238,37.911764705882355,0.5106841272277509,1.6664308557865388,7.925436398727432e-05,0.1666666666666666,2.9713452547785268e-05,0.3333333333333333,2.810215996088788e-05,0.1666666666666666,0.1666666666666666,9.008503049295072e-05,9.464012210413076e-05,0.1666666666666666,"ORG,TIME",0,316,4839,0,0,0.0156527962535619,0.8904114365577698,0.0156817659735679,0.0156359747052192,0.0156404078006744,0.0156603548675775,0.0156655739992856,0.0156516544520854
10.135227330198862,7.757906208351747,178,design,45,6.0,0.0,1.0,1,8,2,15.936165897399452, Japan,0,1,1,0, Shinpei Kawachi,Kickstarter,1603126,1599999,link,17,4,0,17,6.413499999999999,35.0,0.5051635766623056,1.6572565867912348,3.5976749791623025e-05,8.582176961520177e-05,5.215685905219229e-05,0.25,4.7624644266672025e-05,0.5,0.25,3.847859230205137e-05,4.713735299912448e-05,3.130537986089277e-05,"NORP,ORG,PERSON",0,322,4839,0,0,0.0,0.0,0.0,0.7982245087623596,0.0,0.0,0.0,0.1575723141431808
12.311454660956878,9.210340371976184,"2,071",design,37,10.0,0.0,1.0,1,8,2,15.261576235762831, AU,0,1,4,47, Carey Johnston,Kickstarter,1603376,1600174,video,38,11,5,8185,10.061428571428571,24.785714285714285,0.5521907281423339,1.7370542662620654,8.288870012691714e-05,4.872847852381518e-05,9.47719490366332e-05,8.38129661156683e-05,8.369374481832738e-05,5.9348270919309266e-05,8.070125227065417e-05,2.8575981963968468e-05,6.375364553009357e-05,6.195978300919965e-05,,0,328,4839,0,0,0.0250424165278673,0.824812114238739,0.0250049270689487,0.0250243693590164,0.0250392276793718,0.0250298120081424,0.0250123739242553,0.0250348262488842
11.499151031548388,11.002099841204238,"1,646",dance,32,10.0,0.0,1.0,1,8,1,15.194750847520003, CA,0,1,6,2, Corey  Lubowich,Kickstarter,1603483,1600222,link,17,4,1,20,17.13833333333333,68.0,0.3319609286321835,1.3936983937461451,0.0555555555555555,0.1666666666666666,2.360457623694039e-05,0.1666666666666666,0.1111111111111111,0.1111111111111111,0.0555555555555555,0.1111111111111111,8.403708078899547e-05,0.1111111111111111,"DATE,FAC,ORG",0,332,4839,1,2,0.9326489567756652,0.0,0.0,0.0,0.0,0.0,0.0,0.0
9.817439347910677,9.51044496442652,215,design,30,9.0,0.0,1.0,1,7,0,12.523689663065143, ME,0,1,3,5, Nitasia Timms,Kickstarter,1603608,1600318,link,18,13,1,22,10.60142857142857,44.80952380952381,0.3772297333396873,1.4582392770723134,6.170258018619207e-05,9.540245963698436e-05,3.5639977501275495e-05,0.1111111111111111,0.2222222222222222,0.2222222222222222,3.707904860747938e-05,0.1111111111111111,5.08782576527926e-05,0.2222222222222222,"PERSON,CARDINAL",0,335,4839,2,2,0.0,0.0,0.0,0.0,0.3699970245361328,0.457414835691452,0.1334452331066131,0.0
14.080998400516908,13.527828485512494,"8,174",film_Video,31,14.0,0.0,1.0,1,7,1,15.194750847520003, CA,0,1,1,0, Reginald  Cash,Kickstarter,1603652,1600347,link,15,10,1,16,20.558571428571433,71.14285714285714,0.8770259331156114,2.403740181169456,8.157405806739012e-05,5.341205877244777e-05,5.723894962050242e-05,0.3333333333333333,7.288659165969542e-05,0.3333333333333333,4.525989630170531e-05,4.365041154698793e-05,2.709686752212508e-05,0.3333333333333333,"PERSON,ORG",0,336,4839,1,0,0.9452575445175172,0.0,0.0,0.0,0.0,0.0,0.0,0.0
11.32931217024194,7.757906208351747,289,design,40,11.0,0.0,1.0,1,7,2,15.936165897399452, Japan,0,1,2,0, Ryota Morishima,Kickstarter,1603652,1600347,link,30,18,0,33,5.050909090909091,11.0,0.0612817840586204,1.0631984643593877,2.814645880429701e-05,7.325797996450912e-05,6.396761296620697e-05,1.5268727975507014e-05,5.926488208248208e-05,3.6957497703569464e-05,1.107970111564081e-05,3.60478593769767e-05,5.336178943817187e-05,7.471331057541294e-05,"NORP,GPE,ORG,PERCENT",0,336,4839,2,1,0.0,0.2751426994800567,0.0,0.386083036661148,0.0,0.0,0.2940661609172821,0.0
16.315277166305126,11.512925464970229,"3,199",technology,60,14.0,0.0,1.0,1,7,3,15.194750847520003, CA,0,1,3,4, Yun Zhang,Kickstarter,1603723,1600388,video,53,9,14,8050,26.567499999999995,41.16666666666667,0.6686498308338862,1.9516005501060416,8.894804867317975e-05,0.3333333333333333,4.6638276054221775e-05,7.046577746240209e-05,6.27309073675936e-05,0.3333333333333333,0.3333333333333333,5.1250871574305165e-05,7.282972485445423e-05,2.211570788860915e-05,,0,338,4839,6,0,0.0156321283429861,0.8905169367790222,0.0156349595636129,0.0156441461294889,0.0156309623271226,0.0156328883022069,0.0156770255416631,0.0156309623271226
16.070513042400048,10.819778284410283,"81,567",games,30,7.0,0.0,1.0,1,8,1,13.234121186674235, NM,0,1,3,11, Mark  Truman,Kickstarter,1603772,1600425,video,31,14,12,7975,29.45727272727273,38.272727272727266,0.550123872148846,1.7334677329415464,4.952214177131966e-05,2.9371943845085835e-05,7.493293744606154e-05,1.9876370249120497e-05,1.9255367347241945e-05,1.6060185899650646e-05,4.817297564015522e-05,9.713078213746876e-05,3.808312823110006e-05,2.029503185318514e-05,WORK_OF_ART,0,339,4839,12,2,0.0125094158574938,0.2220954000949859,0.0125060910359025,0.7028558254241943,0.012508500367403,0.0125060910359025,0.0125127090141177,0.0125060910359025
11.519227962443123,10.07575877347658,"2,682",games,30,5.0,0.0,1.0,1,8,0,12.579458678174593, Netherlands,0,1,1,0, Jan Willem Nijman,Kickstarter,1603967,1600547,link,21,21,2,21,6.741176470588236,22.88235294117647,0.4009633613354546,1.4932625563517958,0.1428571428571428,0.2857142857142857,4.078855051834832e-05,3.182316682560557e-05,2.7534129620043883e-05,7.258287679314216e-05,0.4285714285714285,1.3188105085883598e-05,0.1428571428571428,9.208739957361554e-05,ORG,0,344,4839,0,0,0.0,0.0,0.0,0.0,0.9538875222206116,0.0,0.0,0.0
11.22488332770289,7.549082710812286,807,art,31,11.0,0.0,1.0,1,7,0,15.194750847520003, CA,1,0,66,374, Thomas Negovan,Kickstarter,1603984,1600535,link,29,11,5,39,13.768499999999996,60.0,0.5502432310793977,1.7336746501447586,2.2534486539704855e-05,5.0945569915779975e-05,2.977072101952367e-05,7.615124276147181e-05,0.125,0.125,0.125,0.25,2.60576718957064e-05,0.125,"PERSON,DATE,NORP,ORG,WORK_OF_ART",0,345,4839,9,1,0.0,0.0,0.0,0.0,0.0,0.0,0.9562129378318788,0.0
10.783985289911469,9.836278802842678,"1,066",theater,29,28.0,0.0,1.0,1,7,2,11.3632182317292, IL,0,1,9,16, Lynne M Thomas,Kickstarter,1604064,1600598,link,17,9,0,19,5.311666666666667,47.88888888888889,0.4471220874411084,1.5638052086086769,8.097374901020776e-05,1.379804217231686e-05,8.014026387875382e-05,0.1428571428571428,0.1428571428571428,0.1428571428571428,1.947298107214369e-05,0.1428571428571428,0.1428571428571428,0.1428571428571428,"PERSON,DATE,ORG,CARDINAL,WORK_OF_ART",0,346,4839,1,1,0.95135235786438,0.0,0.0,0.0,0.0,0.0,0.0,0.0
13.06513909786587,9.980448593672255,"3,083",photography,30,12.0,0.0,1.0,1,7,3,13.270783382522602, Norway,0,1,1,9, Victor Henning,Kickstarter,1604182,1600663,video,50,21,14,7026,21.5908,53.0,0.4608673963488651,1.585448601067694,2.365073917594761e-05,5.4666561295057574e-05,9.842938853856394e-05,0.1666666666666666,4.999920487970849e-05,0.5,0.1666666666666666,6.164490858284589e-05,6.359341910632655e-05,4.821028532954743e-05,PERSON,0,349,4839,4,1,0.0138973332941532,0.0139245772734284,0.0139077575877308,0.4871628880500793,0.0138986175879836,0.0138940839096903,0.4293979704380035,0.0139167886227369
9.877194910581204,9.615805480084347,160,art,30,14.0,0.0,1.0,1,7,0,14.151849928616338, CA,0,1,1,0, Samuel  Price,Kickstarter,1604278,1600717,link,22,15,0,24,7.470625000000002,34.75,0.4426591683211524,1.5568416229612378,6.12900716384185e-05,9.511972453076149e-05,9.952783192557744e-05,0.1666666666666666,0.1666666666666666,0.5,5.942178958301467e-05,1.2121017497259409e-05,9.421064157821076e-05,0.1666666666666666,CARDINAL,0,352,4839,0,2,0.9562169313430786,0.0,0.0,0.0,0.0,0.0,0.0,0.0
12.314110573718072,10.819778284410283,452,design,30,7.0,0.0,1.0,1,7,0,11.480081974040464, CA,1,0,3,3, Saxon McClamma,Kickstarter,1604545,1600949,video,26,13,3,3322,39.83821428571429,74.42857142857143,0.4367818497177399,1.5477184050191402,7.500273115537597e-05,6.212168236315442e-05,8.010033805923146e-05,0.4,0.2,0.4,2.457229552359056e-05,4.218689740728561e-05,7.343563346602152e-05,1.3110972594416837e-05,ORG,0,359,4839,2,1,0.0,0.2314716279506683,0.0,0.0,0.0,0.1781611442565918,0.5512370467185974,0.0
10.23995978915734,10.126631103850338,167,film_Video,30,13.0,0.0,1.0,1,6,1,15.194750847520003, CA,0,1,1,6, Cameron Holly  Dexter,Kickstarter,1604894,1601228,video,25,13,4,3327,19.048181818181817,54.21212121212121,0.6849139129392008,1.98360106580118,0.125,0.125,4.117593877865671e-05,0.125,0.125,1.3569178506020515e-05,0.125,0.25,0.125,2.5115291056782096e-05,"PERSON,CARDINAL",0,366,4839,6,1,0.0113697433844208,0.0113833621144294,0.2738114893436432,0.0113946935161948,0.0113750929012894,0.0113891158252954,0.0113894641399383,0.6578870415687561
10.51926760951963,9.903487552536127,520,film_Video,32,15.0,0.0,1.0,1,6,0,12.94626322746207, CA,0,1,35,4, Steven Stothard,Kickstarter,1604933,1601260,link,10,21,1,21,11.64333333333333,51.33333333333333,0.3608724543266308,1.4345804746766098,9.525550056506338e-05,4.878847565625326e-05,8.998622104479628e-05,0.3333333333333333,4.246560860464775e-05,2.444492069686732e-05,0.3333333333333333,0.3333333333333333,5.1665605102641056e-05,3.0784629978375336e-05,"CARDINAL,ORG",0,367,4839,0,1,0.5429022312164307,0.0,0.2409554868936538,0.0,0.0,0.0,0.0,0.1848562508821487
11.452828903705276,10.07575877347658,785,publishing,30,9.0,0.0,1.0,1,7,4,9.222268942841456, Germany,0,1,3,2, Alice Winkler,Kickstarter,1605131,1601438,link,27,14,4,32,7.126000000000001,47.5,0.3772912906263994,1.4583290450884965,7.26985741489203e-05,4.814273666562168e-05,7.24617951242109e-05,7.87100406018458e-05,8.447520167214927e-05,1.6284687667635317e-05,1.3056153581571958e-05,1.3215034856071938e-05,4.288157395158291e-05,8.441132421583436e-05,"NORP,LOC,PERSON",0,372,4839,4,1,0.0,0.0,0.0,0.0,0.967560052871704,0.0,0.0,0.0
12.215760565719052,11.918390573078392,"2,386",film_Video,33,14.0,0.0,1.0,1,6,1,15.194750847520003, CA,0,1,4,2, Mary Wiles,Kickstarter,1605154,1601456,video,14,8,1,3739,30.905500000000004,20.0,0.3621016500371502,1.4363449390563368,6.460435417445704e-05,5.829203710257583e-05,7.293184617209265e-05,6.962715193453336e-05,6.18623425109069e-05,7.094242725209166e-05,9.993418166766844e-05,1.4758713899560264e-05,6.613597355345358e-05,7.473711876029638e-05,WORK_OF_ART,0,373,4839,2,1,0.0139446388930082,0.9026240706443788,0.0139112584292888,0.0139162950217723,0.0139127913862466,0.0138964634388685,0.0138964634388685,0.0138980522751808
13.711985024363289,11.512925464970229,"2,569",technology,31,4.0,0.0,1.0,1,6,1,12.94626322746207, CA,0,1,4,31, Jesse Vincent,Kickstarter,1605182,1601474,video,52,11,11,8364,32.357142857142854,54.33333333333333,0.5296352796316547,1.6983127863842138,9.863570790661011e-05,1.590406884505266e-05,4.008370373012883e-05,1.6766252651262333e-05,7.584515373820298e-05,9.65166426086194e-05,3.072054551002086e-05,4.478384989462558e-05,7.910662157251678e-05,5.189927493266408e-05,"CARDINAL,ORG,ORDINAL,PRODUCT",0,374,4839,11,0,0.1406608074903488,0.0156426150351762,0.0156494677066802,0.015637157484889,0.3166430294513702,0.3324830830097198,0.1476379632949829,0.0156458187848329
10.134511174380808,10.110501721920452,86,fashion,35,7.0,0.0,1.0,1,6,2,15.837971611150978, UK,0,1,1,0, Carine Rogers,Kickstarter,1605293,1601570,video,33,10,4,5922,47.75333333333334,56.88888888888889,0.253788239009024,1.2888988368719374,5.669542514134649e-05,2.951328483361975e-05,2.9659442048981236e-05,1.0,6.341950805539036e-05,5.754616585335614e-05,2.491065081618617e-05,3.966220614688665e-05,7.143138594731977e-05,6.744169815258073e-05,ORG,0,377,4839,6,0,0.1689538657665252,0.7237995266914368,0.0178655907511711,0.0178652685135602,0.0178710352629423,0.01790427044034,0.0178681816905736,0.0178723130375146
12.343649593847816,11.918390573078392,"1,713",art,32,19.0,0.0,1.0,1,7,0,13.436372336049692, WA,0,1,3,0, Isabella  Sisneros,Kickstarter,1605354,1601627,video,23,3,4,4243,25.96545454545455,44.72727272727273,1.0361568652061448,2.818364818586861,1.0416882070414258e-05,5.020198495701984e-05,2.954398001419585e-05,1.0,8.498920763537231e-05,1.4962306164514514e-05,1.848964719355013e-05,1.9705300284271768e-05,4.2203118115981326e-05,7.765872736188426e-05,ORG,0,379,4839,2,0,0.0,0.0,0.0,0.0,0.0,0.0,0.0,0.9415735006332396
12.365547697128394,12.206072645530174,568,design,30,13.0,0.0,1.0,1,6,1,15.9166075437284, NY,0,1,6,19, Simon Morris,Kickstarter,1605383,1601644,video,20,4,10,3488,32.2875,61.0,1.0766720532656675,2.934896102796751,4.58351824231849e-05,8.426213880952772e-05,8.5750768834434e-05,0.125,0.125,0.375,3.444551191702019e-05,0.125,8.522574979797933e-05,0.125,"QUANTITY,ORG,PERSON",0,380,4839,3,0,0.0125124156475067,0.912221610546112,0.0125499125570058,0.0125428177416324,0.0125887710601091,0.0125372363254427,0.0125136561691761,0.012533625587821
13.069061751879714,9.903487552536127,"5,193",technology,44,5.0,0.0,1.0,1,6,2,15.837971611150978, UK,0,1,3,11, Thomas Putnam,Kickstarter,1605551,1601772,video,40,8,2,5296,41.595000000000006,40.666666666666664,0.587839647001148,1.8000953703046894,2.267713183418199e-05,4.309376573147889e-05,2.6701714247054303e-05,0.2,5.256198520194934e-05,0.2,8.176997777151069e-05,1.1457475839726544e-05,5.6836735441202704e-05,0.2,"WORK_OF_ART,PERSON,CARDINAL",0,385,4839,5,0,0.0,0.0,0.0,0.0,0.0,0.0,0.0,0.932534158229828
10.695733182881636,9.903487552536127,454,film_Video,30,10.0,0.0,1.0,1,6,1,14.64870833488698, NY,1,0,1,6, Emily Allen,Kickstarter,1605672,1601876,video,22,4,1,4657,35.634,66.42857142857143,0.8352284751117168,2.30534070109542,0.25,0.125,8.26461793182242e-05,7.694947998482519e-05,6.544955860325919e-05,0.25,0.125,0.125,0.125,4.482135740719212e-05,"WORK_OF_ART,PERSON,GPE",0,388,4839,3,0,0.0,0.0,0.0,0.4777287244796753,0.3200035095214844,0.0,0.1654439866542816,0.0
9.921327470664458,6.684611727667927,310,film_Video,29,6.0,0.0,1.0,1,6,2,13.436372336049692, WA,0,1,1,0, James Washburn,Kickstarter,1605829,1602010,link,22,5,0,25,8.120000000000001,45.33333333333333,0.2185848788332645,1.2443146281188615,0.1428571428571428,3.5164128938061865e-05,2.185937997373324e-05,0.1428571428571428,0.1428571428571428,0.1428571428571428,6.437381235988257e-05,0.1428571428571428,4.5687286112958166e-05,0.1428571428571428,"DATE,ORG",0,391,4839,3,0,0.527178943157196,0.0,0.168574571609497,0.0,0.2694952487945556,0.0,0.0,0.0
7.912726993278754,7.807916628926408,77,film_Video,60,2.0,0.0,1.0,1,5,3,15.837971611150978, UK,0,1,1,0, Paul Bradley-Cong,Kickstarter,1605903,1602070,link,19,11,0,23,15.884117647058822,69.94117647058823,0.2777352393084644,1.3201366306481437,7.7496442335926e-05,3.304190557553618e-05,5.893312776804257e-05,4.2258316814213394e-05,3.190711888721228e-05,4.819429710803831e-05,1.772898853808222e-05,1.4647274886359694e-05,7.46527692395589e-05,8.638447402827145e-05,PERSON,0,393,4839,4,0,0.2582059502601623,0.0,0.0,0.0,0.2468625605106353,0.0,0.3384023308753967,0.1287240833044052
11.45580469748047,11.429804691575846,450,publishing,35,6.0,0.0,1.0,1,6,3,11.196802764886597, UT,0,1,1,2, Joshua Pedersen,Kickstarter,1605938,1602104,link,13,14,0,21,7.834090909090911,38.272727272727266,0.7418636918651352,2.099845334680934,9.082488604966425e-05,5.827693447720274e-05,1.5042621992402232e-05,2.952979714542852e-05,8.848168803285712e-05,0.4,5.318487546977258e-05,6.686304972263944e-05,1.2301931893402492e-05,0.2,ORG,0,394,4839,4,4,0.3274197876453399,0.231996089220047,0.0,0.0,0.0,0.0,0.0,0.4058150947093963
9.371778717853712,9.210340371976184,117,technology,30,9.0,0.0,1.0,1,6,4,13.433583737933631, CO,0,1,2,1, Wayne Watts,Kickstarter,1605997,1602148,link,22,3,1,26,14.521666666666668,62.44444444444444,0.2423299016261957,1.2742144889162152,1.328947010632854e-05,3.410862245356967e-05,3.7656427891806385e-05,5.6640420412739e-05,0.2,0.2,8.787446501900854e-05,0.2,6.389863042383907e-05,0.2,,0,395,4839,4,0,0.1447454690933227,0.0,0.0,0.0,0.0,0.4435573518276214,0.0,0.3884890973567962
10.051605787988583,9.472704636443671,287,fashion,33,8.0,0.0,1.0,1,5,1,14.26495554920974, PA,1,0,1,14, Vernon Jordan III,Kickstarter,1606098,1602236,link,14,4,2,17,11.367391304347828,40.391304347826086,0.7522433878760086,2.121754599976723,4.966864722444053e-05,3.313864804556006e-05,1.8611758657531567e-05,0.1,0.1,0.3,0.1,4.6190618223732864e-05,9.979412336739831e-05,0.2,"PERSON,CARDINAL,TIME",0,398,4839,3,0,0.9619299173355104,0.0,0.0,0.0,0.0,0.0,0.0,0.0
10.744613261467482,10.568235258574376,282,design,30,14.0,0.0,1.0,1,6,1,15.047007280023903, Germany,0,1,1,12, Junior  Ngwenya,Kickstarter,1606152,1602283,link,13,7,0,16,13.652499999999996,47.25,0.4623506512868499,1.5878019704260498,4.606867547877934e-05,5.3150948033478914e-05,3.260010581371055e-05,4.009730062191511e-05,8.209790650143178e-05,6.61965222924254e-05,1.127532606657631e-05,6.66595329631064e-05,1.0,5.666847252803523e-05,ORG,0,399,4839,3,0,0.5506360530853271,0.3043507933616638,0.0,0.0,0.0,0.0,0.1165675669908523,0.0
9.67205978163422,9.615805480084347,134,art,28,12.0,0.0,1.0,1,6,1,8.855378246041125, KY,0,1,1,0, Natasha Sams,Kickstarter,1606192,1602312,link,21,6,1,25,7.727500000000003,37.0,0.507203536318566,1.660640773997456,4.678607539882867e-05,4.00728720145476e-05,2.445020296868532e-05,2.3062572393952657e-05,2.3569435612999086e-05,9.882803527191578e-05,1.9825007129025107e-05,9.26148386682992e-05,1.9617839347154055e-05,9.84280329144084e-05,"GPE,ORG",0,400,4839,3,1,0.1932916641235351,0.5285118818283081,0.2213003933429718,0.0113914739340543,0.0113718779757618,0.0113718779757618,0.0113772982731461,0.0113835949450731
14.503934099687806,11.918390573078392,"9,462",design,59,9.0,0.0,1.0,1,6,1,14.151849928616338, CA,0,1,6,3, Philip Winter,Kickstarter,1606250,1602385,link,15,6,2,17,2.0314285714285703,21.285714285714285,0.8665901605600338,2.378785731309905,7.443750059626578e-05,5.6147490981453664e-05,1.5577753239056743e-05,1.556341244600086e-05,5.296276219457829e-05,1.0,1.472582494711546e-05,9.26949962955411e-05,4.985048963661584e-05,9.559987268804648e-05,"PERSON,PERCENT,MONEY,DATE,ORG,ORDINAL,CARDINAL",0,401,4839,2,0,0.0,0.2628901898860931,0.0,0.7058019042015076,0.0,0.0,0.0,0.0
9.78261851005514,9.615805480084347,180,film_Video,30,10.0,0.0,1.0,1,5,0,15.9166075437284, NY,1,0,2,37, Alden Peters,Kickstarter,1606288,1602427,video,13,5,0,3199,35.7075,61.5,0.8057823852358451,2.2384471418870735,0.0909090909090909,0.0909090909090909,4.215438297964407e-05,0.0909090909090909,0.0909090909090909,0.1818181818181818,0.1818181818181818,0.0909090909090909,0.0909090909090909,0.0909090909090909,PERSON,0,402,4839,3,0,0.3961949348449707,0.0208494495600461,0.0208966676145792,0.0208470784127712,0.4786637127399444,0.0208539776504039,0.0208470784127712,0.0208470784127712
12.55182313431068,12.493879710170106,"1,352",technology,35,11.0,0.0,1.0,1,5,3,8.58260632996447, NJ,1,0,1,3, Scott Whittle,Kickstarter,1606486,1602617,link,23,4,4,24,13.741428571428573,54.33333333333333,0.7429709805017828,2.1021717573317256,1.8949725348341067e-05,4.7880687588330344e-05,7.947029316927291e-05,0.2,4.949561194445381e-05,0.4,6.225814613990756e-05,9.56479913375018e-05,5.450653393474334e-05,3.667355547537765e-05,PERSON,0,407,4839,1,0,0.4183569848537445,0.0,0.0,0.4339376389980316,0.0,0.0,0.1178901493549346,0.0
8.520376120518726,8.501063809486354,41,theater,24,6.0,0.0,1.0,1,5,1,15.837971611150978, UK,1,0,1,0, Gemma Lawrence,Kickstarter,1606545,1602666,link,14,4,0,16,12.186521739130434,44.73913043478261,0.4422551639168497,1.5562127791251528,2.8448586587423887e-05,1.6531731824023973e-05,5.128559417802168e-05,6.336148072647372e-05,9.910883072944464e-05,0.25,0.25,0.25,9.819240209000212e-05,0.25,"WORK_OF_ART,PERSON,GPE,CARDINAL",0,409,4839,2,0,0.4873291552066803,0.0,0.4731529951095581,0.0,0.0,0.0,0.0,0.0
10.25234703516517,10.126631103850338,279,film_Video,32,10.0,0.0,1.0,1,5,0,13.410750701107972, MA,0,1,1,7, Andrew Komack,Kickstarter,1606545,1602666,link,13,0,2,14,3.3328571428571436,29.547619047619047,0.7558256043505355,2.1293688139988123,0.1428571428571428,8.65285937341839e-05,9.833872537398816e-05,7.846431650826977e-05,8.756776146546148e-05,0.2857142857142857,0.1428571428571428,0.2857142857142857,4.891875784842225e-05,9.084107966952652e-05,"WORK_OF_ART,PERSON",0,409,4839,1,0,0.0,0.0,0.0,0.0,0.9675538539886476,0.0,0.0,0.0
14.346723344034915,10.126631103850338,"15,576",design,31,6.0,0.0,1.0,1,5,3,14.64870833488698, NY,0,1,9,172, Omar Rada,Kickstarter,1606674,1602771,video,34,4,6,4167,34.46,60.33333333333333,0.4491058980965174,1.566910581261744,1.7695767776902127e-05,8.496042353985065e-05,8.816188070911317e-05,8.10297632284835e-05,2.5040601693226063e-05,1.0,6.000377076189715e-05,8.659675038895484e-05,7.731347833578846e-05,9.728402630723565e-05,ORG,0,413,4839,0,0,0.3167202174663543,0.0,0.0,0.6363579630851746,0.0,0.0,0.0,0.0
13.583773941794542,11.289781913656018,"11,370",design,29,10.0,0.0,1.0,1,6,1,13.433583737933631, CO,0,1,7,10, Dani Hedlund,Kickstarter,1606715,1602804,link,15,5,2,15,8.189999999999998,53.44444444444444,0.1677076640730197,1.1825908463193084,6.24737404872723e-05,9.51740788022534e-05,7.647035483042156e-05,6.194054415033562e-05,9.436961573955332e-05,2.9566431976821654e-05,3.7680543251255766e-05,7.114644486972659e-05,3.8538234095814066e-05,9.733469857216814e-05,"PERSON,ORG",0,414,4839,0,0,0.0,0.0,0.0,0.0,0.9561995267868042,0.0,0.0,0.0
11.527053196934787,11.354164172585287,852,publishing,42,10.0,0.0,1.0,1,5,5,15.9166075437284, Netherlands,0,1,1,1, Wiegertje Postma,Kickstarter,1606944,1603107,link,10,2,1,10,6.689999999999998,39.33333333333333,0.5192598320601297,1.6807831273931768,8.816211783081215e-05,6.514159102071466e-05,4.657598675690477e-05,1.2836996677640164e-05,7.719986554901368e-05,2.3602347714091812e-05,6.931915708181623e-05,8.40972289099772e-05,5.0336953833011795e-05,9.265138706423742e-05,"NORP,LANGUAGE,ORG",0,421,4839,0,0,0.0,0.0,0.0,0.9416099190711976,0.0,0.0,0.0,0.0
13.486416038931946,11.512925464970229,873,design,42,5.0,0.0,1.0,1,4,2,10.015699543143056, DE,0,1,1,0, QIUYU WU,Kickstarter,1606971,1603131,video,32,6,13,4227,36.97857142857143,49.42857142857143,0.6020296790595293,1.8258208725018368,9.050970042046824e-05,5.928544905883724e-05,9.689123605958231e-05,7.339886385828359e-05,9.054697407794782e-05,1.3829749714649316e-05,6.833815478943203e-05,7.179518313718083e-05,7.12999192530474e-05,1.6495088567898252e-05,"PERSON,CARDINAL",0,422,4839,9,0,0.0125040952116251,0.9124391078948976,0.0125078493729233,0.0125079276040196,0.0125072347000241,0.0125079387798905,0.0125119490548968,0.0125139784067869
14.679976485803596,10.819778284410283,"18,581",games,30,5.0,0.0,1.0,1,4,1,11.076294714343865, MA,0,1,22,100, Edward Maranville,Kickstarter,1607024,1603172,video,11,6,7,3123,32.7064,57.0,0.5263457117449726,1.6927352500524464,1.2022237748810567e-05,1.761838782261661e-05,1.6405911897730913e-05,7.028245371144876e-05,3.787115513684829e-05,1.0,8.286643182664924e-05,8.472789474264689e-05,5.441670234604711e-05,8.4616202985383e-05,"PERSON,ORG,CARDINAL",0,423,4839,12,0,0.0,0.4708735942840576,0.0,0.0,0.4713532328605652,0.0,0.0,0.0
12.795541228548036,10.819778284410283,"5,158",games,31,11.0,0.0,1.0,1,5,2,14.816343153421665, IL,1,0,2,100, Tanya DePass,Kickstarter,1607170,1603260,link,19,5,4,21,3.1762499999999996,20.5,0.2178992075333913,1.2434617297277375,2.5451135726347314e-05,2.726858659640514e-05,4.264629831752353e-05,2.3780217781516012e-05,7.628066068778205e-05,5.6401355369684306e-05,1.0446093267329105e-05,5.512741005499725e-05,5.294393670860627e-05,4.365747847214381e-05,NORP,0,428,4839,2,0,0.0,0.2787823677062988,0.2759318947792053,0.0,0.0,0.1890137195587158,0.2205221801996231,0.0
11.011984163278214,11.002099841204238,401,food,30,9.0,0.0,1.0,1,4,3,14.141288672902771, NY,1,0,1,0, Hector Castillo Carvajal,Kickstarter,1607152,1603224,video,19,14,1,3060,44.59,40.05263157894737,0.4117547683108976,1.5094642224755983,3.4664969861848546e-05,1.420163379093464e-05,3.507654997807813e-05,6.904072976238262e-05,2.1982965322006392e-05,1.0,1.6177984275253303e-05,9.9762101017276e-05,7.832504276918256e-05,2.3503273374200462e-05,"WORK_OF_ART,PERSON,GPE",0,430,4839,1,0,0.0156492479145526,0.5155038237571716,0.2655709087848663,0.0156442932784557,0.1406885534524917,0.01563929207623,0.0156366135925054,0.0156672224402427
11.231777386080426,10.01702291291294,489,design,60,5.0,0.0,1.0,1,4,2,14.28551418721001, Canada,0,1,1,6, Alexandre Renaud,Kickstarter,1607221,1603278,link,20,12,1,21,8.582857142857144,35.285714285714285,0.4361105923928654,1.5466798363153498,2.8577914458454297e-05,7.33543000331064e-05,7.23196317266317e-05,8.455321065071779e-05,0.25,0.5,3.080769888981541e-05,4.592227627843326e-05,9.818862866663871e-05,0.25,"ORG,CARDINAL",0,433,4839,1,0,0.0,0.5260441303253174,0.0,0.4298058450222015,0.0,0.0,0.0,0.0
11.033291613631048,10.714417768752456,171,food,60,14.0,0.0,1.0,1,4,5,14.151849928616338, CA,1,0,1,0, David Yoshimura,Kickstarter,1607401,1603427,link,8,14,1,14,4.634615384615387,28.384615384615387,0.4166097276372572,1.516810428215796,3.598243630936299e-05,8.38577404319031e-05,7.74347803141694e-05,6.794769115093872e-05,6.410101528225325e-05,8.897519540267515e-05,6.686387266283497e-05,7.174637776976287e-05,8.753404521098751e-05,5.198297118664158e-05,"GPE,NORP,ORDINAL,ORG",0,440,4839,0,0,0.0,0.0,0.0,0.2371139228343963,0.0,0.7092546224594116,0.0,0.0
12.504676111854245,9.903487552536127,"2,943",comics,29,18.0,0.0,1.0,1,5,1,13.65311632657372, OH,0,1,2,26, vijaya iyer,Kickstarter,1607543,1603561,link,7,6,1,7,5.625,23.555555555555557,0.6548936105389809,1.92493771339624,5.284453619791897e-05,7.716824313121692e-05,7.151074690789453e-05,0.3333333333333333,0.1666666666666666,0.1666666666666666,5.819711596798359e-05,8.752988799072966e-05,8.991080321958156e-05,0.1666666666666666,"PERSON,DATE,ORG,CARDINAL,WORK_OF_ART",0,442,4839,0,0,0.0,0.0,0.1498885750770568,0.0,0.8125846982002258,0.0,0.0,0.0
11.566219756027946,11.512925464970229,681,games,31,14.0,0.0,1.0,1,4,3,16.92079089713741, Liechtenstein,0,1,3,1, Jung Suk Woo,Kickstarter,1607543,1603561,link,4,3,0,4,10.772307692307692,41.38461538461539,0.8825057383111264,2.4169483651890493,0.074074074074074,0.074074074074074,8.581211089465439e-05,0.1111111111111111,0.1111111111111111,0.1851851851851851,0.074074074074074,0.074074074074074,0.074074074074074,0.1111111111111111,"WORK_OF_ART,ORDINAL",0,442,4839,0,0,0.0,0.0,0.0,0.0,0.0,0.0,0.0,0.9452304244041444
9.651873150696224,9.599676098154465,308,publishing,30,15.0,0.0,1.0,1,4,1,15.837971611150978, UK,0,1,1,10, Jemma Foster,Kickstarter,1607566,1603584,link,5,2,0,5,11.451176470588235,46.411764705882355,0.962681878438724,2.6187101265624566,2.9344634073168112e-05,0.125,2.109112012088236e-05,2.841250349353947e-05,0.125,0.125,0.125,0.125,0.125,0.125,"ORDINAL,CARDINAL",0,443,4839,0,0,0.273395836353302,0.0,0.0,0.4199813306331634,0.1737094521522522,0.0,0.0,0.0994877070188522
14.405382824264818,10.126631103850338,"5,877",technology,46,3.0,0.0,1.0,1,4,0,15.9166075437284, NY,0,1,1,11, Omri Moran,Kickstarter,1607221,1603278,video,68,52,21,17585,32.43678571428571,42.285714285714285,0.8469994864337675,2.332637231296505,3.217618299151961e-05,1.66758576034881e-05,5.199709329551685e-05,0.2,1.2534849461508949e-05,0.2,9.702052357509916e-05,2.0721379662564652e-05,1.92432375343927e-05,0.2,,0,449,4839,17,0,0.0178806502372026,0.1695949137210846,0.0178703293204307,0.0179036315530538,0.0179022829979658,0.0178774427622556,0.0178921725600957,0.7230785489082336
13.198889138634716,10.819778284410283,"6,721",games,24,2.0,0.0,1.0,1,3,1,12.87291948429548, MO,0,1,19,28, Paul Bender,Kickstarter,1606865,1603025,video,15,2,1,2827,41.1844,53.0,0.4758200660014648,1.609333416108252,0.0909090909090909,0.0909090909090909,9.165606053073147e-05,0.1818181818181818,4.469013558249368e-05,0.3636363636363636,5.510912040736357e-05,4.1183254884542016e-05,0.0909090909090909,0.0909090909090909,WORK_OF_ART,0,458,4839,0,0,0.0125089799985289,0.912411093711853,0.0125199155882,0.0125152673572301,0.0125202015042305,0.0125103835016489,0.012506921775639,0.0125072337687015
10.64420987370896,10.545341438708522,321,art,30,8.0,0.0,1.0,1,3,1,11.287855058462304, NY,0,1,1,1, Alexander Masser,Kickstarter,1607948,1604020,link,4,3,0,6,10.562,48.33333333333333,0.2098952998350423,1.2335489004219915,9.889012071969825e-05,1.3946216724696693e-05,9.491531820699153e-05,4.5389958292381254e-05,4.106066179912164e-05,7.379464993392029e-05,0.5,0.5,4.188155569011899e-05,1.9355098629708337e-05,PERSON,0,463,4839,2,0,0.0,0.0,0.0,0.0,0.0,0.0,0.4795389175415039,0.4668231606483459
9.679730312953788,9.611557804804775,149,food,45,8.0,0.0,1.0,1,3,2,14.28551418721001, Canada,1,0,1,0, Thea Bryson,Kickstarter,1607978,1604044,video,21,5,2,6505,27.553333333333335,31.22222222222222,0.6907450935070846,1.9952015912992296,7.350176552641197e-05,3.99421161723403e-05,4.105457823898512e-05,6.169195632734902e-05,7.276264213253187e-05,7.98274517841457e-05,3.1623218958020916e-05,1.0901870505118656e-05,1.132897344359463e-05,1.4439687471410504e-05,"PERSON,GPE",0,465,4839,3,0,0.0178764183074235,0.0178768653422594,0.0179297514259815,0.0178764183074235,0.508420467376709,0.0178838819265365,0.3842533528804779,0.0178828500211238
15.690234462459877,14.50865773852422,"36,581",film_Video,30,33.0,0.0,1.0,1,4,3,12.926200063971772, MN,0,1,2,3, Michael Miller,Kickstarter,1608083,1605131,link,19,3,8,21,15.306666666666665,62.44444444444444,0.4170263707639993,1.5174425285262638,8.600944586815634e-05,7.779816386913314e-05,8.897909883035258e-05,5.0487822582527775e-05,8.220188961908635e-05,0.3333333333333333,1.976995118076956e-05,3.333949298813648e-05,3.2058254614536916e-05,0.3333333333333333,"PERSON,DATE,ORG,PRODUCT,WORK_OF_ART",0,469,4839,2,0,0.9538842439651488,0.0,0.0,0.0,0.0,0.0,0.0,0.0
12.71832266436368,11.2891567182621,"4,945",film_Video,30,12.0,0.0,1.0,1,3,0,15.837971611150978, UK,0,1,10,3, Mathew Clayton,Kickstarter,1608133,1604805,video,4,2,5,2687,39.62235294117647,57.52941176470589,0.8616109627183771,2.366970725566548,2.0851019719955097e-05,6.593179803911061e-05,4.7019042714094263e-05,0.6666666666666666,9.990403633940852e-05,0.3333333333333333,2.4722146838558577e-05,4.843898485601763e-05,6.009038226934093e-05,9.644150089802645e-05,"WORK_OF_ART,NORP,CARDINAL,PERSON",0,470,4839,4,0,0.0,0.0,0.2427902966737747,0.0,0.7071111798286438,0.0,0.0,0.0
13.310368750666582,11.225243392518449,"2,348",art,40,7.0,0.0,1.0,1,3,3,10.577961467830452, CA,1,0,1,30, Kevin Kelly,Kickstarter,1608175,1604711,video,18,7,5,10314,37.09818181818182,53.81818181818181,0.456705804835701,1.57886432166824,6.542768693640741e-05,5.658668455581705e-05,4.368380210656608e-05,2.5938702486467544e-05,9.499486579536908e-05,7.837487227562355e-05,9.182226584151348e-05,2.457475792040608e-05,1.3048673489486797e-05,3.289610985178149e-05,"PERSON,CARDINAL",0,475,4839,4,0,0.0125257307663559,0.0125166205689311,0.0125129865482449,0.0125171989202499,0.0125130964443087,0.5106706619262695,0.4142284393310547,0.0125152394175529
13.730871637200742,10.596634733096073,"5,106",technology,30,6.0,0.0,1.0,1,3,1,14.64870833488698, NY,0,1,1,0, Rohan Singh,Kickstarter,1608273,1604647,video,22,10,8,9593,31.122352941176473,40.52941176470589,0.6112873142148786,1.8428021378984856,4.759901039506004e-05,9.423947611016e-05,5.5356920184285414e-05,9.081553090438402e-05,3.979672648283589e-05,8.327881060078701e-05,1.0,8.31090501857841e-05,2.603242511422343e-05,7.111280846984606e-05,PERSON,0,484,4839,1,1,0.020851656794548,0.0208581145852804,0.2158416509628296,0.2937571704387665,0.1870591044425964,0.0208768863230943,0.0208980999886989,0.2198573052883148
11.848354300294725,9.903487552536127,"1,470",games,30,18.0,0.0,1.0,1,3,0,13.751185347407716, NY,0,1,4,6, Richard Selesnick,Kickstarter,1608166,1604445,link,25,24,5,31,9.026666666666667,40.22222222222222,0.6153266388315891,1.85026086791223,8.07710512973997e-05,1.3008387978389948e-05,9.527706824961142e-05,3.815946213363396e-05,8.575843673919627e-05,6.170887108452049e-05,9.569856288266689e-05,6.0937185127361e-05,8.904335426079547e-05,6.087791314706388e-05,"WORK_OF_ART,PERSON,ORG",0,492,4839,5,1,0.0,0.0,0.0,0.6234791278839111,0.3323452770709991,0.0,0.0,0.0
14.51225725249396,11.512925464970229,"22,792",games,21,3.0,0.0,1.0,1,2,1,14.836582117509636, MN,1,0,9,357, Patrick Leder,Kickstarter,1608144,1604334,video,15,23,9,3868,35.81363636363636,58.36363636363637,0.508296450773878,1.662456704452005,0.1538461538461538,0.1538461538461538,2.364495741374284e-05,2.4578463423684187e-05,0.0769230769230769,0.0769230769230769,0.1538461538461538,0.1538461538461538,0.0769230769230769,0.0769230769230769,"PERSON,ORG",0,500,4839,2,3,0.0156551115214824,0.2657429575920105,0.0156354494392871,0.0156403947621583,0.6403502225875854,0.0156934168189764,0.0156469903886318,0.0156354494392871
10.74693916845641,10.673595774232204,344,art,35,27.0,0.0,1.0,1,3,0,9.98118906019998, Germany,0,1,1,0, Katherine Thomson,Kickstarter,1608370,1604483,link,11,26,1,26,11.407272727272732,44.72727272727273,0.5235440125350883,1.6879993524180374,0.0714285714285714,0.0714285714285714,3.0295279226886635e-05,0.0714285714285714,0.1428571428571428,0.1428571428571428,1.3939572516671215e-05,0.1428571428571428,5.339111294702012e-05,0.2142857142857142,"WORK_OF_ART,QUANTITY,GPE,ORG",0,506,4839,3,2,0.0,0.8705142736434937,0.0,0.0,0.0968168750405311,0.0,0.0,0.0
13.02889849399289,10.308952660644293,"5,620",fashion,30,26.0,0.0,1.0,1,2,2,13.744905673596724, TX,1,0,2,14, Don Hertzfeldt,Kickstarter,1610108,1605927,video,23,20,1,3324,21.897727272727273,49.272727272727266,0.4455993961499624,1.561425828027258,6.331670061935659e-05,7.378890691110892e-05,6.121419174043068e-05,1.0,9.973207936177704e-05,4.5908236410517215e-05,6.9772429630771e-05,1.5297083629091153e-05,2.596529407992503e-05,4.463053645156958e-05,"WORK_OF_ART,PERSON,ORDINAL,CARDINAL",0,525,4839,1,3,0.0250384602695703,0.0250069834291934,0.2250360399484634,0.0250220857560634,0.0250235274434089,0.0250069834291934,0.0250616520643234,0.6248042583465576
11.843598892377443,8.961879012677683,"1,741",games,24,4.0,0.0,1.0,1,2,1,15.936165897399452, Japan,0,1,2,0, Jun Sasaki,Kickstarter,1610343,1606134,link,11,12,1,14,6.096666666666668,31.22222222222222,0.0479039289541969,1.0490698652439694,6.09158767596212e-05,1.231681687724946e-05,2.7216385678189653e-05,7.556883387957497e-05,3.126589372355692e-05,3.5483605306868585e-05,5.089120456322719e-05,7.884555518445026e-05,2.4005473835605197e-05,8.919773929123239e-05,"DATE,NORP,ORG,CARDINAL",0,526,4839,0,3,0.0113911340013146,0.2863226234912872,0.0114080421626567,0.0114068230614066,0.1183816492557525,0.2344902455806732,0.3152045607566833,0.0113948956131935
10.700994748420316,10.126631103850338,757,food,30,8.0,0.0,1.0,1,1,4,12.339685284854092, VA,0,1,1,0, Richard Davis,Kickstarter,1610571,1606332,video,38,17,7,4367,42.11105263157894,55.84210526315789,0.4714147006340374,1.6022593078687486,8.805647808638222e-05,5.099515256972982e-05,9.863793463103584e-05,0.3,0.1,0.3,4.8166236714789046e-05,1.5087069753230323e-05,4.9941685730119153e-05,0.2,"PERSON,GPE,ORG",0,527,4839,6,3,0.0208553429692983,0.0208490379154682,0.0208736434578895,0.3189578652381897,0.5558969974517822,0.0208411607891321,0.0208515580743551,0.0208743996918201
10.336405687425591,10.308952660644293,93,design,30,9.0,0.0,1.0,1,1,1,15.9166075437284, NY,1,0,1,2, Harry Allen,Kickstarter,1611056,1606725,video,32,14,8,6604,40.735,41.0,0.5842125528221962,1.793578081420803,2.4468390644347735e-05,9.431680870819138e-05,2.0228613518051504e-05,2.312700029951541e-05,7.555791682303998e-05,0.25,0.25,4.6672176720018186e-05,6.012612922796975e-05,0.25,PERSON,0,533,4839,3,3,0.0251512043178081,0.0250116400420665,0.0250116400420665,0.8247718811035156,0.0250116400420665,0.0250187311321496,0.0250116400420665,0.0250116400420665
14.473899095512744,10.308952660644293,"30,382",technology,37,11.0,0.0,1.0,1,12,1,15.194750847520003, CA,0,1,4,20, Edward Tsai,Kickstarter,1611520,1606891,video,28,11,15,6551,26.748275862068965,38.63793103448276,0.7686246097101049,2.15679777412802,1.2802067459606024e-05,3.847378666489146e-05,4.3821541205925154e-05,1.2002511294570269e-05,4.588743783259527e-05,0.5,4.83703839991144e-05,0.5,5.480031515259522e-05,7.994017906511919e-05,,0,558,4839,6,2,0.0104378890246152,0.4278492629528045,0.0104396576061844,0.010438828729093,0.010429230518639,0.0104278111830353,0.0104361250996589,0.5095412135124207
11.069883092506698,10.915088464214609,769,publishing,60,7.0,0.0,1.0,1,11,6,13.304943234169308, WI,0,1,1,2, Cetonia  Weston-Roy,Kickstarter,1611476,1606707,video,32,19,23,4297,42.50125,41.0,0.2565095866874643,1.2924111556821156,6.549852830686642e-05,8.990358763022372e-05,8.201424129983167e-05,7.70532880691433e-05,8.074133279815899e-05,1.0,1.110102155400396e-05,1.5948211560622398e-05,9.641610142909896e-05,6.643228874449716e-05,"WORK_OF_ART,PERSON,GPE,ORDINAL",0,568,4839,10,2,0.8905487060546875,0.0156316645443439,0.0156321544200181,0.0156325735151767,0.0156396832317113,0.0156341698020696,0.0156316719949245,0.0156494192779064
10.547805768173902,10.54006438160768,305,film_Video,30,13.0,0.0,1.0,1,12,1,14.230937217984762, Sweden,0,1,1,4, Mario Adamson,Kickstarter,1606486,1602617,video,39,23,20,6913,35.409230769230774,49.07692307692308,0.5375663885242612,1.7118358455681089,7.170087585060742e-05,4.5467528365902866e-05,2.6433741797838937e-05,0.25,2.048896700337869e-05,0.375,9.378111516240808e-05,9.954053168508936e-05,4.108105228508317e-05,0.25,PERSON,0,570,4839,1,3,0.0178652927279472,0.0178715642541646,0.0178745798766613,0.0178936664015054,0.0178732965141534,0.3035392761230469,0.5892072916030884,0.0178750678896904
10.856168071193151,10.819778284410283,491,food,33,16.0,0.0,1.0,1,11,2,14.64870833488698, NY,1,0,1,1, Katsutoshi Machida,Kickstarter,1611694,1606777,video,32,11,7,6477,32.664782608695646,49.086956521739125,0.6540839900637679,1.9233798751239408,3.1784051427627476e-05,4.552977850945146e-05,7.222478006935168e-05,0.5,3.415132605236947e-05,0.5,4.288191787136272e-05,8.706843262913068e-05,7.268541580422635e-05,9.1862472143455e-05,"PERSON,GPE",0,578,4839,2,1,0.0125192683190107,0.0125103006139397,0.0125296674668788,0.1207912340760231,0.0125190848484635,0.2577771544456482,0.5588182210922241,0.0125351259484887
12.014464097824456,10.691944912900398,591,design,49,7.0,0.0,1.0,1,11,2,14.230937217984762, Sweden,0,1,4,39, Oskar Kalmau,Kickstarter,1612122,1607024,video,40,8,13,10744,23.39829268292683,37.57317073170732,1.0393180340621957,2.8272882424702304,8.846052099329816e-05,2.3527956023557188e-05,3.8718580588568925e-05,7.017421425047539e-05,3.28333426760931e-05,0.5,9.231170826935844e-05,1.0129802498646153e-05,9.347003024889844e-05,0.5,ORG,0,592,4839,2,2,0.0,0.9374640583992004,0.0,0.0,0.0,0.0,0.0,0.0
10.18840330224294,10.819778284410283,225,fashion,30,9.0,0.0,1.0,0,10,1,14.64870833488698, NY,0,1,1,16, Jonathan Schwartz,Kickstarter,1612545,1606982,video,107,54,31,38901,16.8675,57.33333333333333,0.5050949281441351,1.6571428224872435,0.25,4.694543392135209e-05,4.230216918982276e-05,3.0988442498521225e-05,1.0532578473792288e-05,0.25,0.25,0.25,1.3574999304184726e-05,7.171558881300627e-05,"PERSON,ORG",0,611,4839,22,5,0.0250452533364295,0.5484486818313599,0.0250204447656869,0.0250326674431562,0.3013745844364166,0.0250331796705722,0.0250236950814723,0.0250215325504541
9.476681334273712,9.400630098419317,174,technology,48,9.0,0.0,1.0,1,10,1,13.406106703167456, Greece,0,1,1,0, Theofanis Kollias,Kickstarter,1613644,1607433,video,27,2,11,5928,21.38125,69.83333333333333,0.3593067945906684,1.4323361671588228,6.57541311408653e-05,4.3654484224339715e-05,3.430022330090758e-05,7.32116314778596e-05,1.97137769736432e-05,2.005076643843972e-05,5.666088655650289e-05,7.199657966080045e-05,8.464398640148258e-05,7.72874701293796e-05,"PERSON,GPE,ORG",0,639,4839,11,0,0.0125116342678666,0.0125156817957758,0.0125247566029429,0.0125219793990254,0.0125078363344073,0.0125430086627602,0.0125235328450798,0.9123516082763672
15.254727485486947,10.126631103850338,"36,728",design,30,2.0,0.0,1.0,1,9,1,14.64870833488698, NY,0,1,9,172, Omar Rada,Kickstarter,1614156,1607724,video,29,22,4,11794,13.42333333333334,53.44444444444444,0.2303284702489611,1.259013490492396,8.203208570401255e-05,4.715554579830158e-05,1.1445294041210235e-05,1.714813296693188e-05,8.384311734957186e-05,1.0,3.8159111903124454e-05,9.984602471408964e-05,1.3393684156380297e-05,6.446982271089876e-05,PERSON,0,664,4839,3,1,0.3063123524188995,0.0156417191028594,0.0156778562813997,0.5997911691665649,0.015654444694519,0.0156317185610532,0.0156561750918626,0.0156345888972282
9.060214913398545,8.987196820661973,253,film_Video,32,11.0,0.0,1.0,1,8,0,12.425376835921664, TX,1,0,1,2, Hannah Fields,Kickstarter,1614461,1607886,video,14,3,1,4933,12.445999999999998,35.0,0.5283894772562465,1.6961983416443625,3.919003778038381e-05,2.651120962829786e-05,4.340077220968588e-05,9.356875870846436e-05,6.824284113970983e-05,9.58172736640652e-05,2.8918469465241336e-05,1.3047503083056171e-05,6.093930381758733e-05,2.412484538691307e-05,,0,665,4839,0,0,0.824920654296875,0.025004168972373,0.0250236056745052,0.0250287652015686,0.0250104814767837,0.0250033531337976,0.025005642324686,0.0250033531337976
10.367693155666892,10.819778284410283,379,film_Video,30,9.0,0.0,1.0,0,8,0,15.9166075437284, NY,0,1,1,0, Timothy Smith,Kickstarter,1614702,1667793,video,12,4,2,3817,21.502857142857145,56.57142857142857,0.8701233573935312,2.3872053147873724,1.2323071625453827e-05,0.2,5.606449845962991e-05,0.1,0.1,0.1,0.2,0.1,5.523649160367111e-05,0.1,"NORP,CARDINAL",0,688,4839,2,0,0.9124347567558287,0.0125045105814933,0.012506766244769,0.0125043466687202,0.0125251589342951,0.0125110372900962,0.0125038251280784,0.0125095527619123
6.583409222158765,8.517193191416238,11,art,45,6.0,0.0,1.0,0,7,1,11.432929422874505, FL,0,1,1,0, Silvia Cubina,Kickstarter,1614725,1667806,video,10,0,3,12526,25.127,63.33333333333333,0.5399012541507672,1.715837421995858,5.555276765562197e-05,2.426825426499312e-05,3.9254637124862885e-05,0.0769230769230769,0.1538461538461538,0.3076923076923077,3.259622202342808e-05,0.0769230769230769,6.49493521020374e-05,0.1538461538461538,"FAC,PERSON,LOC,ORG",0,689,4839,2,0,0.0,0.0,0.0,0.0,0.0,0.0,0.0,0.948493719100952
10.126791091051704,10.126631103850338,377,film_Video,30,20.0,0.0,1.0,1,7,3,14.64870833488698, NY,0,1,1,1, Michael Nigro,Kickstarter,1614774,1667822,video,13,7,3,10208,22.362500000000004,44.833333333333336,0.5313609397181575,1.701246027134409,2.368223678157833e-05,8.10878158931985e-05,2.8396339728898256e-05,0.2,2.388597533722872e-05,0.4,1.0576127967156728e-05,8.806650576331841e-05,2.888370342357049e-05,0.2,"WORK_OF_ART,PERSON,GPE,ORG",0,692,4839,3,0,0.0125039340928196,0.0125051569193601,0.0125039340928196,0.0125105585902929,0.912463903427124,0.0125046884641051,0.0125039340928196,0.0125039340928196
8.483429561263428,9.472704636443671,192,games,31,11.0,0.0,1.0,0,8,1,14.347396253405902, Poland,0,1,6,3, Paulina Kornuta,Kickstarter,1614845,1667856,video,26,2,0,6779,25.779000000000003,70.0,0.5108208574422561,1.6666587228127072,0.1428571428571428,0.1428571428571428,1.1316568528456302e-05,4.3586511387731355e-05,0.1428571428571428,0.1428571428571428,0.1428571428571428,0.1428571428571428,0.1428571428571428,9.427372316040104e-05,"PERSON,ORG",0,694,4839,3,1,0.0113822538405656,0.0113812629133462,0.3753233253955841,0.5564155578613281,0.0113728251308202,0.0113740218803286,0.0113788619637489,0.0113718817010521
10.673294803018983,10.308952660644293,"1,109",comics,30,13.0,0.0,1.0,1,8,1,14.26495554920974, PA,0,1,16,29, Joshua O'Neill,Kickstarter,1614827,1667827,video,19,1,2,6771,16.371111111111112,50.53703703703704,1.1877906141235095,3.27982679343947,8.32573242555417e-05,0.0625,3.941909107887876e-05,0.0625,0.0625,0.1875,0.1875,0.125,0.125,0.125,"DATE,ORDINAL,ORG",0,695,4839,1,0,0.2487253248691558,0.0,0.3979690074920654,0.0,0.3185150921344757,0.0,0.0,0.0
10.022453887817289,9.980448593672255,282,film_Video,23,8.0,0.0,1.0,1,8,5,15.9166075437284, Netherlands,1,0,1,7, Tamara Shogaolu,Kickstarter,1614822,1667810,link,7,1,1,9,5.573333333333334,42.33333333333333,0.2713431849186152,1.3117251574400273,0.1111111111111111,8.093438093221358e-05,3.46418192261721e-05,6.167409997883968e-05,0.1111111111111111,0.2222222222222222,1.2331020538924864e-05,3.6094133144743085e-05,1.2694646233933849e-05,0.2222222222222222,"PERSON,GPE",0,696,4839,2,0,0.0156621672213077,0.0156531333923339,0.0156576354056596,0.015636334195733,0.1661989688873291,0.0156647004187107,0.7398927807807922,0.0156342294067144
10.512083962693172,9.903487552536127,134,technology,30,11.0,0.0,1.0,1,7,3,15.194750847520003, CA,0,1,1,0, Jesal Kantawala,Kickstarter,1614822,1667810,video,30,6,8,8174,19.328636363636363,44.72727272727273,0.4050329873933165,1.4993519589537925,2.7516026063868856e-05,7.336939246944732e-05,6.304045401554931e-05,0.25,7.001602836115595e-05,0.25,5.8633062590353445e-05,7.299730991617853e-05,9.105052915020604e-05,0.25,,0,696,4839,8,1,0.0113774640485644,0.011411908082664,0.0113751385360956,0.0114042563363909,0.0113769592717289,0.4455174505710602,0.4861662685871124,0.0113705499097704
11.152428942378648,10.126631103850338,600,design,30,9.0,0.0,1.0,1,8,2,14.151849928616338, CA,0,1,3,0, Michael Topolovac,Kickstarter,1614861,1667802,video,27,9,5,33509,36.596896551724136,56.58620689655172,0.5530292665665596,1.738511463882004,3.170813118395874e-05,9.825833976076448e-05,4.253395869687229e-05,0.25,7.453342911928184e-05,0.5,5.904762677116208e-05,5.2089274902458885e-05,9.925305370987538e-05,6.360051739480381e-05,ORG,0,700,4839,5,0,0.0,0.9416118860244752,0.0,0.0,0.0,0.0,0.0,0.0
10.7644186283058,10.005141206262628,405,fashion,30,7.0,0.0,1.0,1,7,2,11.235022091481987, Ireland,0,1,1,0, Finbarr Power,Kickstarter,1614957,1667850,video,45,6,9,12720,38.85666666666667,40.22222222222222,0.7939225366913982,2.212056302821793,3.292035598414461e-05,0.0909090909090909,1.002971433335288e-05,0.1818181818181818,0.0909090909090909,0.1818181818181818,0.0909090909090909,4.529542111499454e-05,0.1818181818181818,0.0909090909090909,"GPE,ORG,PRODUCT",0,704,4839,10,0,0.0,0.2871798574924469,0.2137386500835418,0.0,0.3983119428157806,0.0,0.0713003650307655,0.0
10.518646164234095,12.206072645530174,373,film_Video,60,13.0,0.0,1.0,0,6,0,15.194750847520003, CA,0,1,1,0, Terrence  Davis,Kickstarter,1614911,1667774,video,6,2,2,5656,45.82947368421052,50.578947368421055,0.4639267373025896,1.5903064560313334,7.63690391849337e-05,8.070999417500106e-05,9.885839942787658e-05,1.0,3.998101278189914e-05,6.908852006896326e-05,4.729704849203241e-05,5.7339011286656655e-05,3.6614121131202134e-05,8.464071463492557e-05,PERSON,0,707,4839,1,0,0.0104202507063746,0.0104285012930631,0.0104287657886743,0.9270079135894777,0.0104294782504439,0.0104251354932785,0.010425629094243,0.0104342997074127
12.46887143096437,12.206072645530174,"2,905",film_Video,30,8.0,0.0,1.0,1,7,1,15.9166075437284, NY,1,0,1,25, Philip Shane,Kickstarter,1614885,1667661,video,50,7,6,46292,37.523548387096774,66.48387096774194,0.8203953378381628,2.271397629483596,9.710740313605274e-05,6.882908287650584e-05,8.569248739816707e-05,0.1,0.2,0.2,2.203282380716839e-05,0.1,5.8131858994580107e-05,0.2,"PERSON,CARDINAL,PRODUCT",0,713,4839,7,0,0.0104194171726703,0.0104229636490345,0.0104249212890863,0.0104192551225423,0.0104197161272168,0.0104367639869451,0.0104204304516315,0.9270365238189696
10.152376820268753,10.126631103850338,351,art,30,16.0,0.0,1.0,1,7,1,9.492733482494351, MA,0,1,3,3, Jeffrey Levine,Kickstarter,1614885,1667613,link,15,3,2,19,11.649,40.0,0.6999060605873154,2.0135635456088607,3.635398330308683e-05,9.447204156274298e-05,9.682170008021576e-05,0.2,9.94463256569846e-05,0.4,4.583600061823621e-05,9.457909672310398e-05,2.039755778580693e-05,0.2,"PERSON,ORG,CARDINAL",0,716,4839,3,1,0.2693723142147064,0.0,0.0,0.0,0.2346229255199432,0.0,0.0,0.4630515873432159
12.584307006040078,11.728036844587177,"1,011",design,60,9.0,0.0,1.0,1,7,0,14.64870833488698, NY,1,0,4,53, Scott Thrift,Kickstarter,1614846,1667569,video,15,2,3,6859,36.75931034482759,56.58620689655172,0.5869669235852468,1.7985250702426538,4.0444075539504855e-05,3.525720218888642e-05,3.230880150915557e-05,0.2857142857142857,7.717248174371226e-05,0.4285714285714285,9.422293138952369e-05,4.5723147318304334e-05,9.569638545381092e-05,0.1428571428571428,"DATE,PERSON,WORK_OF_ART",0,717,4839,1,2,0.4047592282295227,0.5451254844665527,0.0,0.0,0.0,0.0,0.0,0.0
10.223431082444048,10.203592144986466,111,journalism,60,27.0,0.0,1.0,1,5,5,15.9166075437284, NY,0,1,1,5, Christopher Herity,Kickstarter,1614951,1667278,video,17,12,15,6789,33.762,56.66666666666667,0.9316907614676996,2.5387980527856304,1.526958363195813e-05,6.762258234570487e-05,5.6534351922111994e-05,0.2,4.231872127531434e-05,0.2,7.221908445108375e-05,2.5884862031937787e-05,3.251929555642203e-05,0.2,"GPE,LOC,ORG",0,742,4839,0,0,0.9326127171516418,0.0,0.0,0.0,0.0,0.0,0.0,0.0
12.98493640685946,10.819778284410283,665,design,45,3.0,0.0,1.0,1,5,1,13.436372336049692, WA,0,1,2,0, WENHAN ZHANG,Kickstarter,1615218,1667368,video,94,40,33,20462,40.4175,40.666666666666664,0.7118404047764527,2.0377380726440495,9.466113206038064e-05,4.961086938864426e-05,4.433749251942801e-05,3.499426292667088e-05,0.2,0.2,0.2,3.9793601567909496e-05,2.794961400494435e-05,0.2,"PERSON,PRODUCT",0,751,4839,4,0,0.0156351253390312,0.0156408008188009,0.4125909805297851,0.4935303926467895,0.0156372170895338,0.015645982697606,0.0156732499599456,0.0156463049352169
12.328290278254425,11.156250521031495,"1,815",design,38,11.0,0.0,1.0,1,4,4,15.9166075437284, NY,0,1,6,19, Simon  Morris,Kickstarter,1609549,1598914,video,71,27,39,19924,35.590384615384615,41.38461538461539,0.6396979396007764,1.8959081140426353,7.263092063519223e-05,6.92969863804158e-05,4.677444736509161e-05,7.166607203621978e-05,9.655100152288336e-05,3.1234917106119846e-05,6.204044063948773e-05,1.3228956674198176e-05,9.593310989860358e-05,4.353248397830299e-05,ORG,0,783,4839,18,0,0.012505093589425,0.0125078801065683,0.0125046046450734,0.0125055899843573,0.9124603271484376,0.012503907084465,0.0125035513192415,0.0125090200453996
14.526150838168268,11.512925464970229,"3,019",technology,45,21.0,0.0,1.0,1,5,1,14.151849928616338, CA,0,1,3,4, Eli Harris,Kickstarter,1606400,1594815,video,295,30,112,33753,36.67730769230769,56.769230769230774,0.7198765131428001,2.0541795308067634,0.1111111111111111,5.3270755136175456e-05,6.106953261380257e-05,0.2222222222222222,9.54325737671318e-05,0.2222222222222222,0.2222222222222222,0.1111111111111111,7.119542561047754e-05,0.1111111111111111,"ORG,PRODUCT",0,785,4839,28,0,0.0178681351244449,0.6612254977226257,0.0178631152957677,0.0178640894591808,0.017861096188426,0.0178774204105138,0.0178709961473941,0.2315695881843567
15.042821497013842,10.700994748420316,"62,284",games,30,2.0,0.0,1.0,1,5,0,15.194750847520003, CA,0,1,1,0, Jordan Gold,Kickstarter,1603350,1590692,video,117,43,82,34767,39.16535714285714,63.714285714285715,0.6067811687677339,1.834516884732296,0.1111111111111111,2.1446420826925984e-05,4.556123962971106e-05,4.783952613515832e-05,0.2222222222222222,0.3333333333333333,4.91581042079818e-05,2.558856061429619e-05,7.570326659724285e-05,0.2222222222222222,"CARDINAL,ORG",0,788,4839,33,1,0.0,0.1523057371377945,0.4129056930541992,0.0,0.3956706523895263,0.0,0.0,0.0
15.299724192242316,10.308952660644293,"26,199",design,51,20.0,0.0,1.0,1,4,1,13.071865556017904, MO,1,0,3,3, Paul Francis,Kickstarter,1591717,1576007,video,85,18,46,25768,28.184615384615384,47.61538461538461,0.4433617351240492,1.5579357925214965,8.57302797776284e-05,6.54061957014814e-05,6.703387690807998e-05,2.2149601239757167e-05,6.788962276570523e-05,1.0,6.160096392605658e-05,5.581128623023651e-05,8.023162506371805e-05,8.283252858014924e-05,"FAC,ORG,CARDINAL",0,794,4839,19,0,0.0,0.0,0.0,0.0,0.0,0.0,0.0,0.9416064620018004
14.578351697525209,10.819778284410283,"6,748",technology,30,12.0,0.0,1.0,1,4,2,14.230937217984762, Sweden,0,1,1,0, Samiar Saldjoghi,Kickstarter,1583589,1566306,video,68,11,22,13937,40.33241379310345,53.13793103448276,0.8002090631779878,2.226006255791427,7.54003892863291e-05,5.346049929387388e-05,7.967211928366845e-05,0.5,2.322991424470184e-05,0.5,7.993332837457258e-05,8.946286950278449e-05,9.865010948121518e-05,9.194035962384888e-05,PERSON,0,802,4839,12,0,0.0178664531558752,0.3620703816413879,0.0178620312362909,0.0179182812571525,0.0178708806633949,0.0178757775574922,0.0178718492388725,0.5306642651557922
9.196583174191357,9.060679597421776,241,art,36,11.0,0.0,1.0,1,3,6,15.837971611150978, UK,0,1,1,0, Rocco Punghellini,Kickstarter,1581601,1563415,video,10,1,2,7752,43.03588235294118,34.64705882352941,0.3938463084846139,1.4826726569552209,4.874764046159868e-05,3.0038431170410688e-05,5.9499773693862206e-05,0.1666666666666666,0.1666666666666666,0.1666666666666666,0.1666666666666666,5.036773720589435e-05,0.1666666666666666,0.1666666666666666,"DATE,ORG",0,841,4839,0,0,0.0,0.0,0.0,0.0,0.937400996685028,0.0,0.0,0.0
9.205398179436864,9.1942109900463,70,photography,30,4.0,0.0,1.0,1,3,0,15.837971611150978, UK,0,1,12,22, Stuart Smith,Kickstarter,1581513,1563292,video,48,5,11,7839,43.25586206896552,60.03448275862069,0.6647648290193856,1.9440332873603217,2.9610329882949112e-05,9.65586230510922e-05,4.383649919452185e-05,0.2222222222222222,1.5859422325442194e-05,0.2222222222222222,0.1111111111111111,0.1111111111111111,3.762606727763119e-05,0.2222222222222222,"DATE,PERSON,CARDINAL",0,843,4839,0,0,0.7511715292930603,0.0,0.1952004581689834,0.0,0.0,0.0,0.0,0.0
11.740184057875112,9.287301413112312,621,technology,30,7.0,0.0,1.0,1,2,1,15.9166075437284, Netherlands,0,1,1,6, Luke Kibet Kipkemoi,Kickstarter,1581335,1562998,video,42,8,6,14529,49.84666666666667,51.33333333333333,0.2034258543450205,1.2255942817814618,9.650219368668336e-05,2.1352220766618868e-05,9.754389762052475e-05,7.541024971197409e-05,0.25,0.25,7.250412443122987e-05,2.5585025243800383e-05,2.199770897428534e-05,0.25,"DATE,PRODUCT,ORG",0,849,4839,8,0,0.0125267291441559,0.0125268446281552,0.4053768217563629,0.294336199760437,0.0125245135277509,0.2376647293567657,0.0125301489606499,0.0125140538439154
14.535464699669353,12.611537753638338,"35,092",games,35,22.0,0.0,1.0,1,2,1,16.155509155169725, Russia,0,1,2,19, Polina Haryacha,Kickstarter,1580588,1561866,video,20,2,1,5803,37.605,59.05263157894737,1.0468147621286652,2.8485633006125544,7.091391689716562e-05,7.186509214171432e-05,8.791967101204679e-05,3.027392008255496e-05,7.324559047555858e-05,8.514885139381637e-05,6.581643683669299e-05,2.5581564524669508e-05,3.460565367215493e-05,8.857952268540389e-05,"WORK_OF_ART,PRODUCT,ORG",0,871,4839,2,1,0.0139172915369272,0.0139244981110095,0.2654326558113098,0.1301388144493103,0.4240168035030365,0.013925869949162,0.0139218857511878,0.1247221603989601
10.609871736128069,10.308952660644293,393,film_Video,30,34.0,0.0,1.0,1,2,1,12.00432359107012, OR,1,0,1,4, han allred,Kickstarter,1580512,1561775,video,36,3,4,4205,33.60636363636364,54.21212121212121,0.8493170422209694,2.338049517426382,8.456223695042054e-05,6.69955134099696e-05,4.9456839912334265e-05,2.4560972652126723e-05,5.4509517108746566e-05,0.6666666666666666,1.2211785904675777e-05,7.072908154809653e-05,6.620163524838952e-05,9.467552337851868e-05,PERSON,0,872,4839,6,0,0.0208525210618972,0.0208397768437862,0.4028507769107818,0.4720718562602997,0.0208409521728754,0.0208502653986215,0.02085374109447,0.0208402182906866
12.403085258359074,11.579836170252856,695,technology,45,6.0,0.0,1.0,1,2,1,13.778218783212536, Germany,0,1,1,1, Benjamin Großjohann,Kickstarter,1580143,1561291,video,45,14,10,14820,60.43,74.53846153846155,0.365282011165399,1.4409203064710678,1.998982889121834e-05,1.7931391255050197e-05,5.003463318381631e-05,0.5,8.446283840841488e-05,0.5,9.620428464351544e-05,3.9738983125063656e-05,2.4092653914393068e-05,2.3284576284596123e-05,ORG,0,876,4839,6,0,0.8246247172355652,0.0250480119138956,0.0250126086175441,0.0250177402049303,0.0250097438693046,0.0250310432165861,0.0251639354974031,0.0250921659171581
9.93037288131751,9.903487552536127,149,fashion,30,11.0,0.0,1.0,1,1,2,14.64870833488698, NY,0,1,1,1, Taylor Tehan,Kickstarter,1580262,1561273,video,14,0,1,3358,27.871428571428567,59.095238095238095,0.5194850631277813,1.6811617346069034,7.143554991010622e-05,6.546018264462577e-05,7.653606658717933e-05,0.2222222222222222,9.925800845540882e-05,0.3333333333333333,5.8796632956124136e-05,2.2868803434958424e-05,7.225953577235415e-05,0.2222222222222222,GPE,0,883,4839,0,0,0.0250144265592098,0.0250098705291748,0.0250186491757631,0.0250396225601434,0.8248732089996338,0.0250090360641479,0.0250038169324398,0.0250313151627779
12.030140632057888,9.210340371976184,"1,499",design,31,7.0,0.0,1.0,1,1,1,13.304684934198283, Canada,0,1,1,3, Jackson Cunningham,Kickstarter,1579751,1560345,video,48,25,9,32354,42.025,56.57142857142857,0.8550879867851119,2.3515812795492974,4.310073889805376e-05,5.6571490844586206e-05,5.115347241326386e-05,4.467564334305844e-05,7.783263033712788e-05,0.5,0.5,7.401271540715762e-05,4.0258811099475554e-05,4.528319744622154e-05,ORG,0,907,4839,3,0,0.1453820765018463,0.8045929670333862,0.0,0.0,0.0,0.0,0.0,0.0
10.385080021031843,10.126631103850338,495,film_Video,30,9.0,0.0,1.0,1,1,0,15.9166075437284, NY,0,1,1,3, Costa Boutsikaris,Kickstarter,1579631,1560185,video,34,3,15,14767,46.10874999999999,61.5,0.3927150838199617,1.4809963693837485,4.638607725293822e-05,3.61578672375878e-05,7.664665282142044e-05,6.069099778691564e-05,4.808573662897506e-05,0.5,0.5,5.2889822361229496e-05,4.720599112285728e-05,5.570659968094899e-05,"NORP,CARDINAL",0,910,4839,4,0,0.0,0.0,0.0,0.1883600056171417,0.0,0.1613761335611343,0.0,0.6021035313606262
9.393994374003915,6.684611727667927,150,technology,32,7.0,0.0,1.0,1,1,2,15.9166075437284, NY,0,1,16,3, Jessica Yi Xin Chuan,Kickstarter,1579502,1559953,video,21,5,1,22856,50.10833333333333,51.33333333333333,0.2545430354446862,1.2898720603665448,8.264399836283944e-05,6.636203404867297e-05,6.24597401392496e-05,5.1293163541729074e-05,2.2357228751097484e-05,1.0,4.580777171783757e-05,9.546245640511768e-05,4.051656938060381e-05,1.1939395444393724e-05,"PERSON,CARDINAL",0,916,4839,4,0,0.0208510793745517,0.0208510775119066,0.0208829920738935,0.3540355861186981,0.0208510775119066,0.0208510775119066,0.5208260416984558,0.0208510793745517
11.609113750036348,11.477072355070556,161,film_Video,45,7.0,0.0,1.0,1,12,3,11.926643093830354, Mexico,0,1,1,12, Juan Carlos  Chablé  Chi,Kickstarter,1579408,1559833,video,15,7,1,8060,40.453529411764706,66.35294117647058,0.975270820903968,2.6518852997155857,6.818128674741375e-05,5.3831443646461554e-05,8.378939181335029e-05,0.1,0.1,0.4,8.921711749024672e-05,6.586349471200793e-05,6.368831086774016e-05,0.2,"NORP,PERSON,CARDINAL",0,918,4839,0,0,0.0125499414280056,0.3459306061267853,0.0125207593664526,0.4736864268779754,0.0125225950032472,0.0125331804156303,0.1177154630422592,0.0125409942120313
9.589393056132517,9.392661928770137,783,design,25,6.0,0.0,1.0,1,12,1,13.234121186674235, NM,1,0,4,3, ethan moses,Kickstarter,1579379,1559705,video,60,12,15,25897,91.74571428571429,35.57142857142857,0.0379264460038059,1.038654832855146,2.322664386293887e-05,6.823631496329866e-05,5.021030467282403e-05,5.7721212345330215e-05,9.925446627179922e-05,1.4132362264264508e-05,7.216246935626198e-05,3.889239128501082e-05,8.616551309246442e-05,8.646318546857568e-05,,0,927,4839,8,0,0.0416797809302806,0.7082569003105164,0.0416891239583492,0.0416791699826717,0.0416678562760353,0.0416678562760353,0.0416762456297874,0.0416830442845821
11.830433294319253,8.85366542803745,"1,372",crafts,60,13.0,0.0,1.0,1,11,2,14.151849928616338, CA,0,1,3,0, Mikhail Navitsky,Kickstarter,1579340,1559642,video,45,7,2,12589,47.46882352941177,52.294117647058826,0.3872667503230291,1.4729493485879397,9.257372588187912e-05,7.624156315288024e-05,6.414058619397104e-05,7.030967044099915e-05,5.104263732388085e-05,4.4438640606464167e-05,2.1053822326686915e-05,5.328365226070867e-05,6.46296829749538e-05,8.59857778776708e-05,ORG,0,930,4839,3,0,0.0156308393925428,0.4457379579544067,0.0156269259750843,0.0156319998204708,0.4604875147342682,0.0156274791806936,0.0156303904950618,0.0156269259750843
12.828239266173018,12.611537753638338,"1,555",theater,30,13.0,0.0,1.0,1,12,4,15.9166075437284, NY,0,1,7,27, Harold Hartley,Kickstarter,1579356,1559643,video,29,2,8,9841,25.165588235294116,37.588235294117645,0.795697674280959,2.215986494398518,3.614540551042784e-05,6.011599718211063e-05,7.778689334633567e-05,5.4074732845685494e-05,7.073671732474143e-05,2.1789880555270644e-05,3.315969641650922e-05,9.360075740759492e-05,5.5664349993939423e-05,2.341792642994157e-05,"DATE,PERSON,ORG",0,931,4839,2,0,0.0125128040090203,0.0125128040090203,0.1189743056893348,0.0125128040090203,0.0125128040090203,0.0125154703855514,0.2446847110986709,0.5737743377685547
14.42821257487614,11.982929094215963,"10,565",games,30,3.0,0.0,1.0,1,11,2,13.839253451421484, Ireland,0,1,3,28, Swen Vincke,Kickstarter,1579630,1559635,video,30,8,4,14477,41.01571428571429,60.142857142857146,1.170309728154854,3.222990734924683,6.085767812074807e-05,6.587493694967736e-05,8.336649090634776e-05,1.0,4.705745761101396e-05,4.398196134848131e-05,6.917727950519756e-05,6.455923208845433e-05,6.17866515114078e-05,7.269554726068014e-05,"WORK_OF_ART,ORG",0,953,4839,6,0,0.4601897299289703,0.1392992883920669,0.3436332941055298,0.0113717289641499,0.0113753331825137,0.01137909386307,0.0113767525181174,0.0113748023286461
12.990955442931607,10.819778284410283,482,design,30,4.0,0.0,1.0,1,11,1,15.261576235762831, AU,0,1,1,1, Dragan Petrovic,Kickstarter,1579620,1559593,video,33,3,11,17800,36.61193548387097,53.58064516129032,0.827959143060141,2.288643177498013,3.895029906935938e-05,7.685393514263793e-05,6.602349871261338e-05,0.4,7.903745985063615e-05,0.2,6.522116233169175e-05,4.737835078479401e-05,7.354488167840548e-05,0.2,"ORG,PERSON,GPE,CARDINAL",0,955,4839,1,0,0.0139097701758146,0.0139204440638422,0.0139226699247956,0.0138991642743349,0.0138943493366241,0.0138921933248639,0.0139047913253307,0.9026566743850708
9.515174503245529,10.203555107263542,75,crafts,33,13.0,0.0,1.0,0,11,4,16.324637595040688, Mexico,0,1,1,4, Roberto Hernández  Guerrero,Kickstarter,1579676,1559572,video,18,7,0,15248,39.84517241379311,49.689655172413794,0.6261687205858713,1.8704306913652264,3.54230869579324e-05,8.742230298797182e-05,1.2370483157369682e-05,9.521968999371552e-05,2.1844499452151433e-05,0.5,0.25,8.033482977267813e-05,2.624870596983616e-05,0.25,"GPE,CARDINAL",0,962,4839,1,0,0.0104356100782752,0.0104269413277506,0.1769508868455886,0.0104252472519874,0.0104231210425496,0.0104212565347552,0.7604963183403015,0.0104206101968884
13.559414302520969,9.95131296576871,"6,944",technology,30,10.0,0.0,1.0,1,10,1,15.347493827460918, AU,0,1,2,5, Paul Moutzouris,Kickstarter,1579777,1559562,video,76,8,10,29475,39.01304347826088,62.130434782608695,0.7021650198647688,2.0181172450353175,2.8421209815155556e-05,1.428248732915012e-05,2.256745593069211e-05,0.3333333333333333,2.275372985809118e-05,0.3333333333333333,9.416046170704504e-05,7.788106153802574e-05,9.673568007377156e-05,0.1666666666666666,,0,969,4839,11,0,0.0178765691816806,0.3114661276340484,0.0178868435323238,0.4284908473491668,0.1706384718418121,0.0178806837648153,0.0178860854357481,0.0178743358701467
9.212936997823448,9.210340371976184,168,film_Video,38,19.0,0.0,1.0,1,11,1,15.9166075437284, NY,0,1,1,0, Kate Grokhovsky,Kickstarter,1579765,1559532,video,22,1,4,4942,39.6325,57.33333333333333,0.7563926355126566,2.1305765748586603,0.2,4.4692339122976186e-05,4.8085555557407943e-05,0.4,2.536542385682236e-05,0.2,8.688311223889739e-05,2.8596792643017197e-05,6.68106536729176e-05,1.646234122142902e-05,"EVENT,PERSON,GPE",0,970,4839,0,0,0.0125142578035593,0.0125088896602392,0.0125199137255549,0.0125066731125116,0.304475873708725,0.5097681879997253,0.1231979206204414,0.0125081446021795
9.82063189221837,9.817929664174482,174,fashion,40,13.0,0.0,1.0,1,10,1,14.29888502284722, Spain,0,1,1,0, Salima Issaoui El Harrak,Kickstarter,1579759,1559489,video,14,2,1,9096,14.452222222222224,43.129629629629626,0.4228694858505907,1.5263350746421582,1.621068333515347e-05,9.427173020424868e-05,1.5841602659320285e-05,0.4,1.9129914733760613e-05,0.4,8.091001636981061e-05,3.138413490436303e-05,7.533639102014382e-05,8.490748795437209e-05,"PERSON,ORG",0,972,4839,0,0,0.0104475552216172,0.0104341115802526,0.2592502236366272,0.0104541266337037,0.4198307991027832,0.0104388305917382,0.1786020845174789,0.1005423441529274
12.088330234048618,11.522875795823396,202,music,30,3.0,0.0,1.0,1,10,1,11.973093381793852, MA,0,1,1,0, Benjamin Stamas,Kickstarter,1579729,1559407,video,22,4,3,15320,37.74045454545454,40.18181818181819,0.5299559694220501,1.6988575052939334,8.882947751653513e-05,5.776755421493281e-05,4.240188440690532e-05,0.5,4.761641341604348e-05,0.5,1.1966265720066702e-05,2.699684161501843e-05,1.8577755638429943e-05,4.238696862020712e-05,PRODUCT,0,975,4839,0,0,0.0113768996670842,0.0113731315359473,0.1149838641285896,0.0113775487989187,0.3435474634170532,0.4845668375492096,0.0113931950181722,0.0113809974864125
10.882714209576651,10.51596683002862,190,technology,30,12.0,0.0,1.0,1,10,1,13.049771178961905, UK,0,1,1,0, Alexander Enoch,Kickstarter,1579724,1559372,video,63,11,16,28852,45.150625,47.25,0.2444294491301794,1.276892573164737,1.3381398135901666e-05,3.0239810220297862e-05,3.7138961195997886e-05,0.2666666666666666,0.0666666666666666,0.2666666666666666,4.476783107038631e-05,7.423878410171009e-05,9.873350420293364e-05,0.2666666666666666,"PERSON,ORG",0,977,4839,9,0,0.0104300072416663,0.2121389210224151,0.0104333069175481,0.0104455519467592,0.0104329911991953,0.1943757086992263,0.5413144826889038,0.0104289529845118
11.25446556852845,11.082142548877776,509,art,31,18.0,0.0,1.0,1,10,1,14.151849928616338, CA,0,1,3,0, John Avots-Smith,Kickstarter,1579704,1559334,video,39,7,12,35135,41.67,69.5,1.468582441144962,4.34307421204731,7.889920754642748e-05,6.0641988021165646e-05,5.7352848372023175e-05,9.487972609481188e-05,0.1428571428571428,0.4285714285714285,7.607609343145133e-05,0.1428571428571428,3.602366073966705e-05,0.1428571428571428,"DATE,PERSON,ORG",0,978,4839,5,0,0.0,0.2503854036331177,0.0715259239077568,0.649631679058075,0.0,0.0,0.0,0.0
10.15603455421958,10.126631103850338,178,technology,33,11.0,0.0,1.0,1,10,2,13.340452576975746, MD,1,0,1,0, Elissa moorhead,Kickstarter,1579694,1559272,video,18,8,2,11785,35.22807692307693,60.61538461538461,0.6476571798724093,1.9110583143175912,3.7354826102952465e-05,0.5,5.319331201039546e-05,8.081832422666126e-05,3.9127345771621526e-05,4.241304755184649e-05,0.5,9.13648020189505e-05,1.6354484736933454e-05,9.314953862473743e-05,"PERSON,GPE",0,981,4839,1,0,0.0156567711383104,0.015641251578927,0.0156735088676214,0.0156384538859128,0.0156663712114095,0.5551456809043884,0.3509360551834106,0.0156419053673744
9.481174054073463,9.381727363717358,145,design,30,7.0,0.0,1.0,1,10,6,15.837971611150978, UK,0,1,1,1, Pierre Camille Louis De Pingon,Kickstarter,1579677,1559238,video,64,6,15,21135,25.436785714285712,31.857142857142858,0.6233004420497699,1.8650734618459763,7.677066942628437e-05,7.28266904630784e-05,6.486047397143289e-05,2.9188385448485415e-05,4.934981148923811e-05,3.7270603069076435e-05,6.524704624786073e-05,9.924481155002964e-05,8.830137069855019e-05,6.876290521597499e-05,"CARDINAL,ORG",0,982,4839,0,0,0.0952938199043273,0.01043386105448,0.1214849278330802,0.284324049949646,0.1868655234575271,0.0104397311806678,0.0104357628151774,0.2807223498821258
13.1130887406185,12.283028686653802,387,design,30,11.0,0.0,1.0,1,10,2,14.341107348903938, Austria,0,1,1,0, Kamran Valanejad,Kickstarter,1579657,1559202,video,22,6,6,17539,24.78545454545455,40.74242424242424,0.8174546902125486,2.264728060669684,2.6345257098094244e-05,5.5665468446046456e-05,1.6773184117738522e-05,1.0,9.201116167260365e-05,2.540479372824757e-05,4.6551611071992095e-05,5.982587016083864e-05,8.356637001071175e-05,1.9032377772561012e-05,"PERSON,ORG",0,983,4839,5,0,0.0,0.0,0.0,0.0,0.0,0.0791803151369094,0.8707655668258667,0.0
12.39503450662322,10.068907071254726,"7,034",games,31,9.0,0.0,1.0,1,10,3,14.230937217984762, Sweden,0,1,1,35, Anders Westin,Kickstarter,1579665,1559188,video,29,2,5,8266,16.33,45.315789473684205,0.3715412673919694,1.4499676812514335,9.11746177074235e-05,3.9602780038965194e-05,7.027712266830754e-05,1.866197117418144e-05,2.6864902008650232e-05,0.5,7.833423557175022e-05,8.901378012066847e-05,8.93567695109183e-05,6.103453842044596e-05,,0,984,4839,5,0,0.0156317222863435,0.0156378410756587,0.4464321732521057,0.4597376585006714,0.015631515532732,0.0156357455998659,0.0156470071524381,0.0156462863087654
10.854604741562328,10.308952660644293,"1,833",games,30,14.0,0.0,1.0,1,10,0,14.816343153421665, IL,0,1,1,16, John Pantaleon,Kickstarter,1579677,1559137,video,40,9,3,5341,33.83586206896552,56.58620689655172,0.6091539832069179,1.838875021365299,0.1111111111111111,0.1111111111111111,7.500099305684747e-05,0.1111111111111111,0.1111111111111111,0.2222222222222222,0.2222222222222222,5.9098685692008994e-05,9.611430039319638e-05,0.1111111111111111,"PERSON,ORG",0,987,4839,1,0,0.3254539668560028,0.0139192668721079,0.1251604408025741,0.4797402024269104,0.0139597384259104,0.0139225786551833,0.0139122484251856,0.0139317149296402
14.31098210892667,9.210340371976184,"10,308",food,31,5.0,0.0,1.0,1,10,1,15.194750847520003, CA,0,1,6,47, William Matters,Kickstarter,1579699,1559045,video,84,30,12,43656,45.14079999999999,57.0,0.9834731668465112,2.673726432152768,8.755218134086107e-05,3.0378664457888497e-05,4.540722187153818e-05,0.5,1.911775301406227e-05,0.25,2.2648490112468057e-05,8.30631625656737e-05,8.463420944064974e-05,4.431136192111268e-05,ORG,0,994,4839,7,0,0.0104337930679321,0.1215115785598754,0.0104413777589797,0.5617218017578125,0.0104347774758934,0.1775489598512649,0.0974742472171783,0.0104334857314825
9.44594199821242,9.366061246972958,47,art,45,11.0,0.0,1.0,1,10,3,15.837971611150978, UK,0,1,2,6, Jonathan  Casciani,Kickstarter,1579716,1559054,video,29,5,2,40581,45.44772727272727,62.909090909090914,0.3982193655724855,1.4891706668553806,4.108077570203991e-05,2.527347152397205e-05,7.21650604806072e-05,6.659558097028147e-05,3.293641490276838e-05,1.0,3.549247384731112e-05,8.859116861354091e-05,8.642152529068315e-05,6.064706994125849e-05,"NORP,PERSON,ORDINAL,ORG",0,995,4839,8,0,0.3253838419914245,0.0104386927559971,0.0104375872761011,0.5229977369308472,0.0104394704103469,0.0994297638535499,0.0104421041905879,0.010430758818984
13.160040133885069,12.076814759881632,"6,892",design,44,11.0,1.0,1.0,1,10,2,8.760139370026627, AU,0,1,1,0, Michael James Smith,Kickstarter,1579660,1558959,video,61,6,19,27262,53.894,55.0,0.3978829432134024,1.488669760809281,9.523816003976672e-05,8.389287523867879e-05,8.055647083549161e-05,6.252221676103198e-05,6.659808357655418e-05,6.504781004523751e-05,0.5,3.724734628946545e-05,0.5,2.2629649779005805e-05,"NORP,ORG,CARDINAL",0,997,4839,4,0,0.1604853868484497,0.4070478677749634,0.0,0.0,0.0,0.0,0.0,0.3843396604061126
12.29308485585279,10.819778284410283,720,crafts,37,19.0,0.0,1.0,1,10,2,14.151849928616338, CA,1,0,1,7, Mark Pavlyukovskyy,Kickstarter,1579611,1558896,video,66,18,15,25880,34.28695652173913,28.89130434782609,0.532249708566683,1.702758713721788,7.609995388680324e-05,2.2454070628772655e-05,5.1321691699789275e-05,8.88207202863734e-05,2.391318099493511e-05,0.25,6.382199690037627e-05,2.8853293744847697e-05,3.894756177344903e-05,0.25,,0,998,4839,6,0,0.0179253909736871,0.5178864598274231,0.0178943835198879,0.2302597612142563,0.0179099142551422,0.1623139381408691,0.0179087463766336,0.0179013665765523
9.120664648766317,8.8527006771006,120,design,30,11.0,0.0,1.0,1,10,1,4.204692619390966, AU,0,1,1,7, Eirlie Millicent Chisholm,Kickstarter,1579557,1558769,video,19,2,4,13646,33.51107142857143,31.857142857142858,0.5539268401564738,1.7400726063730727,2.415458873617438e-05,0.0909090909090909,1.4079817184319469e-05,0.0909090909090909,7.469356122345383e-05,0.2727272727272727,0.0909090909090909,0.0909090909090909,6.0540798773144355e-05,0.2727272727272727,CARDINAL,0,1003,4839,2,0,0.0139016890898346,0.2687298953533172,0.0138984266668558,0.0139239393174648,0.0138980355113744,0.0139050325378775,0.0139149781316518,0.6478279829025269
12.416240373801925,10.126631103850338,942,design,40,15.0,0.0,1.0,1,9,2,14.230937217984762, Sweden,0,1,2,0, Krishan Arora,Kickstarter,1579567,1558759,video,30,7,0,14714,44.01999999999999,54.33333333333333,0.369632820058431,1.447203133132755,0.217391304347826,0.217391304347826,4.809154973411678e-05,3.004892887752549e-05,0.0434782608695652,0.0434782608695652,0.217391304347826,0.1304347826086956,0.0869565217391304,9.703191028467012e-05,"ORG,CARDINAL",0,1004,4839,0,0,0.0113709662109613,0.0113745052367448,0.0113712530583143,0.0113700963556766,0.0113727580755949,0.9203932285308838,0.01137709710747,0.0113700963556766
10.600552050380118,12.206072645530174,43,technology,28,3.0,0.0,1.0,0,9,1,11.110251458112543, CA,0,1,3,30, Hong Quan,Kickstarter,1579557,1558701,video,36,7,8,22126,37.025,51.33333333333333,0.2750010027405406,1.3165319950069645,4.894901916393364e-05,1.8028590293526743e-05,3.5085430605441177e-05,2.9453844484574172e-05,0.25,0.25,0.25,4.0701859395308466e-05,6.683541198788718e-05,0.25,PERSON,0,1008,4839,0,0,0.0178614612668752,0.0178678836673498,0.3273485600948334,0.5654409527778625,0.0178612433373928,0.0178671982139349,0.0178816393017768,0.0178709775209426
14.384964082012615,13.017002861746503,"3,345",technology,35,12.0,0.0,1.0,1,9,1,12.431262102551305, CA,0,1,1,2, Jeri Ellsworth,Kickstarter,1579526,1558643,video,179,152,54,60667,28.58222222222222,39.42592592592592,0.6048840614140124,1.8310399084012352,2.7909292506349315e-05,6.158343231831211e-05,3.721586678460799e-05,1.0,5.609510957508416e-05,2.1270333963991025e-05,1.036716461644642e-05,6.494794666427167e-05,4.095810883661379e-05,5.604550765716018e-05,"ORG,CARDINAL",0,1009,4839,30,0,0.1116497069597244,0.2273459732532501,0.3197942972183227,0.0,0.0,0.1743063479661941,0.0,0.1434386223554611
12.408845238638785,10.83533323642689,724,design,30,7.0,0.0,1.0,1,9,0,12.36179352052695, Canada,0,1,2,71, Calvin Jar Win Chu,Kickstarter,1579477,1558577,video,21,3,2,10216,40.356,70.0,0.8035300113790692,2.233410995835874,3.486871976192683e-05,8.063946850490148e-05,7.384624927473982e-05,0.5,7.898980333057579e-05,0.5,5.3418372792077145e-05,6.869549200067801e-05,5.167004757662487e-05,4.050271320332947e-05,PRODUCT,0,1010,4839,0,0,0.0,0.6211822032928467,0.1268849819898605,0.0,0.0,0.0,0.203776478767395,0.0
9.266647923935803,9.1942109900463,282,journalism,30,16.0,0.0,1.0,1,10,1,13.669304899370122, UK,1,0,1,9, Ian Nesbitt,Kickstarter,1579423,1558509,video,17,7,1,5703,42.02227272727273,44.72727272727273,0.465020377261538,1.5920466301071308,1.0,8.107062524134802e-05,5.0328200151632786e-05,2.9022997943360185e-05,9.84443492860413e-05,6.67567545384674e-05,1.9087945343560433e-05,8.46524091527428e-05,2.660676208051433e-05,4.0027370003731573e-05,PERSON,0,1011,4839,0,0,0.0208759903907775,0.0208629965782165,0.1871595084667205,0.1929899901151657,0.0208771433681249,0.0208826158195734,0.0208670478314161,0.5154846906661987
11.347802913694832,11.02679245379461,705,design,28,11.0,0.0,1.0,1,9,2,13.669469241521591, UK,0,1,2,2, Lewis Jones,Kickstarter,1579421,1558463,video,61,5,18,9332,39.34444444444444,67.74074074074073,0.8636575715352216,2.3718199492620657,4.632409021254321e-05,0.1428571428571428,5.762467908600962e-05,0.1428571428571428,0.1428571428571428,0.1428571428571428,0.1428571428571428,6.498440077866474e-05,7.97380754807573e-05,0.1428571428571428,"ORDINAL,ORG,PERCENT",0,1014,4839,11,0,0.2752290666103363,0.2079542875289917,0.0,0.0,0.0,0.0,0.4750638008117676,0.0
13.065860748490437,10.308952660644293,"3,024",design,40,5.0,0.0,1.0,1,9,1,16.153306508452264, China,0,1,3,0, Jun Zhou,Kickstarter,1579400,1558405,video,110,17,31,81701,40.565555555555555,60.33333333333333,0.8012197903272389,2.228257278141629,3.5871549840752514e-05,4.2796887939586294e-05,3.5267675567170706e-05,0.3333333333333333,1.3873076497602495e-05,0.6666666666666666,3.655586441948533e-05,8.570853985223593e-05,6.619627068198441e-05,4.599912260766056e-05,PERSON,0,1016,4839,15,0,0.0156379211694002,0.7379152774810791,0.0156371109187603,0.0156459100544452,0.1682499796152115,0.0156524330377578,0.0156313758343458,0.0156300216913223
12.94999611185174,10.819778284410283,"3,659",food,45,7.0,0.0,1.0,1,9,1,14.151849928616338, CA,0,1,1,1, Chaitanya Mishra,Kickstarter,1579385,1558379,video,36,6,11,10822,41.666,54.166666666666664,0.212685346590523,1.2369953651925558,6.432734805034376e-05,7.10665362535973e-05,2.4109249360150207e-05,1.881721813555606e-05,6.7002831303472e-05,8.786972561698559e-05,5.3573108539887266e-05,3.2781718324991066e-05,7.60445693406545e-05,9.487575003793316e-05,,0,1017,4839,1,0,0.0125144897028803,0.0125161847099661,0.0125153781846165,0.0125304711982607,0.0125174298882484,0.0125280441716313,0.1618535816669464,0.7630243897438049
13.348802293036334,10.596634733096073,"8,925",games,22,5.0,0.0,1.0,1,9,1,13.534539251203936, Poland,0,1,11,406, Vincent Vergonjeanne,Kickstarter,1579376,1558334,video,40,26,9,12964,24.736216216216217,34.71621621621622,1.0786736408639883,2.94077643747773,0.3333333333333333,9.05871440074797e-05,8.169366172671173e-05,1.1856396881238794e-05,6.0508344898797514e-05,7.212064181581357e-05,0.3333333333333333,9.144384472528814e-05,9.16111930449656e-05,1.0791171136883062e-05,"GPE,ORG",0,1020,4839,5,0,0.0884132385253906,0.0,0.4677966833114624,0.0,0.3343476057052612,0.0780970752239227,0.0,0.0
13.23177726703125,11.512925464970229,"3,512",design,31,3.0,0.0,1.0,1,9,1,15.9166075437284, NY,1,0,4,53, Rafael Atijas,Kickstarter,1579382,1558304,video,28,11,6,14316,37.219677419354845,63.25806451612903,0.8696647857149661,2.3861108610010247,2.3934575133794788e-05,5.5339609935217065e-05,6.479803851663098e-05,3.779370222299608e-05,0.3333333333333333,0.3333333333333333,5.673334837724006e-05,8.540943591320632e-05,9.016765327904386e-05,0.3333333333333333,ORG,0,1023,4839,3,0,0.0,0.0,0.0,0.0,0.0,0.0,0.9415629506111144,0.0
12.011571214296849,10.819778284410283,"1,179",technology,35,6.0,0.0,1.0,1,9,1,13.744905673596724, TX,0,1,1,0, Ethan Jin,Kickstarter,1579356,1558247,video,47,11,11,34613,27.989000000000004,41.66666666666667,0.8471768356526355,2.333050959373469,1.1385540252217764e-05,2.3944760680414233e-05,2.623417919875642e-05,9.8489670831659e-05,3.79390827864461e-05,5.414889777144731e-05,2.2406109666698203e-05,1.5235192705611084e-05,6.277239670344494e-05,5.867357327165428e-05,,0,1025,4839,5,0,0.0872294604778289,0.22503562271595,0.0,0.0,0.0,0.2363453209400177,0.2246685177087783,0.2016827017068863
8.643297068211963,9.210340371976184,121,games,30,6.0,0.0,1.0,0,9,0,13.357133477695209, OR,0,1,1,1, Angelica  Serr,Kickstarter,1579381,1558271,video,17,16,4,8331,39.90333333333333,34.666666666666664,0.416821122892906,1.5171311086380053,9.618229135754356e-05,8.254148541427622e-05,7.115026022349382e-05,1.5980125500336532e-05,1.452132093319849e-05,0.5,3.8626239260618864e-05,1.9618293493701016e-05,5.080486126939311e-05,0.25,,0,1026,4839,5,3,0.0178665649145841,0.2197418808937072,0.0178785044699907,0.0178737696260213,0.4373294711112976,0.0178734790533781,0.0178774185478687,0.2535589933395386
14.001526116856867,10.126631103850338,"11,953",design,23,24.0,0.0,1.0,1,9,2,14.64870833488698, NY,0,1,9,172, Omar Rada,Kickstarter,1579399,1558276,video,33,10,5,20025,55.35769230769231,51.46153846153847,0.1873017708094928,1.2059911630728024,8.558214459979841e-05,1.0452295302878077e-05,4.002396227580496e-05,4.579587615733186e-05,3.122586990489478e-05,3.636130630355552e-05,8.199515135875733e-05,1.5572821889476818e-05,3.3179255817275446e-05,8.53031951365232e-05,ORG,0,1027,4839,8,0,0.0178779494017362,0.0178988426923751,0.0178695935755968,0.8748775124549866,0.0178611427545547,0.0178731363266706,0.0178770683705806,0.0178646873682737
11.127498250598572,10.126631103850338,149,crafts,26,16.0,0.0,1.0,1,9,1,11.000715550182044, MI,1,0,1,2, April Wagner,Kickstarter,1579489,1558280,video,23,8,2,20856,25.06354838709678,38.08064516129032,0.6750899221126445,1.96420959390516,1.5627366616856117e-05,7.566459843118083e-05,8.345130162885586e-05,4.685216035083575e-05,0.1,0.4,5.066411637526274e-05,0.1,9.244939212670017e-05,0.3,"PERSON,ORG",0,1032,4839,2,1,0.9269643425941468,0.0104303499683737,0.0104300240054726,0.0104249883443117,0.0104338014498353,0.0104575892910361,0.0104361493140459,0.0104226311668753
9.815966955006632,9.615805480084347,217,food,30,9.0,0.0,1.0,1,9,0,15.9166075437284, NY,0,1,1,0, Waris  Ahluwalia,Kickstarter,1579577,1558322,video,14,5,1,4986,20.670833333333334,37.44444444444444,1.1177463945340629,3.0579550080601376,9.563416391591086e-05,0.3333333333333333,7.685350215195986e-05,7.600455634285052e-05,3.4535220536739675e-05,0.3333333333333333,0.3333333333333333,1.729425807664307e-05,5.2291722646181384e-05,7.516041480353603e-05,"PERSON,ORG",0,1036,4839,0,1,0.0125136552378535,0.0125123811885714,0.0125112254172563,0.6766927242279053,0.0125434473156929,0.2481916695833206,0.01251548435539,0.0125193605199456
12.138072138629424,11.407564949312402,"1,068",design,29,14.0,0.0,1.0,1,8,1,13.744905673596724, TX,0,1,10,6, Greg McEvilly,Kickstarter,1579628,1558244,video,20,21,6,8236,44.3421052631579,50.578947368421055,0.557008999261731,1.7454440605866022,7.349147472551377e-05,6.526816641781316e-05,6.462508715543834e-05,5.783831172585909e-05,5.4899475000150694e-05,1.0,2.824386024736215e-05,4.472523322822616e-05,6.472243828132454e-05,3.28110110583137e-05,ORG,0,1044,4839,2,30,0.0139111690223217,0.7789855003356934,0.0139044197276234,0.0139140719547867,0.1375662386417389,0.0139035731554031,0.0139099210500717,0.0139051210135221
13.794852645015574,11.156250521031495,929,design,59,17.0,0.0,1.0,1,8,0,9.366831168735615, CA,0,1,5,0, Jeffrey Lang,Kickstarter,1579589,1558186,video,181,83,49,73472,30.837096774193547,44.53225806451613,0.9776054320603146,2.6580836532790473,1.5760571194775884e-05,9.041131487504044e-05,8.356116910445106e-05,6.267288036143645e-05,1.079281066541647e-05,1.0,3.5638600443677336e-05,9.524171441905284e-05,5.99091564007339e-05,4.965981469826946e-05,ORG,0,1045,4839,25,23,0.0,0.7694851756095886,0.0,0.0939715877175331,0.0,0.0884024277329444,0.0,0.0
12.343619092027508,9.210340371976184,"1,970",crafts,45,8.0,0.0,1.0,1,8,1,11.375122103323024, CA,0,1,1,0, HANJIN PARK,Kickstarter,1579549,1558074,video,42,11,4,20874,40.856086956521736,40.391304347826086,0.5178868060124441,1.6784769519605256,2.4441635284410383e-05,5.602927656714285e-05,9.913580164827685e-05,0.3333333333333333,6.566036232276006e-05,0.6666666666666666,1.832768447693128e-05,3.202223991671268e-05,5.740315036741405e-05,2.5228280829323788e-05,ORG,0,1052,4839,2,7,0.0125056412070989,0.0125167109072208,0.2795999944210052,0.0125150354579091,0.0125098703429102,0.0125050507485866,0.6453341841697693,0.0125134699046611
10.16250005226458,8.517193191416238,184,design,30,20.0,0.0,1.0,1,8,3,15.9166075437284, NY,0,1,6,32, Phillip Stearns,Kickstarter,1579542,1558051,video,45,4,9,30143,67.78,53.66666666666667,0.2192556402057501,1.2451495462907478,0.1428571428571428,0.1428571428571428,4.185349089177733e-05,9.340729942106515e-05,6.063371976207906e-05,0.2857142857142857,0.1428571428571428,0.1428571428571428,0.1428571428571428,7.844952113060717e-05,,0,1053,4839,5,6,0.1603830754756927,0.0208643898367881,0.02084849961102,0.0208942424505949,0.2145385593175888,0.0208484977483749,0.0208596196025609,0.520763099193573
12.662797880809196,9.615805480084347,"2,645",design,30,9.0,0.0,1.0,1,8,2,12.168744540264177, UT,0,1,1,6, John Galbraith,Kickstarter,1579521,1558014,video,104,16,14,49641,42.582857142857144,48.595238095238095,0.4513414291397204,1.570417376822784,0.1428571428571428,0.1428571428571428,6.521632144457614e-05,0.1428571428571428,2.574402064757103e-05,0.1428571428571428,0.1428571428571428,0.1428571428571428,7.433927578063454e-05,0.1428571428571428,,0,1055,4839,15,4,0.0113766556605696,0.1090938672423362,0.3640690445899963,0.2773079872131347,0.0113766398280859,0.0113793769851326,0.2040235847234726,0.0113727338612079
10.253580885109306,9.734358589528156,238,food,28,11.0,0.0,1.0,1,8,3,15.194750847520003, CA,0,1,2,0, Diana Zheng,Kickstarter,1579496,1557975,video,19,3,1,7131,29.613103448275865,49.689655172413794,0.5139461883328775,1.6718757309951415,7.166208788870358e-05,7.810344191003227e-05,7.304297227211277e-05,0.25,6.607642559346528e-05,0.25,5.501776112780533e-05,3.271729865866656e-05,8.434830500747076e-05,0.25,"CARDINAL,PRODUCT,ORG",0,1056,4839,5,3,0.0139232547953724,0.4196683466434479,0.1927056163549423,0.1794731020927429,0.1525304317474365,0.0138976499438285,0.0139001179486513,0.0139015782624483
9.633493913262006,9.213962404489596,103,technology,45,8.0,0.0,1.0,1,8,3,15.7632387676311, Hong Kong,0,1,1,1, Zhenbo Ma,Kickstarter,1579538,1557998,video,37,14,10,14751,49.25217391304347,53.434782608695656,0.4647661301365184,1.5916419082803897,3.602687016663549e-05,3.106253577761872e-05,9.483199587035984e-05,0.5,1.5382762781709652e-05,3.269385658901014e-05,9.317490087605164e-05,8.464313661564673e-05,5.964359251295951e-05,8.931563311391456e-05,,0,1057,4839,2,2,0.0139100588858127,0.7196824550628662,0.0139046069234609,0.1968558877706527,0.0139083927497267,0.013901432044804,0.0139244729653,0.0139125473797321
8.348537825386098,8.294049640102028,68,film_Video,30,12.0,0.0,1.0,1,8,1,12.996806957126934, FL,0,1,1,1, Christopher  Campa,Kickstarter,1579576,1558022,video,8,7,1,4846,25.754594594594593,48.229729729729726,1.510909051702619,4.530847697605585,0.1333333333333333,0.1333333333333333,3.514206909166839e-05,4.248952829132205e-05,0.0666666666666666,0.0666666666666666,0.2666666666666666,0.1333333333333333,0.1333333333333333,0.0666666666666666,"QUANTITY,PERSON",0,1059,4839,2,1,0.0,0.0,0.0,0.2128729224205017,0.4980281889438629,0.0,0.2473480701446533,0.0
7.445417556701687,7.426549072397305,32,photography,30,8.0,0.0,1.0,1,8,6,14.64870833488698, NY,1,0,1,1, Chuya Lee,Kickstarter,1579553,1557994,video,18,5,3,5312,39.453181818181825,49.272727272727266,0.3867977171190951,1.4722586484290554,3.9406828782703675e-05,9.784717175993208e-05,3.359543965674539e-05,8.596368221014679e-05,7.461739960669259e-05,9.708114537837456e-05,4.653004948922287e-05,3.024700506171429e-05,7.277316440840164e-05,2.2605884446810567e-05,"ORDINAL,PERSON,GPE",0,1060,4839,3,1,0.5365005731582642,0.011404656805098,0.0113919852301478,0.1239295899868011,0.0113964676856994,0.1011348441243171,0.1928537487983703,0.0113881714642047
10.622697138798666,10.16277015046621,443,publishing,30,5.0,0.0,1.0,1,8,1,14.29888502284722, Spain,0,1,9,5, Jordi Anton Sala,Kickstarter,1579549,1557981,video,40,0,2,20130,31.59677419354839,41.306451612903224,0.4798446032999954,1.615823289075411,4.1898245391374936e-05,9.612925919833974e-05,4.773132473476241e-05,0.2,7.958610804327896e-05,0.2,8.481372397681723e-05,4.499402066982189e-05,5.6148155403020434e-05,0.2,"PERSON,DATE,ORG,ORDINAL,WORK_OF_ART",0,1061,4839,3,1,0.0104313548654317,0.0104308566078543,0.0104298749938607,0.0104242488741874,0.0104274498298764,0.0104212909936904,0.9270109534263612,0.0104239834472537
14.465882274724663,9.903487552536127,"10,949",crafts,58,10.0,0.0,1.0,1,8,1,13.84206290359328, CA,0,1,3,26, Ronit Kakon,Kickstarter,1579516,1557932,video,37,14,6,25762,33.815555555555555,28.314814814814813,1.0665968242980683,2.9054748145524956,0.2,8.471595186996287e-05,3.861784445019594e-05,2.017113628122806e-05,6.920671437221826e-05,0.4,9.78880114474111e-05,0.2,2.5195445629779516e-05,0.2,PRODUCT,0,1063,4839,6,0,0.0250081159174442,0.0250150263309478,0.0250081159174442,0.0250301901251077,0.8249142169952393,0.025008114054799,0.0250081159174442,0.0250081159174442
12.716324104495095,10.308952660644293,676,technology,45,17.0,0.0,1.0,1,7,3,16.27651890461461, China,0,1,1,0, Lei Wang,Kickstarter,1579507,1557909,video,47,6,12,11318,28.2240625,28.5,0.7729749928983572,2.166201110131986,5.5281922529638606e-05,3.8080117549760536e-05,6.631023969324158e-05,6.547559722991734e-05,4.6472169511575287e-05,1.0,3.250609415903162e-05,6.773439714355265e-05,1.3969706812283664e-05,3.69693221699885e-05,PERSON,0,1064,4839,6,0,0.0208430383354425,0.8540573120117188,0.0208434760570526,0.0208465289324522,0.020838875323534,0.0208469349890947,0.0208679512143135,0.0208559874445199
11.9449091598392,11.512925464970229,"1,451",film_Video,30,10.0,0.0,1.0,1,8,6,11.660767717014435, NC,0,1,7,14, Robert Woodhead,Kickstarter,1579473,1557869,video,49,5,7,7271,26.724615384615383,52.83333333333333,1.2378854905436254,3.4483142572551633,2.7447676114320343e-05,9.188412767488544e-05,8.848993679137245e-05,0.5,1.8880488827687213e-05,0.5,4.692081102735029e-05,3.8408195146889705e-05,7.835785939404288e-05,7.455076927556634e-05,"DATE,NORP,ORG,CARDINAL,WORK_OF_ART",0,1065,4839,4,0,0.2169052511453628,0.0,0.0,0.1644348800182342,0.0,0.0,0.0,0.5795153975486755
11.40334226855412,10.01702291291294,"1,376",technology,45,8.0,0.0,1.0,1,7,2,16.92079089713741, China,0,1,3,1, Chang-Yi Shi,Kickstarter,1579421,1557810,video,49,5,12,22204,38.80826086956522,40.391304347826086,0.7630997683845383,2.1449146650272715,6.494920795138821e-05,8.342387659227657e-05,6.20704049679208e-05,1.87362395339443e-05,5.366928137244406e-05,1.0,9.144619231728446e-05,1.540060884862851e-05,1.879359679924141e-05,6.411078231528004e-05,"WORK_OF_ART,ORG",0,1067,4839,3,0,0.0138961477205157,0.7269949913024902,0.0138968424871563,0.0139004690572619,0.0138972243294119,0.0138938324525952,0.0138986324891448,0.1896217465400695
8.688453800850768,8.294049640102028,44,crafts,25,4.0,0.0,1.0,1,7,2,13.79971953341922, AL,0,1,6,5, Phillip Jones,Kickstarter,1579350,1557725,video,13,2,2,4457,24.60490909090909,56.59090909090909,1.7592227368305828,5.807921356193821,0.0769230769230769,8.368641914091868e-05,2.898574473274781e-05,0.1538461538461538,0.0769230769230769,0.2307692307692307,0.1538461538461538,0.1538461538461538,3.1254723166199045e-05,0.0769230769230769,"PERSON,GPE,DATE,ORG,ORDINAL",0,1070,4839,1,0,0.2027999758720398,0.0,0.0,0.130807563662529,0.1943432390689849,0.4481675922870636,0.0,0.0
8.469971596398741,8.268731832117737,146,film_Video,60,18.0,0.0,1.0,1,6,6,15.936165897399452, Japan,0,1,1,0, Heyao Huang,Kickstarter,1579311,1557676,video,24,3,3,2817,36.02058823529411,57.52941176470589,0.627868837889119,1.8736133476260364,0.3333333333333333,9.520371235304994e-05,8.938489638508917e-05,4.997195656822241e-05,8.425000261140092e-05,0.3333333333333333,0.3333333333333333,1.3989923201807196e-05,4.3395267430967434e-05,2.4515698154468853e-05,"LOC,PERSON,GPE,LANGUAGE",0,1071,4839,3,0,0.0208615455776453,0.020846240222454,0.020877830684185,0.0208843406289815,0.2255480140447616,0.6492878198623657,0.0208480115979909,0.020846240222454
11.567517811495994,11.512925464970229,163,technology,60,2.0,0.0,1.0,1,7,1,12.431262102551305, CA,0,1,1,0, Yipeng Yun,Kickstarter,1579308,1557601,video,71,22,32,18651,32.869565217391305,40.391304347826086,0.6205725522353965,1.8599926800035371,6.546704373331518e-05,7.624739299033769e-05,3.909221055496064e-05,4.074247470606268e-05,5.0159693672396845e-05,0.5,2.2544036757238495e-05,4.9224440201238405e-05,4.870468825994379e-05,0.5,"PERSON,ORG,PRODUCT",0,1078,4839,11,1,0.0178924277424812,0.5892254710197449,0.0178718101233243,0.0178814139217138,0.0178707912564277,0.3035165071487427,0.0178707912564277,0.0178707931190729
15.079090525494664,11.147930289415775,"55,024",games,30,5.0,0.0,1.0,1,7,0,15.194750847520003, CA,0,1,2,7, Robert DenBleyker,Kickstarter,1579265,1557527,link,13,2,2,13,4.526666666666667,31.22222222222222,0.282591893036099,1.326563671459299,0.1111111111111111,0.2222222222222222,4.230733867183078e-05,0.1111111111111111,0.1111111111111111,0.1111111111111111,0.1111111111111111,0.1111111111111111,0.1111111111111111,1.6364678618129987e-05,ORG,0,1080,4839,0,0,0.0104585932567715,0.0104289501905441,0.0104388501495122,0.2884325981140136,0.0104575911536812,0.010448170825839,0.2603727877140045,0.3989624381065368
11.523746703601812,11.512925464970229,902,film_Video,60,23.0,0.0,1.0,1,7,0,14.64870833488698, NY,0,1,1,0, Josh Fox,Kickstarter,1579265,1557527,video,11,4,2,5639,51.15500000000001,45.77777777777778,0.5905859163603188,1.8050457114375404,4.8604990008712986e-05,7.050107348205447e-05,8.170955745128609e-05,3.8261912552505144e-05,3.102904416319442e-05,1.0,9.691049352249924e-05,2.6669005350660593e-05,9.9894991386989e-05,7.30915205484861e-05,,0,1080,4839,0,0,0.0139200463891029,0.0139020085334777,0.0139142060652375,0.1958075314760208,0.0139002492651343,0.6078735589981079,0.013900676742196,0.1267817169427871
14.21610649755504,12.206072645530174,"11,808",games,22,2.0,0.0,1.0,1,7,2,13.047376865601484, GA,0,1,53,62, David Doust,Kickstarter,1579206,1557451,link,11,7,1,13,12.619999999999996,40.04761904761905,0.6006884870409781,1.8233737375261063,2.5452451693490465e-05,9.055956031570829e-05,6.770934912115223e-05,5.071103676996804e-05,4.460740453238792e-05,6.90859584052627e-05,4.958045546416339e-05,7.094204000280285e-05,3.173891110094299e-05,5.933030888916097e-05,"NORP,PERSON,ORG",0,1082,4839,1,1,0.2142995595932006,0.103343442082405,0.1063842102885246,0.4105988144874573,0.1340693235397339,0.0104381022974848,0.0104371085762977,0.0104294177144765
12.37174906241396,12.17101525371477,"1,249",crafts,30,9.0,0.0,1.0,1,7,5,15.837971611150978, UK,1,0,1,3, Benedict Redgrove,Kickstarter,1579182,1557418,link,18,3,0,20,4.790400000000002,24.5,0.8353795695858915,2.305689051652705,8.834742696424459e-05,9.042837841814328e-05,5.851811305200228e-05,8.657194404876525e-05,4.6737804888228885e-05,5.2841623409569665e-05,1.4039227458077103e-05,5.144719490695565e-05,4.482335020019804e-05,8.998609205033365e-05,"DATE,ORG,CARDINAL",0,1083,4839,2,0,0.0799358859658241,0.3028136193752289,0.0,0.0,0.0,0.0,0.2790069878101349,0.3164580166339874
11.156621880640408,9.903487552536127,"1,111",journalism,30,9.0,0.0,1.0,1,7,1,14.816343153421665, IL,1,0,1,47, Christopher Hass,Kickstarter,1579158,1557373,link,4,2,1,5,14.414285714285718,59.095238095238095,0.6566072814444234,1.928239251217169,0.1111111111111111,0.1111111111111111,5.0836758318487145e-05,0.1111111111111111,4.991678924282455e-05,0.1111111111111111,0.1111111111111111,0.1111111111111111,6.137878893714064e-05,0.1111111111111111,"DATE,ORG,CARDINAL,WORK_OF_ART",0,1085,4839,1,0,0.3722894787788391,0.0,0.2170135676860809,0.0,0.0,0.0,0.3808755278587341,0.0
8.957381735582787,8.922658299524402,73,theater,22,7.0,0.0,1.0,1,7,1,15.9166075437284, NY,0,1,1,1, Kristin Roselle Marting,Kickstarter,1579158,1557373,video,3,0,0,3461,41.83352941176471,43.794117647058826,0.4934583872358716,1.63797117441022,9.061072998569007e-05,7.814355222766953e-05,1.2961971725944535e-05,1.9812084464754384e-05,3.2329727712532196e-05,9.4767597468255e-05,2.8962221216147605e-05,3.375704231056771e-05,5.7939353899815766e-05,6.643044411356508e-05,"WORK_OF_ART,PERSON",0,1085,4839,1,1,0.3749428987503052,0.0417021736502647,0.3748966753482818,0.0416926927864551,0.0416723228991031,0.0416723228991031,0.0416781641542911,0.0417427867650985
12.29501715281883,10.46310334047155,"1,175",technology,30,14.0,0.0,1.0,1,7,1,13.84206290359328, CA,0,1,3,0, Andrew Lekashman,Kickstarter,1579178,1557379,link,15,1,4,15,7.143333333333331,31.22222222222222,0.1717045661624519,1.1873270048197098,5.570245575629012e-05,8.289218082754814e-05,7.550431022565495e-05,7.157779691272126e-05,8.608025665528005e-05,9.851465648658966e-05,6.065031047374347e-05,5.844147960017307e-05,5.304456317399854e-05,4.7113185323434266e-05,ORG,0,1086,4839,0,0,0.2523978054523468,0.3457863628864288,0.0,0.0918233841657638,0.1915091872215271,0.0,0.0950181558728218,0.0
11.714216949521136,9.181940897454483,"1,483",publishing,45,15.0,0.0,1.0,1,7,1,12.90238979642094, Spain,0,1,7,21, Jossie Dan Malis Alvarez,Kickstarter,1579128,1557317,video,17,1,3,5783,40.20789473684211,74.84210526315789,0.7833126386916087,2.1887106774320104,1.1631163694115675e-05,9.13390535259196e-05,7.844789818939928e-05,0.1818181818181818,0.1818181818181818,0.2727272727272727,3.5653368255617344e-05,0.0909090909090909,7.602900948613802e-05,0.1818181818181818,"WORK_OF_ART,ORG,PRODUCT",0,1087,4839,2,0,0.0,0.0,0.0782555639743805,0.0,0.3971002697944641,0.0610443539917469,0.1800615787506103,0.2671963572502136
12.014615485902029,11.512925464970229,"1,841",design,38,20.0,0.0,1.0,1,7,1,15.9166075437284, NY,0,1,13,54, Francisco Dautant,Kickstarter,1579128,1557317,link,11,1,0,12,1.41,24.666666666666664,0.7334780197267788,2.0823103442575506,1.6214131568313977e-05,5.2941679065611495e-05,8.39385874833087e-05,7.009279855358244e-05,4.370284031196848e-05,0.3333333333333333,0.3333333333333333,0.3333333333333333,2.187059347248788e-05,8.530676439764906e-05,"DATE,QUANTITY,LOC,ORDINAL",0,1087,4839,1,0,0.6368449926376343,0.1008626148104667,0.0,0.0,0.0744307488203048,0.0,0.1640307903289795,0.0
15.402388959428231,10.8036489024804,"32,582",games,23,6.0,0.0,1.0,1,7,1,13.361211759739437, Poland,0,1,11,42, Kazimierz Komarski,Kickstarter,1579072,1557253,link,11,12,1,12,14.003999999999998,50.0,0.406796794297065,1.501998859915026,0.1,5.0286148539897246e-05,4.621766448312839e-05,8.292235999816153e-05,0.3,0.2,6.805042039659574e-05,0.1,7.918266986311597e-05,0.1,"WORK_OF_ART,ORDINAL,ORG",0,1088,4839,1,0,0.0767932385206222,0.4152599573135376,0.0944114476442337,0.0,0.0,0.2156966775655746,0.0,0.1757218986749649
8.91798070997329,11.461632170582678,128,publishing,60,14.0,0.0,1.0,0,7,0,13.340452576975746, MD,1,0,1,4, Sidney Clifton,Kickstarter,1579064,1557239,link,7,1,0,7,12.559411764705883,64.05882352941177,0.414224251999401,1.5131964261627553,7.197684663770881e-05,3.323423508926305e-05,9.376654567261714e-05,8.65938203727312e-05,9.071053246113484e-05,1.683984196147684e-05,2.9794909359968728e-05,9.320304446149476e-05,3.207818348756532e-05,8.860900942116456e-05,"NORP,PERSON,ORG",0,1089,4839,0,0,0.2827048301696777,0.0,0.0,0.0,0.3115585744380951,0.1212696358561515,0.1721239238977432,0.0935520157217979
8.841456920850803,8.501063809486354,209,comics,29,20.0,0.0,1.0,1,7,4,15.837971611150978, UK,0,1,3,12, Maliha  Abidi,Kickstarter,1579062,1557228,link,19,3,4,20,9.945999999999998,45.0,0.3911093860728081,1.478620245029171,3.279451451704436e-05,1.3397258527069006e-05,6.206606131685009e-05,0.25,9.857953131082962e-05,0.5,1.0823368215343352e-05,6.558740354690091e-05,3.139067334949085e-05,0.25,"WORK_OF_ART,NORP,ORDINAL,CARDINAL",0,1090,4839,1,0,0.0850141197443008,0.0,0.0,0.0,0.0,0.5471864938735962,0.0,0.3330053985118866
8.04180227677252,8.031060180240619,223,technology,31,9.0,0.0,1.0,1,7,0,15.837971611150978, UK,0,1,2,4, Robert James Hunt,Kickstarter,1579062,1557228,link,25,5,3,25,9.344615384615388,51.46153846153847,0.3171405657293813,1.3731955825984492,1.0898089899260445e-05,6.248756456947415e-05,2.6106563542150096e-05,7.766308686948996e-05,4.622024144527404e-05,6.0521952550918634e-05,7.124586104173014e-05,7.413917386612698e-05,4.770378590440284e-05,6.595947225644269e-05,,0,1090,4839,0,0,0.0114208962768316,0.5220835208892822,0.1819984316825866,0.0113921714946627,0.011374226771295,0.0113729732111096,0.2389832884073257,0.0113745247945189
8.054840221101024,8.006367567650246,59,art,30,7.0,0.0,1.0,1,7,3,14.64870833488698, NY,0,1,1,0, craig damrauer,Kickstarter,1578957,1557085,link,13,2,1,13,7.755294117647058,37.911764705882355,0.548290137054488,1.7302919250098532,5.061647017263295e-05,9.846504294581991e-05,8.982405367382832e-05,0.1428571428571428,0.1428571428571428,0.4285714285714285,7.110844956233103e-05,4.35609100178145e-05,4.189929332703618e-05,0.1428571428571428,PERSON,0,1093,4839,0,0,0.0,0.079807810485363,0.1381914913654327,0.0,0.5605274438858032,0.0,0.1986829787492752,0.0
12.579675500489556,10.126631103850338,"1,859",design,45,6.0,0.0,1.0,1,7,3,14.64870833488698, NY,0,1,2,4, Malcolm Fontier,Kickstarter,1578957,1557085,link,29,8,8,32,9.06375,51.75,0.6323369418856417,1.8820035771630577,8.694766176053269e-05,2.82391229791388e-05,7.944766634757716e-05,3.385391758402084e-05,3.229934826840283e-05,1.0,1.701209426237381e-05,8.023233176671156e-05,7.254180282594354e-05,7.228982789398257e-05,"PRODUCT,ORG,CARDINAL",0,1093,4839,3,0,0.0,0.1133787110447883,0.108715996146202,0.3269091546535492,0.4271462261676788,0.0,0.0,0.0
11.413038829147643,10.126631103850338,336,film_Video,24,17.0,0.0,1.0,1,7,0,10.250263664295613, NY,0,1,34,14, Luke Ives Pontifell,Kickstarter,1578956,1557068,link,10,3,0,10,13.157142857142851,49.714285714285715,0.3331872840343668,1.3954086117535365,4.4904348092523815e-05,6.295902007747823e-05,6.632794986538313e-05,4.44511529126095e-05,8.216919567595009e-05,0.25,0.25,5.800539872358553e-05,8.107051453458406e-05,0.25,"PERSON,ORG,CARDINAL",0,1094,4839,0,0,0.0,0.0,0.0,0.0,0.0,0.1049399301409721,0.200886532664299,0.6524519324302673
12.188178495931345,11.512925464970229,521,technology,30,10.0,0.0,1.0,1,7,1,15.837971611150978, UK,0,1,1,0, Jesse Lozano,Kickstarter,1578956,1557068,video,13,2,0,699,29.019230769230766,42.57692307692308,1.379998017469104,3.9748937471372745,8.23183893516343e-05,6.012568824977577e-05,7.304562961109923e-05,0.5,1.6264705035084336e-05,8.386904990258184e-05,0.5,4.9994711905594936e-05,9.85954562264196e-05,2.595717257608527e-05,PRODUCT,0,1094,4839,0,0,0.1031344980001449,0.359211653470993,0.0,0.2748354375362396,0.0,0.0970841646194458,0.13887420296669,0.0
9.287116210778231,9.615805480084347,165,comics,34,15.0,0.0,1.0,0,6,3,15.194750847520003, CA,0,1,1,0, Dawn Ariza,Kickstarter,1578991,1557093,link,9,3,2,11,13.243000000000002,60.0,0.0573878398040028,1.0590664788891566,9.11596625691606e-05,6.90216651909748e-05,5.187153836619424e-05,8.279209955219092e-05,0.1428571428571428,0.2857142857142857,7.780320612799548e-05,7.3520895975375e-05,9.177273794477504e-05,0.2857142857142857,"CARDINAL,GPE,ORG",0,1095,4839,2,0,0.1427233964204788,0.0981925129890441,0.0,0.0,0.0,0.5354492664337158,0.0,0.2057287096977234
9.37577006109992,8.85366542803745,109,art,29,10.0,0.0,1.0,1,7,1,15.9166075437284, NY,1,0,1,13, Addie Wagenknecht,Kickstarter,1579014,1557110,link,36,14,3,40,8.403529411764705,40.52941176470589,0.5175863129051711,1.6779726569781226,8.896154078195549e-05,6.510801599563571e-05,5.92403597495772e-05,0.1,0.2,0.2,5.889814651877691e-05,0.1,2.3778083156932385e-05,0.2,,0,1096,4839,2,2,0.0113896066322922,0.01138461753726,0.0113887321203947,0.1016237363219261,0.1977279484272003,0.1930146813392639,0.4620860517024994,0.0113846184685826
9.486455808056498,3.737669618283368,"1,047",music,30,4.0,0.0,1.0,1,7,1,15.194750847520003, CA,0,1,1,21, Samuel Greenspan,Kickstarter,1579030,1557113,link,10,2,3,11,8.048181818181817,38.272727272727266,0.3030390685262193,1.353967360918328,5.87584867840807e-05,4.750741545616478e-05,5.04034038342005e-05,3.623064828808667e-05,5.2038636758414434e-05,8.905488996273817e-05,5.335601751029792e-05,2.493578753092941e-05,5.798199249132529e-05,5.3349611626445176e-05,"DATE,PERSON,ORDINAL",0,1097,4839,1,0,0.0,0.0759461671113967,0.1524584740400314,0.1393010318279266,0.6072189807891846,0.0,0.0,0.0
10.130543440670252,10.126631103850338,200,journalism,45,15.0,0.0,1.0,1,6,1,13.65311632657372, OH,0,1,1,0, Ashley Rector,Kickstarter,1579066,1557141,link,8,2,4,8,3.217575757575758,34.6060606060606,0.9058589266807656,2.474056043440467,8.234330906741021e-05,8.45120855934158e-05,2.3295547526551685e-05,0.3333333333333333,3.3902667761290986e-05,0.3333333333333333,7.392446685047068e-05,6.40068416789338e-05,5.235576585944364e-05,0.3333333333333333,ORG,0,1099,4839,0,0,0.5894813537597656,0.1140648499131202,0.0844103917479515,0.0,0.0,0.0,0.1927643865346908,0.0
10.196903156835669,10.126631103850338,398,theater,34,21.0,0.0,1.0,1,6,6,15.9166075437284, NY,0,1,3,8, Joshua Liveright,Kickstarter,1579066,1557141,link,7,1,0,7,2.0500000000000007,3.0,0.001596777378358,1.001598052906177,4.90125009480071e-05,4.445417871671534e-05,8.286870988634066e-05,7.152292101537391e-05,9.151953199483366e-05,5.40585716727073e-05,2.3792946608720417e-05,5.5203053901828455e-05,3.1353011507199615e-05,8.751964176002412e-05,"GPE,NORP,ORG,ORDINAL,LOC",0,1099,4839,0,0,0.0,0.1875597238540649,0.0,0.0,0.1713736802339553,0.4640005230903625,0.1457283049821853,0.0
8.076798071914473,8.031060180240619,35,dance,33,4.0,0.0,,1,7,1,12.05163859222311, UK,0,1,2,0, Christina Parawee Hill,Kickstarter,1579002,1557062,link,7,1,2,7,11.518461538461535,51.46153846153847,0.6287232205142924,1.8752148143517953,1.6184230995156488e-05,0.1428571428571428,1.740447016085858e-05,0.1428571428571428,0.1428571428571428,0.1428571428571428,1.2318075256652018e-05,0.1428571428571428,9.591442242070164e-05,0.1428571428571428,GPE,0,1101,4839,0,0,0.3929771184921264,0.0,0.2338921725749969,0.2426733821630478,0.0,0.0919045656919479,0.0,0.0
11.60121102983759,11.512925464970229,"1,075",film_Video,31,28.0,0.0,1.0,1,7,1,11.686189458941682, Iceland,0,1,1,0, Ronald Harbin,Kickstarter,1579002,1557062,video,16,6,4,6911,41.08888888888888,64.03703703703704,0.5137405364584596,1.671531941968909,5.178146677653025e-05,6.558015818886567e-05,8.822645775824593e-05,0.5,3.9390203635057954e-05,0.5,3.932917844995769e-05,5.239888797186392e-05,1.0136777610697526e-05,5.567617210124309e-05,PERSON,0,1101,4839,0,0,0.0139338197186589,0.0139163248240947,0.3218235075473785,0.013917407952249,0.4842950403690338,0.1242826282978057,0.0139154503121972,0.0139157939702272
13.326901312718398,11.512925464970229,"2,994",design,60,7.0,0.0,1.0,1,7,1,13.436372336049692, WA,0,1,7,16, Marc Barros,Kickstarter,1578994,1557049,video,19,0,4,7172,42.65888888888889,56.629629629629626,0.7609899894262673,2.140394139531297,7.378890897062389e-05,7.327285299767184e-05,7.760724728062472e-05,1.3923061958549072e-05,6.780683110324342e-05,4.576990345501349e-05,1.0,7.894768276448868e-05,4.7178516702496823e-05,9.838471144714474e-05,,0,1102,4839,3,0,0.0113717792555689,0.3682594299316406,0.0113728838041424,0.0113776484504342,0.12627974152565,0.0113756572827696,0.4485893249511719,0.011373626999557
11.405804066534587,10.51596683002862,431,technology,50,7.0,0.0,1.0,1,7,0,15.837971611150978, UK,0,1,6,2, Cem Eltutar,Kickstarter,1578994,1557049,link,19,6,10,20,2.956666666666667,25.666666666666664,0.5654143909889758,1.7601770331155089,2.9590065962248243e-05,3.3508015414652165e-05,7.007759364017527e-05,2.1291228058688372e-05,1.7172993098283012e-05,9.494976670610988e-05,5.510048941281209e-05,7.2055021549612e-05,2.3776215479313643e-05,1.7744098727821662e-05,"PRODUCT,GPE,ORG",0,1102,4839,1,0,0.0,0.1805662512779235,0.4679502248764038,0.2270245403051376,0.0886970609426498,0.0,0.0,0.0
10.874266469694351,9.392661928770137,712,crafts,35,13.0,0.0,1.0,1,7,0,10.9948737961125, NC,0,1,9,130, David Beilinson,Kickstarter,1579003,1557051,link,12,6,5,15,4.886842105263156,30.552631578947366,0.5400832890995302,1.7161497928033962,6.955158595598709e-05,5.607119091426616e-05,6.847595638816517e-05,8.541070072288421e-05,7.376792742038471e-05,9.175723239493002e-05,8.263787494156903e-05,7.74442594023716e-05,9.241108246049108e-05,2.4259136325915677e-05,"PERSON,GPE,DATE,CARDINAL,WORK_OF_ART",0,1103,4839,2,1,0.0,0.0,0.0,0.2308649122714996,0.0,0.3933348655700683,0.0525067076086998,0.3039934635162353
8.035848696972415,8.031060180240619,76,theater,27,9.0,0.0,,1,7,4,13.049771178961905, UK,0,1,2,4, Eleanor Dillon Reams,Kickstarter,1579003,1557051,link,4,3,0,6,10.979999999999997,40.666666666666664,0.6407774031140525,1.8979557826692175,5.355904313617725e-05,3.8765631295726414e-05,9.110878622574512e-05,0.1666666666666666,0.1666666666666666,0.1666666666666666,3.401826827164797e-05,0.0833333333333333,0.0833333333333333,0.1666666666666666,"CARDINAL,PERSON,ORG",0,1103,4839,2,0,0.0940998345613479,0.0,0.0,0.4423333406448364,0.0,0.0901217684149742,0.2105045765638351,0.1408463418483734
11.526927743899709,10.710170093472884,"2,685",games,30,16.0,0.0,1.0,1,6,1,14.28551418721001, Canada,0,1,1,4, Sebastien Nadeau,Kickstarter,1578989,1557029,video,62,6,11,7638,45.51999999999999,57.33333333333333,0.4173383857695072,1.51791606723691,8.240451781886402e-05,7.33981259329738e-05,8.818245054089668e-05,5.6898646209347835e-05,5.098605914475236e-05,1.0,2.5420772037045673e-05,6.098796690358897e-05,5.876218047541958e-05,3.6376501291731e-05,ORG,0,1104,4839,10,0,0.0156479440629482,0.3430280685424804,0.0156728643923997,0.0156445614993572,0.0156464986503124,0.0156369917094707,0.1666935086250305,0.4120295345783233
8.430327258394575,9.942323576321328,43,film_Video,60,7.0,0.0,1.0,0,5,2,8.956737613177264, UK,0,1,1,0, James Duncan Campbell Smith,Kickstarter,1578955,1556990,video,3,1,0,2853,33.804117647058824,54.588235294117645,0.927250955718538,2.5275512678397396,6.253422289582277e-05,6.513335274482889e-05,1.508631619492561e-05,6.894826246349994e-05,5.595178074004003e-05,0.6666666666666666,0.3333333333333333,3.245910021482644e-05,1.9632952012373757e-05,5.692928074378704e-05,"LOC,GPE",0,1105,4839,1,0,0.0,0.0,0.0,0.4495396614074707,0.0,0.4927049279212951,0.0,0.0
9.343492692762052,8.856518497019858,139,crafts,30,4.0,0.0,1.0,1,6,6,14.575639054856664, France,0,1,1,1, Louis Nicolas Dazy,Kickstarter,1578928,1556964,video,13,3,0,5549,41.88,44.73913043478261,0.6068680914230521,1.834676352741734,7.765722931562564e-05,1.1845982738835209e-05,5.209986384874313e-05,3.167193789443246e-05,5.6991636422630704e-05,4.3979144914821456e-05,2.4589549874040484e-05,8.217462111826667e-05,1.1125149503210589e-05,5.5131609763534435e-05,"DATE,NORP,ORDINAL,PERSON",0,1106,4839,0,0,0.0125099262222647,0.0125199882313609,0.2160529494285583,0.0125092593953013,0.0125091820955276,0.0125196138396859,0.7088586091995239,0.0125203924253582
8.317741752358815,8.308691916838898,73,art,56,5.0,0.0,1.0,1,5,4,11.178179737074716, UK,0,1,1,0, Josie Tucker,Kickstarter,1578858,1556883,video,13,3,4,3250,28.05307692307692,52.83333333333333,1.0260012038845172,2.789887308738893,0.0416666666666666,0.0416666666666666,9.205970923217286e-05,0.125,0.0833333333333333,0.25,0.0416666666666666,0.0416666666666666,1.8214009248229507e-05,0.1666666666666666,CARDINAL,0,1107,4839,1,0,0.1650996655225753,0.3042843639850616,0.0,0.0,0.0,0.4161342680454254,0.0786808207631111,0.0
8.700181192753353,8.699514748210191,53,design,30,8.0,0.0,1.0,1,6,1,13.340452576975746, MD,0,1,2,8, Joseph Zeledon,Kickstarter,1578858,1556883,video,33,4,9,6809,30.60120000000001,28.5,0.5277868659646189,1.6951765012880384,5.6620725976416234e-05,3.244382091963029e-05,8.428932240444986e-05,0.3333333333333333,5.7699049402450776e-05,0.3333333333333333,0.3333333333333333,6.107558803678908e-05,4.372233468410303e-05,6.204579650071229e-05,,0,1107,4839,13,0,0.1509240418672561,0.0113969026133418,0.0114073399454355,0.0114084025844931,0.0113964220508933,0.3256471455097198,0.0113824186846613,0.46643728017807
10.921341599819725,10.645424897265505,235,film_Video,42,12.0,0.0,1.0,1,5,3,9.201501423308978, FL,0,1,1,12, Mary Elizabeth Bender,Kickstarter,1578818,1556830,link,8,2,3,9,9.23470588235294,46.411764705882355,0.642276794568632,1.9008036958857413,0.25,8.390134940366618e-05,4.351840760583714e-05,2.154233850805584e-05,6.929586099689517e-05,0.25,3.5815569492972415e-05,4.13209046659821e-05,2.2236357834243053e-05,0.25,,0,1108,4839,1,0,0.0968371108174324,0.0,0.3142471313476562,0.0,0.0,0.0,0.1714844554662704,0.3910731673240661
8.371010681238156,8.371010681238156,73,publishing,30,7.0,0.0,1.0,0,6,1,9.99474407280768, Austria,0,1,1,0, Elisabeth  Schimana,Kickstarter,1578807,1556810,link,10,0,0,10,8.25769230769231,36.07692307692308,0.1774236131844243,1.1941368381080844,7.680278684791785e-05,5.437316093861843e-05,1.999417485627085e-05,7.808632516441536e-05,8.007292075426771e-05,0.5,0.25,4.6575466675417054e-05,4.7328638354885694e-05,0.25,CARDINAL,0,1109,4839,0,0,0.0104511678218841,0.0104338098317384,0.0104302568361163,0.0104306535795331,0.6665968894958496,0.0104366401210427,0.2707957625389099,0.0104247815907001
12.176484347353629,9.887358170606245,"2,947",games,31,6.0,0.0,1.0,1,5,4,12.68075282265981, UK,0,1,6,18, Thomas Pike,Kickstarter,1578808,1556796,link,14,2,2,15,1.939,30.0,0.1512499056365186,1.1632873338211671,9.013685654973956e-05,7.136497288295729e-05,2.150252585156916e-05,6.488894145772954e-05,5.336452988358318e-05,0.5,8.996190029829199e-05,4.830245686324111e-05,1.220900883385859e-05,9.338941545277914e-05,"ORG,CARDINAL",0,1110,4839,1,0,0.0113780982792377,0.1144573539495468,0.3184650540351867,0.0113782482221722,0.0113857993856072,0.5101526975631714,0.0113958995789289,0.0113867549225687
14.510499651161169,11.719939634354557,"7,212",technology,30,16.0,0.0,1.0,1,6,1,15.837971611150978, UK,0,1,1,0, Roland Lamb,Kickstarter,1578821,1556793,link,45,3,8,50,7.295294117647057,28.764705882352946,0.4965276381834891,1.643006241979749,7.828437890475287e-05,6.615510172852496e-05,1.3195303184676912e-05,1.3675639865498952e-05,1.959315531218463e-05,0.5,9.788126346814616e-05,0.25,8.747650946086217e-05,0.25,"PERSON,ORG",0,1112,4839,5,0,0.1544384956359863,0.4235241115093231,0.0,0.0,0.0,0.0,0.3829481601715088,0.0
11.998063981800234,9.210340371976184,"3,527",games,31,8.0,0.0,1.0,1,6,1,14.64870833488698, NY,0,1,9,165, Alexander Hague,Kickstarter,1578821,1556793,link,11,5,1,11,4.578333333333333,29.11111111111111,0.2407709493085399,1.272229596863557,6.374397753912718e-05,5.1428925105165856e-05,9.557569308062004e-05,7.86545979754865e-05,8.393537938666087e-05,2.8906677557810325e-05,9.60827522294018e-05,5.665837670302088e-05,1.907097155367174e-05,7.212423069329936e-05,"WORK_OF_ART,PERSON,CARDINAL,PERCENT",0,1112,4839,0,0,0.0,0.2035015821456909,0.139210820198059,0.0,0.6204519867897034,0.0,0.0,0.0
11.701983232466644,11.582432870728384,160,theater,30,13.0,0.0,1.0,1,6,0,16.324637595040688, Mexico,0,1,3,0, Ana Laura Martinez Jaramillo,Kickstarter,1578824,1556781,link,13,3,3,13,1.468,20.0,0.1605373319041682,1.1741416052643303,6.887194633250864e-05,1.355067576304223e-05,1.1456620203870208e-05,9.674999812994396e-05,2.909810969923764e-05,1.7467803495134008e-05,4.800570440193669e-05,3.26304801877631e-05,2.327292237680983e-05,8.973064995260661e-05,"CARDINAL,NORP,ORG",0,1114,4839,0,0,0.7696329951286316,0.0,0.0,0.0,0.0,0.1725897938013076,0.0,0.0
9.042224633048418,8.501063809486354,254,art,28,10.0,0.0,1.0,1,6,6,13.29763682116718, UK,0,1,3,2, Philip Alexander Butler,Kickstarter,1578824,1556781,link,5,4,1,5,10.073333333333334,45.77777777777778,0.5107083873329679,1.666471284064832,0.2,1.1302357735257854e-05,1.6879960805525424e-05,0.2,7.41957015612198e-05,0.2,0.2,4.429054959382698e-05,0.2,1.7561858628298537e-05,"DATE,PERSON,ORG",0,1114,4839,0,0,0.2827951610088348,0.0104259019717574,0.209779292345047,0.0104294307529926,0.0104236677289009,0.0104210767894983,0.0104303499683737,0.4552951753139496
9.415051892297834,9.1942109900463,174,music,30,10.0,1.0,1.0,1,6,0,15.837971611150978, UK,0,1,1,4, Carol Isaacs,Kickstarter,1578798,1556744,link,9,1,1,10,5.755714285714284,21.142857142857142,0.500139554847462,1.648951373801196,6.691521918955487e-05,6.841825664846934e-05,4.75984604462088e-05,4.433684969703882e-05,0.125,0.25,0.125,0.25,1.1810636081858543e-05,0.125,"NORP,GPE",0,1116,4839,1,0,0.0,0.0,0.2258987128734588,0.2225967049598693,0.2548195719718933,0.2580160200595855,0.0,0.0
10.782284079982702,10.757902880692196,216,film_Video,30,11.0,0.0,1.0,1,6,6,13.30755248550697, DC,0,1,1,7, Cheryl  Crim,Kickstarter,1578798,1556744,link,19,8,1,28,10.887999999999998,50.0,0.280671524343359,1.3240186246119847,2.4082904440324057e-05,0.25,2.4351408800809045e-05,0.125,0.125,0.125,0.125,7.43245808231939e-05,3.5610776045148946e-05,0.125,"DATE,CARDINAL,NORP,ORG",0,1116,4839,7,2,0.4099056422710418,0.0113797048106789,0.2997386157512665,0.0113744400441646,0.0114307962357997,0.2334040254354477,0.0113720661029219,0.0113947140052914
9.513920399580735,9.862665558015872,422,film_Video,30,14.0,0.0,1.0,0,6,0,10.439425213116971, CA,1,0,4,16, Tara Avery,Kickstarter,1578818,1556755,link,4,2,2,5,10.708750000000002,34.75,0.2806673566009727,1.324013106454942,0.125,6.10446779122053e-05,5.5546650862003914e-05,0.125,0.125,0.125,1.455069916953752e-05,0.125,9.113426836226158e-05,0.125,"CARDINAL,PERSON,ORDINAL,ORG",0,1117,4839,1,0,0.4616778790950775,0.0,0.246167704463005,0.0774397030472755,0.0880950689315795,0.1095406413078308,0.0,0.0
8.309135277520069,8.083328608786376,71,photography,35,10.0,0.0,1.0,1,5,3,14.174072719986182, Viet Nam,1,0,1,2, Prune Phi,Kickstarter,1578818,1556755,photo,15,0,3,16,11.649,42.5,1.087542608948035,2.966974091199074,0.0909090909090909,0.0909090909090909,1.7669267821159384e-05,0.1818181818181818,0.1818181818181818,0.2727272727272727,6.569879974714251e-05,3.665086574140233e-05,5.6035794418688847e-05,0.0909090909090909,"PERSON,GPE,DATE,NORP,ORDINAL",0,1117,4839,1,0,0.2258322387933731,0.0104280216619372,0.1492093503475189,0.5727424025535583,0.0104498146101832,0.0104395691305398,0.0104559315368533,0.010442609898746
10.562741802072887,9.615805480084347,"1,545",music,30,21.0,0.0,1.0,1,6,0,15.9166075437284, NY,0,1,5,9, Joel Bradley Pierson,Kickstarter,1578821,1556750,link,24,3,7,24,5.765000000000001,24.5,0.7784091460682596,2.178004620757117,7.44757400762289e-05,5.9808660504735474e-05,5.6785183043962135e-05,0.3333333333333333,2.7791117581211388e-05,0.1666666666666666,0.1666666666666666,7.572597199843549e-05,4.6206648934923455e-05,0.1666666666666666,PERSON,0,1118,4839,0,0,0.2274197190999984,0.0,0.0,0.0,0.0,0.0,0.7330703139305115,0.0
7.918115421224484,7.807916628926408,53,journalism,21,8.0,0.0,1.0,1,6,6,11.27603789586376, Jordan,0,1,2,0, Tom Henry Critchley,Kickstarter,1578855,1556775,link,12,0,1,12,17.479374999999997,72.25,0.1768435748424791,1.1934443937979913,2.8202876247208143e-05,9.321605360582758e-05,9.236266655656553e-05,0.1666666666666666,0.1666666666666666,0.3333333333333333,8.151957325488732e-05,4.024657105423407e-05,2.521028955132634e-05,0.1666666666666666,"GPE,ORG",0,1119,4839,0,0,0.0649921298027038,0.5825339555740356,0.0,0.0,0.0,0.0845478326082229,0.2401193380355835,0.0
12.16025695322993,0.2070141693843261,"2,715",film_Video,24,15.0,0.0,1.0,1,6,1,15.837971611150978, UK,0,1,1,0, Julien Loeffler,Kickstarter,1578870,1556787,video,20,10,1,4493,28.704607843137257,52.509803921568626,0.6174693842140013,1.854229756483488,0.0625,4.57832682379582e-05,8.847225898827729e-05,0.125,0.0625,0.3125,3.560534627621757e-05,0.0625,8.079229417751341e-05,0.1875,"DATE,PERSON,NORP",0,1120,4839,0,0,0.0,0.0,0.0,0.0,0.0,0.0,0.3686167597770691,0.5777208209037781
8.137501087674767,8.083328608786376,55,art,31,9.0,0.0,1.0,1,6,0,11.40750939221358, Martinique,0,1,1,1, Aude Virginie Carleton,Kickstarter,1578843,1556739,photo,19,1,1,23,13.976363636363637,40.18181818181819,0.6490268259509104,1.9136775811684053,1.6927450244278668e-05,3.162044497559908e-05,5.455832049938405e-05,0.5,2.924365702239165e-05,8.010535442970738e-05,5.575911288582466e-05,9.322250066110673e-05,5.551899739487865e-05,4.157257798406297e-05,"ORDINAL,PERSON,GPE",0,1122,4839,4,0,0.0416706539690494,0.0416731424629688,0.0416781045496463,0.0416706539690494,0.0416980199515819,0.2741916179656982,0.0416706539690494,0.475747138261795
13.37467419801038,11.225243392518449,"3,899",design,43,14.0,0.0,1.0,1,6,2,13.357133477695209, OR,0,1,3,12, Shawn Huff,Kickstarter,1578830,1556726,video,11,10,1,593,26.35153846153846,47.15384615384615,1.4046196213936049,4.073976792887647,6.935596917766933e-05,3.0620495252025914e-05,8.945967759806658e-05,0.1111111111111111,0.1111111111111111,0.3333333333333333,0.1111111111111111,2.2267155108322876e-05,8.28032410021059e-05,0.2222222222222222,"ORG,PRODUCT",0,1123,4839,0,0,0.1948058754205703,0.0,0.1524363756179809,0.2346556931734085,0.3886565864086151,0.0,0.0,0.0
8.119339046309408,8.083328608786376,83,art,31,8.0,0.0,1.0,1,6,0,8.1797604936999, Norway,1,0,1,1, Adrien Vargoz,Kickstarter,1578830,1556726,link,33,3,2,33,12.17142857142857,49.57142857142857,0.8558909913493862,2.3534703684220215,8.166173054872318e-05,3.086112498549217e-05,9.063182248583418e-05,4.0974717407662354e-05,0.3333333333333333,0.3333333333333333,8.791064941190002e-05,2.1178803590703108e-05,5.3776245095668866e-05,2.161995459194699e-05,"PERSON,GPE,DATE,NORP,WORK_OF_ART",0,1123,4839,0,0,0.0,0.3362050950527191,0.0,0.1627018451690673,0.3906125426292419,0.0,0.0,0.081016682088375
10.19906338710701,10.126631103850338,354,film_Video,60,8.0,0.0,1.0,1,4,1,15.194750847520003, CA,0,1,1,6, Mary Faber,Kickstarter,1578826,1556710,link,11,10,16,16,1.5828571428571436,7.0,0.127943809970111,1.1364891415440652,3.447514354766039e-05,9.1125994710631e-05,4.073961086695946e-05,3.524540575397416e-05,4.212764192811551e-05,0.3333333333333333,4.1902163982483584e-05,0.3333333333333333,3.531497930621806e-05,0.3333333333333333,"NORP,GPE,ORG,PERSON",0,1124,4839,4,0,0.0,0.0,0.2622321546077728,0.0,0.2055865079164505,0.2663560509681701,0.0,0.2419627904891967
8.996674267445863,8.906528917594517,285,publishing,21,9.0,0.0,1.0,1,6,3,13.049771178961905, UK,0,1,4,3, Heather McDaid,Kickstarter,1578826,1556710,photo,21,0,2,23,14.521333333333338,49.16666666666667,1.5309018708488813,4.622343700061149,7.231230302149523e-05,8.505249404149333e-05,3.783768989367679e-05,0.1111111111111111,0.2222222222222222,0.2222222222222222,0.1111111111111111,9.421283868450632e-05,5.0024454421735966e-05,0.2222222222222222,"DATE,ORDINAL,ORG",0,1124,4839,2,0,0.0,0.1695366352796554,0.1323636323213577,0.0,0.3457813858985901,0.0,0.3189297020435333,0.0
8.241755845380894,8.083328608786376,58,journalism,31,10.0,0.0,1.0,1,6,0,12.978243553240834, Israel,0,1,1,2, Nina Lucie Medioni,Kickstarter,1578776,1556643,link,5,0,0,6,10.765,35.63636363636363,0.2691278290634582,1.3088224358998808,0.3333333333333333,5.2689301349526194e-05,4.362559950792772e-05,4.722621423497119e-05,0.3333333333333333,5.419017731914856e-05,5.2336037768007534e-05,2.8807157269850413e-05,1.6711021369896534e-05,4.275675166452672e-05,"PERSON,GPE,DATE,NORP,CARDINAL",0,1126,4839,0,1,0.4084910452365875,0.0,0.0,0.0820235386490821,0.3468557000160217,0.0722441598773002,0.0,0.0705967769026756
11.613124402573536,11.288781413322436,525,design,30,10.0,0.0,1.0,1,6,1,9.6445872815098, Switzerland,0,1,1,0, Markus Werner Osterwalder,Kickstarter,1578768,1556626,link,14,1,2,14,4.942499999999999,26.75,0.5586136875938374,1.7482472027882487,7.25176863004355e-05,4.101057171890878e-05,9.074174196798428e-05,7.177711093670486e-05,5.9860886895473165e-05,1.868792999607045e-05,9.22560196949776e-05,6.580135006548042e-05,6.745420785882519e-05,1.3187100357182113e-05,"EVENT,PERSON,GPE,DATE,NORP,ORDINAL,TIME",0,1127,4839,0,0,0.0,0.0,0.3512850999832153,0.1200028657913208,0.3339458703994751,0.1697251498699188,0.0,0.0
10.77945616493168,10.308952660644293,481,crafts,35,8.0,0.0,1.0,1,6,2,13.410750701107972, MA,0,1,1,12, Steven Locke,Kickstarter,1578737,1556578,link,14,0,7,15,13.851052631578945,61.10526315789473,0.4157465749057037,1.5155017540255342,6.357729393347401e-05,5.118686870906576e-05,4.889505296565873e-05,4.173059280182366e-05,6.575122905919369e-05,0.6666666666666666,2.907069030045752e-05,5.076377185051582e-05,1.0263849705686668e-05,9.622049692632922e-05,"FAC,NORP,GPE,PERSON",0,1128,4839,1,0,0.2402133494615554,0.0,0.2050464749336242,0.0567269474267959,0.0,0.3364425897598266,0.0,0.1452357470989227
11.240548076078094,11.122102633598931,822,art,30,11.0,0.0,1.0,1,6,2,15.837971611150978, UK,1,0,1,4, Lucinda Rogers,Kickstarter,1578737,1556578,video,33,1,7,6640,25.002045454545453,47.0,0.936365632931248,2.5506943926184835,3.3817152423282165e-05,5.670005784859733e-05,1.1180991300547016e-05,9.824744514675637e-05,8.52274730067293e-05,9.26622460091222e-05,1.0,6.763707679732602e-05,7.901721045368714e-05,4.229604208544099e-05,"DATE,PERSON,GPE,CARDINAL",0,1128,4839,8,0,0.4057844877243042,0.0,0.0,0.0,0.0,0.0,0.0748294368386268,0.4776394963264465
11.159018116275655,11.06663836234181,803,film_Video,35,12.0,0.0,1.0,1,5,4,10.765089759059482, CA,0,1,1,0, Kellen Keene,Kickstarter,1578614,1556441,link,22,2,0,25,13.292857142857144,44.80952380952381,0.5687739603599409,1.7661004143973156,8.334457556864854e-05,3.181769324984898e-05,8.306296924952753e-05,3.690272433556692e-05,9.29688328448047e-05,0.75,4.122338862312759e-05,3.4352264145281114e-05,2.664717347122878e-05,3.746770573276101e-05,"QUANTITY,GPE,CARDINAL",0,1129,4839,3,0,0.0,0.0674696341156959,0.0,0.2940981686115265,0.0,0.2347051799297332,0.3758986890316009,0.0
7.537430036586509,8.517193191416238,55,fashion,30,14.0,0.0,1.0,0,6,3,16.92079089713741, China,0,1,3,0, Gabrielle Gabriel,Kickstarter,1578619,1556439,link,15,5,3,26,7.439999999999998,40.83333333333333,0.532406097674096,1.703025027460908,0.3333333333333333,4.84697728770904e-05,6.121658760310664e-05,5.6407597661786066e-05,1.939700932785469e-05,3.2234573723675586e-05,0.3333333333333333,2.452838754635605e-05,0.3333333333333333,4.451463432537093e-05,"PERSON,GPE,ORG",0,1130,4839,10,1,0.574551522731781,0.0,0.0,0.3812727332115173,0.0,0.0,0.0,0.0
10.959627179526684,10.819778284410283,450,art,32,9.0,0.0,1.0,1,6,0,14.151849928616338, CA,0,1,3,3, Dena Beard,Kickstarter,1578595,1556419,video,8,1,8,4574,20.27524822695036,45.45390070921986,1.4169373917974604,4.124469443667545,0.2,6.639793149805826e-05,2.824922884319553e-05,0.2,8.721482785969746e-05,0.4,9.804004030238405e-05,1.615442283206504e-05,6.475127575693952e-05,8.099078648726484e-05,"GPE,ORG",0,1131,4839,0,0,0.0,0.0,0.1618735939264297,0.0,0.0,0.6211179494857788,0.0,0.1722708493471145
11.364263030468326,10.46310334047155,932,film_Video,34,35.0,0.0,1.0,1,5,0,15.194750847520003, CA,1,0,8,2, Marc Zicree,Kickstarter,1578625,1556439,link,16,1,2,19,10.41,45.23076923076923,0.8769292741259904,2.4035078493008952,1.7954645228606687e-05,7.113849987821981e-05,7.24206210373423e-05,0.1,0.1,0.4,2.3113879558185603e-05,7.873313373945451e-05,3.033732973637348e-05,0.2,"WORK_OF_ART,ORDINAL,CARDINAL,TIME",0,1132,4839,3,0,0.0827435776591301,0.0,0.1843933463096618,0.1772511303424835,0.0,0.1764244884252548,0.0,0.3557121455669403
10.856102749791823,10.848308208023129,670,food,31,17.0,0.0,1.0,1,6,1,11.611303660869144, NZ,0,1,2,3, Ruby Grant,Kickstarter,1578625,1556439,video,24,1,7,5522,40.30954545454546,58.36363636363637,0.4953413110147943,1.641058254740109,4.315124924149162e-05,4.491086760565568e-05,2.6084811628530775e-05,0.5,3.074920121994866e-05,0.5,1.1176231155813082e-05,7.289497478438304e-05,6.611341963130407e-05,1.5685154769741507e-05,ORG,0,1132,4839,2,0,0.0156566780060529,0.3253718614578247,0.0156397316604852,0.0156382415443658,0.0156532935798168,0.5807647109031677,0.0156382154673337,0.0156372636556625
9.4869867748077,11.163112637051942,146,crafts,30,21.0,0.0,1.0,0,6,1,13.778218783212536, Germany,0,1,1,17, Rene Michael Spitz,Kickstarter,1578649,1556462,link,8,0,1,8,8.267142857142858,34.30952380952381,0.5904103904317983,1.8047289069175356,1.3030876348701764e-05,8.642190231896596e-05,4.395571519341159e-05,5.1462911180485226e-05,2.8685022901159854e-05,6.718146757623623e-05,0.3333333333333333,0.3333333333333333,1.143302648624768e-05,8.388823419250219e-05,"PERSON,DATE,ORG,ORDINAL,CARDINAL",0,1133,4839,0,0,0.0,0.0,0.0,0.0646765604615211,0.168885663151741,0.0,0.079451210796833,0.661939799785614
11.16704914827372,9.210340371976184,466,crafts,30,7.0,0.0,1.0,1,6,0,14.64870833488698, NY,0,1,1,34, Krystal Persaud,Kickstarter,1578638,1556416,link,23,2,2,25,7.195,29.11111111111111,0.6414133141914071,1.899163097607533,9.081272682618992e-05,1.16713646888589e-05,7.800469421516184e-05,6.370335758691651e-05,8.120698018987597e-05,0.5,8.600929142984115e-05,3.782834374370356e-05,3.146439481206191e-05,4.631539603383999e-05,ORG,0,1135,4839,2,0,0.0113697359338402,0.8261865973472595,0.0113677429035305,0.1055893674492836,0.0113728214055299,0.0113677978515625,0.0113759208470582,0.0113699119538068
9.985528262872338,9.903487552536127,173,music,28,20.0,0.0,1.0,1,5,2,15.9166075437284, NY,0,1,2,4, Louis Levitt,Kickstarter,1578638,1556416,link,5,0,0,5,10.979090909090909,40.18181818181819,0.7122782878724516,2.038630559088237,0.0833333333333333,0.0833333333333333,2.4784890931203167e-05,0.1666666666666666,0.0833333333333333,0.1666666666666666,8.980454400531863e-05,0.0833333333333333,1.8264520862645576e-05,0.1666666666666666,"ORDINAL,CARDINAL",0,1135,4839,0,0,0.0,0.0,0.0,0.0,0.0,0.0,0.5186945796012878,0.4371511936187744
10.100738771884387,9.615805480084347,287,film_Video,32,8.0,0.0,1.0,1,5,3,15.194750847520003, CA,1,0,1,3, Molly Allis,Kickstarter,1578624,1556393,link,16,8,3,19,15.598,60.0,0.4374477485889213,1.5487493721797871,9.108648061214211e-05,2.813153462138444e-05,6.045786326313875e-05,0.1428571428571428,8.400483023710892e-05,0.4285714285714285,9.65163152358941e-05,6.61111412140982e-05,5.531424181384136e-05,0.2857142857142857,,0,1136,4839,3,0,0.0,0.0,0.0,0.291451096534729,0.5252776145935059,0.1415339410305023,0.0,0.0
12.6236771059767,11.512925464970229,"1,144",design,29,21.0,0.0,1.0,1,5,2,16.120222886786994, Brazil,0,1,1,0, Marcio Sequeira de Oliveira,Kickstarter,1578609,1556367,link,124,33,25,140,7.590999999999997,40.0,0.5235914168583187,1.6880793727815926,8.603842129797061e-05,2.548898673848759e-05,9.015763476525556e-05,4.959668345569228e-05,0.1111111111111111,0.4444444444444444,0.1111111111111111,0.1111111111111111,0.1111111111111111,4.752640806530176e-05,CARDINAL,0,1137,4839,16,0,0.0,0.513981819152832,0.0839294269680976,0.0,0.0642787814140319,0.2632970511913299,0.0574240982532501,0.0
9.446518601560848,9.392661928770137,356,comics,30,9.0,0.0,1.0,1,5,1,11.200349426324468, MI,0,1,1,7, Tara Kurtzhals,Kickstarter,1578609,1556367,link,11,4,0,12,10.783750000000005,36.5,0.8801345828798235,2.411224194077417,0.0952380952380952,0.0952380952380952,9.911786414161216e-05,0.0952380952380952,0.0952380952380952,0.1428571428571428,0.0952380952380952,0.0476190476190476,0.0476190476190476,0.1428571428571428,"PERSON,CARDINAL",0,1137,4839,0,1,0.0,0.0,0.4707264602184295,0.0,0.5003882646560669,0.0,0.0,0.0
8.677744486390223,5.728475087246572,196,design,25,20.0,0.0,,1,5,3,13.669469241521591, UK,0,1,19,44, Elizabeth Anne Harry,Kickstarter,1578570,1556320,link,13,2,0,13,11.621363636363633,49.272727272727266,0.5043320398488238,1.6558790897290645,0.1666666666666666,3.7488852341472905e-05,8.374328361409228e-05,0.1666666666666666,0.1666666666666666,0.1666666666666666,0.1666666666666666,1.018468373685771e-05,7.393706743450719e-05,0.1666666666666666,"DATE,PERSON,CARDINAL",0,1138,4839,0,0,0.0,0.0670242682099342,0.0,0.3305392861366272,0.0,0.0,0.502568244934082,0.0704199820756912
9.30118605527576,9.104979856318357,126,film_Video,28,9.0,0.0,1.0,1,5,0,15.9166075437284, NY,1,0,2,7, Tyler Rabinowitz,Kickstarter,1578576,1556320,video,34,58,3,5583,46.706666666666656,51.33333333333333,0.5687693635596485,1.7660922960050736,0.0909090909090909,2.436669399274877e-05,6.146881448238566e-05,0.1818181818181818,0.0909090909090909,0.1818181818181818,3.2555652250230296e-05,0.0909090909090909,5.026558093552706e-05,0.1818181818181818,,0,1139,4839,19,15,0.705328106880188,0.0178799033164978,0.1874168217182159,0.0178694371134042,0.0178861748427152,0.0178804788738489,0.0178632289171218,0.0178758539259433
9.618668045697824,9.615805480084347,111,dance,1,8.0,0.0,1.0,1,6,4,14.64870833488698, NY,0,1,6,32, Raja Kelly,Kickstarter,1578537,1556273,link,7,0,1,7,10.073333333333334,40.22222222222222,0.3842053875878558,1.4684470115011667,9.990033508299616e-05,2.5047626909254156e-05,8.075173802159636e-05,0.5,8.06353869332075e-05,1.588362134016733e-05,6.986688408009442e-05,9.047879891569724e-05,4.723597192084291e-05,2.236760621599558e-05,"PERSON,ORG,ORDINAL,CARDINAL,TIME,FAC",0,1140,4839,0,0,0.5237550735473633,0.0,0.0,0.0,0.1427775919437408,0.094466894865036,0.0,0.2172179967164993
11.15820575117978,10.864751650053014,327,film_Video,41,44.0,0.0,1.0,1,5,2,15.194750847520003, CA,0,1,1,0, Miles Mogulescu,Kickstarter,1578537,1556273,video,21,3,24,4764,39.17272727272727,63.303030303030305,0.8880708475043851,2.4304364432584675,3.939753244833199e-05,1.2561165265953025e-05,3.543900874816102e-05,0.3333333333333333,2.784141330193264e-05,0.3333333333333333,6.661653695755938e-05,5.329969051953832e-05,3.070700254176926e-05,0.3333333333333333,"GPE,ORG",0,1140,4839,6,0,0.0,0.1562343835830688,0.2256011962890625,0.0,0.1374756097793579,0.222038134932518,0.2351599782705307,0.0
14.053932552379392,10.933313644787097,"10,335",crafts,34,7.0,0.0,1.0,1,5,2,14.28551418721001, Canada,0,1,2,12, Xavier Peich,Kickstarter,1578498,1556218,video,11,2,3,3571,23.79106382978723,49.03191489361702,0.7888303427377351,2.2008207142680862,0.25,9.78384807453205e-05,7.197395686079458e-05,3.2631937344196835e-05,0.25,0.25,0.25,2.7045968824558674e-05,3.7752691949510047e-05,7.882547081510066e-05,"WORK_OF_ART,PRODUCT,CARDINAL",0,1141,4839,0,0,0.0,0.1999397575855255,0.5045250058174133,0.1542471647262573,0.0,0.0,0.0,0.1027636379003524
10.990128469423018,10.852439066649833,"1,601",film_Video,40,24.0,0.0,1.0,1,5,2,16.35646951007637, India,0,1,1,0, Akhila  Krishnan,Kickstarter,1578494,1556197,link,13,1,12,18,6.7105,44.0,1.0334843942933762,2.810842876150673,9.97865467661941e-05,2.0679013287662708e-05,6.52225766370289e-05,2.9326015214580555e-05,8.021856322656591e-05,4.872213968848717e-05,7.50822599829261e-05,6.778629996388566e-05,4.084452110497736e-05,5.795264326427597e-05,"CARDINAL,NORP,ORG,PERSON",0,1142,4839,5,0,0.0,0.0,0.2526987195014953,0.0,0.5107269883155823,0.0,0.2093273103237152,0.0
13.36382767425638,10.819778284410283,"5,046",technology,30,18.0,0.0,1.0,1,5,1,14.230937217984762, Sweden,0,1,2,12, Mats III Palsson Horn af Aminne,Kickstarter,1578460,1556150,video,5,1,0,238,23.294476190476196,20.238095238095237,1.4671684712031705,4.336937575188956,4.700723661951274e-05,6.602642815714444e-05,4.312627346955689e-05,0.4285714285714285,7.86861096542547e-05,0.5714285714285714,7.900032709092232e-05,7.347834776996425e-05,1.6831508491774005e-05,3.7828394550180665e-05,PRODUCT,0,1143,4839,0,0,0.0156430155038833,0.2436020821332931,0.174884483218193,0.0156434569507837,0.0156420525163412,0.2556026875972748,0.2633446455001831,0.0156375952064991
11.821027621111574,11.472103470449971,"1,379",fashion,32,21.0,0.0,1.0,1,5,1,13.357133477695209, OR,0,1,4,0, Bree Rose Mckeen,Kickstarter,1578413,1556070,link,45,8,5,50,2.305588235294117,21.897058823529413,0.6791790783637349,1.972257998221028,3.8150019028931865e-05,3.343576228705645e-05,3.0535060094252604e-05,7.028582578323505e-05,1.6808734178261655e-05,7.958356677000372e-05,8.352873888862902e-05,6.994884482125271e-05,6.780830474801338e-05,5.061604706927717e-05,"CARDINAL,ORG",0,1146,4839,5,0,0.0,0.0,0.2129863053560257,0.5571153163909912,0.0,0.0,0.0,0.1930768340826034
10.702749963884775,9.615805480084347,700,design,30,11.0,0.0,1.0,1,5,2,15.9166075437284, NY,0,1,10,109, Vlad  Dragusin,Kickstarter,1578372,1556022,link,13,1,0,13,3.5500000000000007,22.666666666666664,0.1071344114265082,1.1130838556139058,7.879180477927847e-05,2.7436503972232957e-05,7.450717446190698e-05,5.571399404548564e-05,3.597191676274272e-05,9.652923783101028e-05,8.634855493162267e-05,5.36026207581868e-05,7.557494704409976e-05,5.47210873332837e-05,"PRODUCT,ORDINAL,ORG",0,1148,4839,0,0,0.1099769249558448,0.2191119641065597,0.0864795893430709,0.0,0.0,0.478976845741272,0.0819782242178917,0.0
9.448490755396914,9.392661928770137,268,theater,30,19.0,0.0,1.0,1,5,2,13.436372336049692, WA,1,0,2,5, Mariah Behrens,Kickstarter,1578251,1555899,link,12,1,3,12,12.591,45.0,0.2767456155057304,1.3188308382437848,8.53407665047587e-05,3.975407289730017e-05,6.33410259322371e-05,0.25,4.136044006013121e-05,0.5,4.9057603119442065e-05,4.820103952345744e-05,9.349584962913775e-05,0.25,"WORK_OF_ART,CARDINAL,DATE",0,1149,4839,0,0,0.0,0.0,0.1985118836164474,0.5323550701141357,0.1405392438173294,0.1077204123139381,0.0,0.0
11.719492379879636,10.714417768752456,"2,621",games,31,8.0,0.0,1.0,1,5,1,15.194750847520003, CA,0,1,1,1, Sirus Ahmadi,Kickstarter,1578242,1555885,video,16,0,0,5258,33.762,43.333333333333336,0.6866363990442785,1.9870207353962193,0.1428571428571428,0.1428571428571428,1.8866356612168044e-05,6.607843617950026e-05,0.1428571428571428,9.183725480045392e-05,0.1428571428571428,0.1428571428571428,6.28429837637196e-05,4.445133907180544e-05,WORK_OF_ART,0,1150,4839,4,0,0.0156463533639907,0.4029762148857116,0.1522938013076782,0.0156714152544736,0.2010972201824188,0.0156506765633821,0.0156463533639907,0.1810178905725479
13.763769795056565,10.819778284410283,"1,508",crafts,30,8.0,0.0,1.0,1,5,1,12.926200063971772, MN,1,0,2,17, Bruce Shapiro,Kickstarter,1578243,1555869,link,23,0,4,23,7.594285714285714,43.83333333333333,0.6303635019931321,1.8782932185150791,6.282428559030165e-05,3.994056878772915e-05,1.6050577201372944e-05,0.125,0.125,0.375,9.942979078071046e-05,0.125,3.644262223900083e-05,0.125,"DATE,PERSON,ORG",0,1151,4839,0,0,0.0,0.3229410648345947,0.1880478858947754,0.0,0.1407126486301422,0.3244478404521942,0.0,0.0
9.93928896499951,9.903487552536127,271,theater,30,9.0,0.0,1.0,1,5,2,15.9166075437284, NY,1,0,1,10, Sara Farrington,Kickstarter,1578215,1555836,link,7,1,1,8,1.456666666666667,28.22222222222222,0.6890277724349533,1.9917781299958297,0.2,0.2,5.170631926474311e-05,3.332080938442806e-05,5.519772224322076e-05,1.4673041408878046e-05,0.2,0.2,0.2,4.000158286224074e-05,"PERSON,DATE,NORP,ORG,CARDINAL",0,1152,4839,0,1,0.0104393670335412,0.0104257082566618,0.0104407835751771,0.530062198638916,0.4073072969913482,0.010441331192851,0.0104446364566683,0.0104386685416102
16.31229925250229,13.122363377404328,"27,168",design,58,2.0,0.0,1.0,1,5,1,14.151849928616338, CA,0,1,10,50, Peter Dering,Kickstarter,1578203,1555817,link,14,0,7,14,3.4800000000000004,31.22222222222222,0.2970373659023568,1.3458655879906996,9.916112413591892e-05,3.471150839959194e-05,8.479480968076044e-05,4.192796540167819e-05,7.558378341414842e-05,1.0,3.307453727794004e-05,3.207950176011448e-05,2.875414695297883e-05,8.422329002279115e-05,,0,1153,4839,0,0,0.0,0.5658146142959595,0.0,0.0831787437200546,0.0,0.0,0.3119001388549804,0.0
10.694283086332076,10.596634733096073,214,crafts,30,9.0,0.0,,1,5,3,12.009583196461245, ND,1,0,1,1, Teresa Perleberg,Kickstarter,1578194,1555797,link,29,3,2,30,9.255714285714284,40.04761904761905,0.6318741255514008,1.881132756696959,0.1666666666666666,0.1666666666666666,3.758119582154056e-05,0.1666666666666666,3.033229454886326e-05,0.1666666666666666,0.1666666666666666,0.1666666666666666,8.467393020649569e-05,9.899351930868092e-05,"DATE,PERSON,GPE,ORG",0,1154,4839,1,0,0.0,0.0,0.0,0.0,0.4527636170387268,0.1717060059309005,0.0,0.3308250308036804
11.857838647786169,11.531139576340832,108,fashion,28,14.0,0.0,1.0,1,4,4,16.324637595040688, Mexico,0,1,2,0, Andres Carrillo Raigosa,Kickstarter,1578158,1555724,link,14,0,8,17,15.51294117647059,67.32352941176471,0.1404282835073153,1.1507665476647366,2.904723087128751e-05,1.1058858493029791e-05,6.662018291323874e-05,3.4562696266390055e-05,7.146553598225781e-05,5.7141673603505074e-05,1.0,6.601585530640126e-05,4.995145051125588e-05,3.592258248801044e-05,"NORP,GPE,ORG",0,1156,4839,3,0,0.1281126737594604,0.0846723988652229,0.0,0.1719193458557129,0.1611698269844055,0.2997544407844543,0.1462899148464203,0.0
9.845699528768732,9.210340371976184,322,publishing,30,26.0,0.0,1.0,1,5,2,13.30755248550697, DC,0,1,3,0, Lawrence-Minh Davis,Kickstarter,1578127,1555690,link,15,3,1,17,12.905909090909084,53.81818181818181,0.5554135897947339,1.7426615827941283,9.830061170811422e-05,0.1111111111111111,4.115156860644291e-05,4.6746405441029446e-05,0.1111111111111111,0.1111111111111111,0.2222222222222222,0.2222222222222222,5.7593550830338545e-05,0.1111111111111111,"DATE,NORP,ORG,WORK_OF_ART",0,1157,4839,1,1,0.1645179092884063,0.0,0.0,0.0,0.48667773604393,0.1763632446527481,0.1567882299423217,0.0
11.401580410965146,10.819778284410283,156,technology,30,7.0,0.0,1.0,1,5,1,11.973093381793852, MA,0,1,1,0, Jianghong Min,Kickstarter,1578108,1555653,link,18,6,7,25,10.021666666666668,42.33333333333333,0.8406688386118815,2.317916770677675,7.073076719506695e-05,1.377754536191554e-05,1.4209943517110198e-05,3.7164816808703525e-05,2.463315002031212e-05,0.6666666666666666,4.177694605988627e-05,6.509210121174351e-05,1.346018372093648e-05,1.9538935456518804e-05,"CARDINAL,PERSON,ORG",0,1159,4839,7,0,0.1679494529962539,0.4323212206363678,0.0,0.0,0.0,0.2499665319919586,0.1233808770775795,0.0
8.717190933223135,11.156250521031495,39,design,32,17.0,0.0,1.0,0,5,1,14.151849928616338, CA,0,1,1,1, SunGyu Choi,Kickstarter,1578119,1555658,link,25,3,3,26,6.884499999999999,35.0,0.8398596187546927,2.316041825123434,7.097784524953163e-05,5.239745656340619e-05,9.768450164751516e-05,6.947271486347756e-05,7.80108300164889e-05,0.5,8.233813504123839e-05,6.525437911243957e-05,5.471753728360687e-05,0.5,PRODUCT,0,1160,4839,1,0,0.1323816627264022,0.1877960562705993,0.0754945203661918,0.4732127785682678,0.1185815706849098,0.0,0.0,0.0
13.058556322013782,10.126631103850338,"2,857",design,24,15.0,0.0,1.0,1,5,1,12.010148998317934, VT,0,1,2,2, Paul Budnitz,Kickstarter,1578119,1555658,link,13,0,1,14,7.620000000000001,42.81818181818181,0.571681178381762,1.7712423240550268,4.358103565801453e-05,4.5815775058120014e-05,8.457849189663406e-05,3.872835422429777e-05,4.960752066031421e-05,1.0,6.409459326060019e-05,6.462862069792287e-05,6.663212238378954e-05,3.314244748426149e-05,"PERSON,ORG,CARDINAL",0,1160,4839,1,0,0.0,0.0,0.0,0.0,0.4308812618255615,0.0768882930278778,0.4609130024909973,0.0
10.916015307290108,9.210340371976184,"1,272",games,30,8.0,0.0,1.0,1,4,4,14.262133604157334, AZ,0,1,2,0, Erin Hasslacher,Kickstarter,1578100,1555635,link,18,1,0,18,10.825714285714284,35.285714285714285,0.6515413340983851,1.9184955939655184,5.5032350159400455e-05,4.4577476643337975e-05,4.347081915174471e-05,1.471243367749668e-05,7.740012045868958e-05,1.0,5.37202547500637e-05,8.313560323724703e-05,7.848688674037414e-05,7.74662382983106e-05,"DATE,GPE,CARDINAL,WORK_OF_ART",0,1161,4839,0,0,0.1506561785936355,0.0712971463799476,0.4072285592556,0.0,0.0954760164022445,0.1434799283742904,0.0,0.1225786358118057
12.085778960830414,12.072541252905651,"1,453",film_Video,30,20.0,0.0,1.0,1,4,0,12.94626322746207, CA,0,1,2,1, Yael Bridge,Kickstarter,1578072,1555588,video,4,2,1,3754,28.848684210526315,53.21052631578947,1.072279725476096,2.9220333464855304,0.1,0.1,6.72522877385318e-05,5.871075928850297e-05,9.616739378663816e-05,0.2,0.1,0.1,0.1,9.807327822183002e-05,"WORK_OF_ART,GPE,ORG",0,1162,4839,0,0,0.0981852561235427,0.0,0.0,0.0,0.2995240092277527,0.3854640424251556,0.1889959871768951,0.0
8.59044365315583,8.582044163735853,86,music,28,9.0,0.0,1.0,1,4,3,13.182238541977242, TN,0,1,1,2, Evan Donohue,Kickstarter,1578067,1555576,link,5,1,0,5,4.942499999999999,33.0,0.0114282074846321,1.011493758921601,7.009845324428377e-05,4.685666322508426e-05,7.546181653683636e-05,7.308160157165088e-05,6.617633764114556e-05,9.96801775613324e-05,6.659958232303475e-05,4.607118504860443e-05,5.798449563282181e-05,2.2640403539893924e-05,"PERSON,ORDINAL",0,1163,4839,0,0,0.0,0.1509555131196975,0.3059940040111542,0.0,0.0,0.138877123594284,0.3841382563114166,0.0
9.418154221531074,9.417354541360508,127,dance,30,15.0,0.0,1.0,1,4,6,15.837971611150978, UK,0,1,1,1, Anna Crisp,Kickstarter,1578016,1555518,link,11,1,2,11,10.591153846153844,41.38461538461539,1.0572069925558614,2.8783205812664874,0.0833333333333333,0.0833333333333333,9.41144849269528e-05,0.0833333333333333,0.0833333333333333,0.25,7.450509550466088e-05,0.1666666666666666,3.0038145801537645e-05,0.1666666666666666,"CARDINAL,PERSON,GPE,ORG",0,1164,4839,0,0,0.1358731091022491,0.0,0.0,0.1016435101628303,0.3595437705516815,0.1975971609354019,0.1896660327911377,0.0
11.019907014854104,10.819778284410283,250,film_Video,30,23.0,0.0,1.0,1,4,0,14.151849928616338, CA,0,1,1,16, Orly Ravid,Kickstarter,1578015,1555501,link,4,0,0,4,11.981739130434782,44.73913043478261,0.7247082812975889,2.0641288671347375,5.823415709669064e-05,5.7013593757012095e-05,8.017849497512098e-05,0.2,1.691903919539127e-05,0.2,0.2,0.2,0.2,2.8925712176573348e-05,"DATE,PERSON,ORG,CARDINAL",0,1166,4839,0,0,0.0,0.0,0.0993755161762237,0.4637998342514038,0.1357142925262451,0.1489724814891815,0.0,0.1376821249723434
8.516198697070624,8.367532416861831,170,comics,30,11.0,0.0,1.0,1,4,0,13.79971953341922, UK,0,1,4,7, Natalie Jodie Pritchard,Kickstarter,1577935,1555412,link,13,0,3,15,6.02695652173913,37.586956521739125,0.4859272299508942,1.6256816909703724,6.248717238493879e-05,4.231637011388361e-05,8.011881458138532e-05,0.1,0.2,0.3,6.474362365321594e-05,7.217874492141839e-05,9.404937459370044e-05,0.2,"WORK_OF_ART,PERSON,ORDINAL,DATE",0,1168,4839,2,0,0.0,0.0,0.0,0.0,0.5967777967453003,0.1684767305850982,0.0,0.2075401246547699
12.062324669467552,9.692766521220475,"2,979",games,30,16.0,0.0,1.0,1,4,4,15.047007280023903, Germany,0,1,1,20, Gavin John Norman,Kickstarter,1577933,1555397,link,12,2,2,13,6.248571428571427,34.30952380952381,0.7862966273954033,2.195251519415231,8.928757050756917e-05,9.98123620971059e-05,4.457702368485821e-05,3.5313336147261683e-05,3.422407398502849e-05,0.5,5.1910135886453575e-05,2.744619610889448e-05,7.000068275594498e-05,5.9971900425732936e-05,"DATE,PERSON,ORG,PERCENT",0,1169,4839,0,1,0.0,0.0797136425971984,0.21518474817276,0.0,0.0,0.3171530067920685,0.3722914457321167,0.0
10.094727554837329,9.903487552536127,158,art,31,12.0,0.0,1.0,1,4,1,15.9166075437284, NY,0,1,3,5, Justine Ludwig,Kickstarter,1577955,1555414,link,8,0,0,9,11.77695652173913,44.73913043478261,0.4597640537518528,1.583700272770667,0.2,9.172313887021494e-05,5.546421267653501e-05,9.113298233230147e-05,5.035422159129502e-05,0.2,0.2,6.95464672316163e-05,6.762015302850752e-05,1.1837759502726956e-05,"DATE,PERSON,GPE,ORG",0,1170,4839,1,0,0.2278332710266113,0.0,0.0,0.0,0.1225959286093711,0.6182660460472107,0.0,0.0
10.635585217433144,10.599081736739125,"1,241",film_Video,30,15.0,0.0,1.0,1,4,2,13.049771178961905, UK,0,1,3,61, Kathryn West,Kickstarter,1577904,1555354,link,12,0,0,12,9.12,49.714285714285715,0.3874937418010444,1.473283733487443,7.636834771936095e-05,3.785334212753803e-05,3.398202470882824e-05,0.25,9.382635535385766e-05,0.25,0.25,8.353911881576436e-05,7.709272075759938e-05,0.25,"WORK_OF_ART,CARDINAL",0,1171,4839,0,0,0.2815796136856079,0.0,0.0,0.279889315366745,0.1426102519035339,0.0,0.0,0.266420841217041
9.488653694423864,8.85366542803745,314,comics,31,10.0,0.0,1.0,1,4,1,10.642181548052044, MD,0,1,10,105, Adewunmi Okupe,Kickstarter,1577754,1555187,link,18,1,1,20,12.353749999999998,44.833333333333336,0.4561297398379562,1.5779550551198,0.2727272727272727,0.0909090909090909,4.231203550210775e-05,0.0909090909090909,9.933629261372756e-05,0.1818181818181818,0.2727272727272727,8.86089405778188e-05,8.198637781034358e-05,0.0909090909090909,"PERSON,GPE,DATE,NORP,ORG,CARDINAL,WORK_OF_ART",0,1174,4839,2,0,0.098670408129692,0.0,0.486469954252243,0.0717665627598762,0.0,0.1830319017171859,0.1479181200265884,0.0
11.414264678146258,10.714417768752456,399,theater,30,51.0,0.0,1.0,1,4,2,11.461189967562174, MA,1,0,3,11, Alexandre Rockwell,Kickstarter,1577734,1555162,link,4,2,1,5,6.166,35.0,0.6488654721377141,1.913368826903464,9.778088201311635e-05,3.2792082673622573e-05,7.391544466627013e-05,0.125,0.125,0.25,0.125,6.688381258488393e-05,8.614604371184389e-05,0.25,"PERSON,ORDINAL",0,1175,4839,0,1,0.0859521329402923,0.0,0.2748101353645324,0.1101065501570701,0.0,0.3223935663700104,0.1858621686697006,0.0
11.191883073660202,10.8036489024804,"1,129",design,30,12.0,0.0,1.0,1,4,1,15.837971611150978, UK,0,1,1,7, Charles Robert H Cadbury,Kickstarter,1577625,1555019,link,16,24,0,32,12.166666666666664,51.33333333333333,0.6721714022935594,1.9584853664752435,3.417059507082783e-05,0.1666666666666666,1.1184649428870784e-05,0.1666666666666666,6.323695911058201e-05,0.5,0.1666666666666666,3.3096162497767754e-05,2.092965908375103e-05,5.062051129209196e-05,CARDINAL,0,1179,4839,13,3,0.0,0.1582051366567611,0.0,0.2184578329324722,0.0,0.1544961482286453,0.0,0.4479492604732513
10.84050205595026,9.903487552536127,"1,227",publishing,30,7.0,0.0,1.0,1,4,1,15.194750847520003, CA,0,1,1,0, Carinne Michelle Mangold,Kickstarter,1577625,1555019,link,19,5,2,22,4.620000000000001,45.0,0.0420794915052396,1.0429773832977451,1.90880296135985e-05,7.24592897550348e-05,7.589958040475753e-05,1.0,7.690924825998663e-05,3.5074267782537806e-05,5.652667922351842e-05,9.013752303492031e-05,1.3778951508559534e-05,4.386677237208153e-05,"GPE,ORG",0,1179,4839,3,0,0.1761716157197952,0.4707819819450378,0.0,0.0,0.0,0.0,0.0,0.3048841655254364
8.989194823324645,8.517193191416238,243,publishing,30,15.0,0.0,1.0,1,4,1,13.433583737933631, CO,0,1,7,10, Kaley Kiermayr,Kickstarter,1577638,1555019,link,10,5,2,10,11.886249999999997,47.25,0.3908671895628807,1.478262171730119,0.1111111111111111,0.1111111111111111,5.119744306439794e-05,8.434738626670209e-05,0.1111111111111111,0.2222222222222222,0.1111111111111111,0.1111111111111111,6.344205994509687e-05,0.1111111111111111,"DATE,CARDINAL,WORK_OF_ART",0,1180,4839,0,0,0.3808838725090027,0.0,0.0,0.0,0.3823148608207702,0.0,0.1358086764812469,0.0731688439846038
10.420792142399828,10.308952660644293,330,theater,30,13.0,0.0,1.0,1,4,2,15.9166075437284, NY,1,0,1,8, Winter Miller,Kickstarter,1577638,1555013,link,10,2,1,10,1.3810256410256407,16.358974358974358,1.1862550390585629,3.274794238120243,0.1428571428571428,4.753438554888108e-05,4.379060080514913e-05,0.1428571428571428,5.807229572226996e-05,0.1428571428571428,0.1428571428571428,0.1428571428571428,7.812283264770741e-05,0.1428571428571428,"DATE,PERSON",0,1181,4839,0,0,0.5494038462638855,0.0,0.247117817401886,0.0,0.0,0.0,0.0631390288472175,0.1164670586585998
10.324887031560763,10.110501721920452,358,design,30,21.0,0.0,1.0,1,4,3,11.636946779815975, Liberia,0,1,3,1, Nicholas Dutton,Kickstarter,1577603,1554962,link,20,0,5,23,12.186521739130434,44.73913043478261,0.5424992881018377,1.720301021653755,9.757691181210685e-05,8.729325232073712e-05,1.0860554156543042e-05,1.5196265168588294e-05,8.046721644915305e-05,1.0,6.471182046782582e-05,2.472789281476098e-05,4.157566094211104e-05,9.954306744764784e-05,"NORP,GPE,ORG",0,1182,4839,3,0,0.0,0.0,0.0,0.5612471103668213,0.0,0.2497144639492035,0.1577191352844238,0.0
8.819517540604888,8.501063809486354,153,publishing,29,6.0,0.0,1.0,1,4,0,15.837971611150978, UK,0,1,1,6, Lemara Alisa Lindsay Prince,Kickstarter,1577586,1554911,video,5,0,3,2488,30.846486486486484,53.63513513513514,1.4686131797967303,4.343207714344948,3.092553929870481e-05,5.688922497844214e-05,9.70447649622447e-05,7.414145344396565e-05,5.331642426813764e-05,6.314423804411029e-05,8.787794717561168e-05,2.9839595260687675e-05,8.823435435957988e-05,4.755784612826699e-05,"WORK_OF_ART,NORP,ORG",0,1184,4839,1,0,0.0125179756432771,0.0125121092423796,0.0125256907194852,0.3675417304039001,0.3807087540626526,0.0125140147283673,0.0125121194869279,0.1891676038503646
10.8629910188331,10.819778284410283,513,technology,30,18.0,0.0,1.0,1,4,2,14.64870833488698, NY,0,1,1,8, Philip Kennedy,Kickstarter,1577495,1554805,link,13,1,10,13,2.9800000000000004,24.666666666666664,0.9974543205914328,2.7113707548028616,0.25,5.388385942446048e-05,9.549648107892024e-05,2.7747342313483695e-05,7.792380807792095e-05,0.25,0.25,1.7253345416268453e-05,2.212564755332432e-05,8.166427791066092e-05,ORG,0,1185,4839,0,0,0.0985174179077148,0.2023580372333526,0.0,0.1123126596212387,0.5701119303703308,0.0,0.0,0.0
11.181444749951636,9.210340371976184,"1,585",food,30,10.0,0.0,1.0,1,4,3,14.816343153421665, IL,1,0,1,8, Nick Hamburger,Kickstarter,1577495,1554805,photo,27,7,6,30,10.596666666666671,31.88888888888889,0.9619475535254396,2.6167878483506217,4.1978777362649895e-05,0.1666666666666666,2.955509008904228e-05,4.033160309447089e-05,2.3790877302990407e-05,0.1666666666666666,0.3333333333333333,0.1666666666666666,8.978793336627702e-05,9.35228422901608e-05,"DATE,PRODUCT",0,1185,4839,3,0,0.0139151606708765,0.0139102200046181,0.2565195560455322,0.2036160081624984,0.013911560177803,0.0139006096869707,0.4703285992145538,0.0138984192162752
11.105678770779631,11.002099841204238,683,film_Video,30,19.0,0.0,1.0,1,4,0,15.9166075437284, NY,0,1,7,27, Harold Hartley,Kickstarter,1577505,1554791,link,13,0,0,15,8.41,35.63636363636363,0.6672510887744922,1.9488726725767416,8.281212762625088e-05,4.9195452470793335e-05,6.376590020684377e-05,1.9595177768008973e-05,8.2966753353627e-05,2.5177411692945983e-05,9.366371350684764e-05,5.5734874466891014e-05,6.392324975394815e-05,7.318295131763813e-05,"PERSON,DATE,ORG,CARDINAL,WORK_OF_ART",0,1187,4839,2,0,0.2791104912757873,0.0,0.0,0.0,0.0,0.0,0.0948469713330268,0.5947360992431641
8.171024293764946,7.757906208351747,21,design,45,9.0,0.0,1.0,1,3,0,15.936165897399452, Japan,0,1,2,0, Masahiko Yamanaka,Kickstarter,1577493,1554765,link,35,4,4,38,9.92857142857143,44.80952380952381,0.8492513944450867,2.337896034713614,2.3222973122539373e-05,1.6511365890773698e-05,7.17922835219159e-05,3.0685509621882585e-05,5.4580181224549794e-05,7.179916474307501e-05,5.680987954454177e-05,5.8246054019976275e-05,9.889146199622178e-05,6.267014074258442e-05,,0,1188,4839,3,0,0.2891556322574615,0.0,0.0,0.3802177011966705,0.0,0.0,0.3021618127822876,0.0
8.974364841846596,9.392661928770137,66,art,33,10.0,0.0,1.0,0,4,1,13.047376865601484, GA,0,1,1,0, Tiffany LaTrice Michelle Williams,Kickstarter,1577493,1554765,link,15,1,7,18,15.175714285714283,64.0,0.3126014350400172,1.366976593467038,4.083806318702694e-05,8.075644022783918e-05,2.982889258411855e-05,0.3333333333333333,6.227490333267291e-05,0.6666666666666666,6.80911675585077e-05,4.8581990165115415e-05,7.890035156330904e-05,7.251942249292075e-05,"DATE,ORG,WORK_OF_ART",0,1188,4839,3,0,0.2490556538105011,0.0,0.0,0.0616868436336517,0.1469632685184478,0.0583794340491294,0.1660394221544265,0.3097864091396332
8.913504531330943,8.906528917594517,140,art,30,5.0,0.0,1.0,1,3,2,7.873217054862741, UK,0,1,1,1, Chloe Marigold G Garner,Kickstarter,1577522,1554772,link,8,0,3,8,16.82578947368421,66.36842105263158,0.3703300615013155,1.4482125349909585,6.0706752803546874e-05,6.413936557417356e-05,4.326438678523881e-05,6.862448540404131e-05,9.223454294638048e-05,1.0,5.8035107351832714e-05,6.396165139057896e-05,5.145267025606607e-05,9.291630092371336e-05,"EVENT,GPE,NORP,ORG,CARDINAL",0,1190,4839,0,0,0.0,0.0,0.0,0.0,0.0862354859709739,0.2893083691596985,0.2701527178287506,0.3334341943264007
10.851083134238696,10.596634733096073,431,film_Video,30,33.0,0.0,1.0,1,3,4,14.816343153421665, IL,0,1,2,20, Maria Finitzo,Kickstarter,1577558,1554807,video,18,10,13,4470,30.616956521739127,57.78260869565217,1.2871489903746045,3.6224441964038214,5.549578843508775e-05,5.183057853437507e-05,3.178359934984419e-05,0.125,0.125,0.375,0.125,9.132048483116525e-05,3.5223047875543094e-05,0.125,WORK_OF_ART,0,1191,4839,0,0,0.3775554299354553,0.0,0.0,0.0,0.3424715101718902,0.0,0.0,0.2431347519159317
10.612557293639888,8.34283980427146,"1,430",games,29,2.0,0.0,1.0,1,4,0,14.200667511018631, TX,0,1,3,159, John Britt,Kickstarter,1577549,1554786,link,12,1,2,13,9.344615384615388,43.769230769230774,0.2881837275662381,1.3340023746192369,1.740450918493557e-05,8.326150619679371e-05,2.7300880407435756e-05,4.611128085668151e-05,2.1101825186116425e-05,7.613807202722198e-05,8.275265373460324e-05,5.714230583864615e-05,5.847032573245298e-05,1.4460257773473467e-05,"PERSON,ORG",0,1192,4839,1,0,0.3619647324085235,0.1955854892730713,0.2766846716403961,0.0,0.0,0.0,0.1379011869430542,0.0
10.844724523371353,10.819778284410283,210,publishing,31,13.0,0.0,1.0,1,4,1,10.250263664295613, NY,0,1,34,14, Luke Ives Pontifell,Kickstarter,1577538,1554767,link,6,0,2,6,12.263636363636364,44.72727272727273,0.7792865473233322,2.179916443340041,1.5128085429763146e-05,3.287960461600194e-05,1.561908556252097e-05,2.0716608338446687e-05,3.0185833284366343e-05,1.5067112689321289e-05,1.0,4.459688174517079e-05,6.0729634918559135e-05,1.6499015250957228e-05,"PERSON,ORG",0,1193,4839,0,0,0.0,0.0,0.0,0.0829813107848167,0.0587284229695797,0.3495608866214752,0.2904700934886932,0.2057335376739502
10.675931008412125,10.46310334047155,452,art,40,11.0,0.0,1.0,1,4,1,15.9166075437284, NY,0,1,1,1, Evrim Oralkan,Kickstarter,1577549,1554779,link,7,1,2,7,12.14785714285714,49.714285714285715,0.4347107565605547,1.5445162531432908,6.1685881758119e-05,2.1741007289625457e-05,6.952148560747567e-05,8.184108824864325e-05,6.941442328702844e-05,0.5,5.026794150841468e-05,5.2998726219394567e-05,9.115147259045204e-05,0.5,ORG,0,1194,4839,0,0,0.0,0.0614175610244274,0.2142922729253769,0.0747299492359161,0.2381507307291031,0.0,0.3077333271503448,0.0932386517524719
9.715469803197292,9.210340371976184,157,technology,30,8.0,0.0,1.0,1,3,2,14.64870833488698, NY,0,1,1,0, Somnath Ray,Kickstarter,1577549,1554779,link,40,3,12,48,4.942499999999999,26.75,0.6951871792874664,2.004084161881177,7.993443570865806e-05,8.814915672853312e-05,5.4945603925395915e-05,1.7363701410826426e-05,3.8748778229895635e-05,4.394657299808354e-05,2.200991764806966e-05,8.928262233566597e-05,5.647748031461684e-05,6.191154491730584e-05,ORG,0,1194,4839,8,0,0.0,0.1659313440322876,0.4038199186325073,0.2047814130783081,0.0,0.1122245788574218,0.0961647853255271,0.0
12.412068735872248,10.203592144986466,581,design,32,13.0,0.0,1.0,1,3,6,14.575639054856664, France,0,1,1,1, Vincent Antoine Quesada,Kickstarter,1577540,1554770,link,21,7,3,23,7.590999999999997,40.0,0.9199753037714836,2.5092284206926205,8.759826762923699e-05,9.03912532488952e-05,2.153394861068194e-05,2.1467396692139813e-05,1.1837210561661642e-05,2.8300658834505957e-05,5.112025132700317e-05,2.4889779244787588e-05,3.0247966178568904e-05,4.483276334907921e-05,"GPE,ORG",0,1195,4839,2,0,0.0,0.0,0.0,0.7685476541519165,0.0,0.0,0.2001687139272689,0.0
8.872206756028303,8.699514748210191,56,technology,20,6.0,0.0,1.0,1,3,2,14.64870833488698, NY,0,1,1,12, John Del Gaudio,Kickstarter,1577540,1554770,link,4,1,0,4,11.619999999999996,50.578947368421055,0.7512848038991164,2.1197216945252513,3.824879470502235e-05,8.977387461619557e-05,8.251622396887675e-05,0.3333333333333333,2.726180792404387e-05,0.3333333333333333,1.332502173564968e-05,2.13692954482336e-05,4.4522977032750486e-05,0.3333333333333333,"PERSON,GPE,ORG",0,1195,4839,0,0,0.2134605199098587,0.0,0.0,0.0,0.1598951369524002,0.0,0.5937028527259827,0.0
9.681332887113054,9.64049809267472,178,fashion,30,17.0,0.0,1.0,1,4,1,15.837971611150978, UK,0,1,1,0, Charles George Kenneth Richardson,Kickstarter,1577613,1554841,video,43,63,17,14427,21.115333333333332,38.05555555555556,1.3839933233226402,3.9908064302432393,4.343205363619392e-05,5.5479883000229225e-05,1.9778390121963745e-05,0.25,0.125,0.125,0.125,4.502650466018158e-05,0.125,0.125,"WORK_OF_ART,NORP",0,1196,4839,28,5,0.5459714531898499,0.0125065827742218,0.0125225847586989,0.0125457933172583,0.0125210089609026,0.3789184093475342,0.0125067168846726,0.0125075280666351
8.807471889715284,8.517193191416238,82,art,30,11.0,0.0,1.0,1,4,0,14.64870833488698, NY,0,1,1,1, Marissa Anne Gutierrez,Kickstarter,1577600,1554828,link,12,0,8,18,9.026666666666667,40.22222222222222,0.6017058612991186,1.8252297349915696,5.4331216367796786e-05,2.5461019852999015e-05,4.900078273314908e-05,0.5,3.946906627462352e-05,0.5,1.405181345113938e-05,8.327988287488933e-05,4.900160569355781e-05,1.3704480249132787e-05,"WORK_OF_ART,CARDINAL,ORG,LAW",0,1197,4839,6,0,0.0,0.0,0.351085901260376,0.0,0.4701078236103058,0.0543642789125442,0.0,0.1035528630018234
10.851276951469654,10.596634733096073,524,technology,30,11.0,0.0,1.0,1,3,4,15.9166075437284, NY,1,0,1,0, Armando Somoza,Kickstarter,1577544,1529776,link,8,0,4,8,15.607058823529409,64.05882352941177,0.3265695981305745,1.3862047236631283,2.7677729428481564e-05,3.13585933783502e-05,2.6640765570087944e-05,0.1111111111111111,0.1111111111111111,0.3333333333333333,0.1111111111111111,0.1111111111111111,9.761352699167888e-05,0.2222222222222222,ORG,0,1199,4839,0,0,0.0633638799190521,0.2407948523759842,0.1736832410097122,0.3460138142108917,0.1650885492563247,0.0,0.0,0.0
9.33799452742783,9.287301413112312,93,art,30,13.0,0.0,1.0,1,3,0,11.853667145957877, Italy,0,1,1,0, Neri Torcello,Kickstarter,1577490,1529739,link,5,2,1,5,12.905909090909084,40.18181818181819,0.49282834458936,1.636939507747709,2.5794246464322168e-05,9.441890789135474e-05,8.940425649125513e-05,6.559580947191671e-05,3.651329972897819e-05,0.5,5.094006962222383e-05,1.4601843322965617e-05,9.19288394626436e-05,6.258223888192136e-05,"DATE,NORP,GPE",0,1200,4839,0,0,0.2728089988231659,0.0,0.1353743374347686,0.0,0.0999000668525695,0.0,0.189699500799179,0.2883035242557525
9.433818267391176,8.618846845142738,256,art,29,10.0,0.0,1.0,1,4,1,15.837971611150978, UK,0,1,3,24, Amber Jane Weaver,Kickstarter,1577481,1529664,link,6,1,1,8,12.619999999999996,44.80952380952381,0.6962706585292616,2.006256722218864,6.213830199957442e-05,1.7400989935954047e-05,5.651636106771334e-05,7.662956362798227e-05,7.056030156155892e-05,0.3333333333333333,8.782506691071359e-05,9.79654618741839e-05,9.500604352778056e-05,0.3333333333333333,"WORK_OF_ART,CARDINAL,PERSON,ORG",0,1201,4839,2,0,0.5730737447738647,0.0,0.0,0.1407274901866912,0.2589755654335022,0.0,0.0,0.0
14.175393052209028,14.066269276311456,"18,420",games,31,8.0,0.0,1.0,1,3,1,12.270323625331695, WA,0,1,2,1, Tony Fryman,Kickstarter,1577556,1529645,link,24,5,17,33,10.129285714285714,42.57142857142857,0.6780484607480881,1.9700293886756457,8.431398564046003e-05,6.775978639969101e-05,5.911994379024438e-05,3.781859398297384e-05,3.642551025915463e-05,0.5,5.2690874578008e-05,8.491814037417312e-05,5.1178829475747654e-05,1.0995227094151647e-05,"WORK_OF_ART,ORG,PRODUCT",0,1204,4839,9,0,0.0875816196203231,0.2549366354942322,0.1561921387910843,0.0,0.0,0.2039899080991745,0.0,0.2722160518169403
11.928914996534605,12.072541252905651,"1,636",music,30,19.0,0.0,1.0,0,4,0,15.194750847520003, CA,0,1,1,0, Dimitri Coats,Kickstarter,1577552,1529652,link,3,4,0,4,1.7940000000000005,25.0,0.0278062412913361,1.0281964431046096,6.141344229433877e-05,5.506614155297785e-05,7.45569236518781e-05,3.1608630665063886e-05,4.7035480178974144e-05,8.454487547607965e-05,2.0396962538127083e-05,1.8077561572129276e-05,7.16395513435289e-05,8.260486795606254e-05,"WORK_OF_ART,GPE,ORG",0,1205,4839,0,0,0.1644919663667678,0.0,0.101980060338974,0.0,0.0,0.0,0.352613240480423,0.3423978090286255
9.12543586488574,8.987196820661973,167,comics,32,16.0,0.0,1.0,1,3,1,14.816343153421665, IL,1,0,1,45, Jonathan La Mantia,Kickstarter,1577502,1529679,link,6,5,6,7,10.829999999999998,58.0,0.1708637162084382,1.186329060581789,4.306516558273634e-05,8.67685572127123e-05,3.9859975810418254e-05,3.398588535195986e-05,1.80837046114554e-05,5.5655449449285015e-05,7.003071012289742e-05,2.4936750274029244e-05,8.822855826642266e-05,1.708746214693171e-05,"DATE,PERSON",0,1206,4839,1,0,0.2174374610185623,0.0,0.1695452630519867,0.2585362792015075,0.0539402700960636,0.0,0.0,0.284193217754364
9.861831877267296,9.35010231435134,220,crafts,17,10.0,0.0,1.0,1,3,1,14.64870833488698, NY,0,1,8,26, Jason Koxvold,Kickstarter,1577477,1529577,link,7,1,1,8,6.231739130434782,28.89130434782609,0.9704282074802698,2.639074288787628,3.2470205746620715e-05,9.12610910047034e-05,5.600445364371852e-05,2.5304490361149337e-05,6.18067808445784e-05,4.996186122306016e-05,9.4214309142568e-05,4.287892498515883e-05,3.656851312452093e-05,1.0362338524606332e-05,"PERSON,GPE,DATE,NORP,CARDINAL,WORK_OF_ART,LOC",0,1208,4839,1,0,0.3210017383098602,0.0,0.0,0.1289994567632675,0.0,0.3671555519104004,0.0,0.155016079545021
9.102780773440411,7.807916628926408,192,comics,29,16.0,0.0,1.0,1,3,1,13.333078008699502, UK,0,1,3,11, Greet Pauwelijn,Kickstarter,1577467,1529546,link,17,1,3,19,14.221764705882356,52.294117647058826,0.210929963826067,1.2348258695534955,1.005880516851696e-05,3.266096080121959e-05,3.636151079350237e-05,1.662216743437764e-05,1.2535535017459415e-05,1.0,9.295562394902546e-05,7.514644948259969e-05,5.908188534943644e-05,3.5625520312740835e-05,"PERSON,NORP,LANGUAGE,ORG,WORK_OF_ART",0,1209,4839,2,0,0.0866245180368423,0.2073518335819244,0.1958661079406738,0.2100651115179062,0.2029646188020706,0.0,0.0,0.088493488729
11.09125475251513,10.819778284410283,216,technology,30,6.0,0.0,1.0,1,3,1,13.410750701107972, MA,0,1,2,23, Mayuresh Soni,Kickstarter,1577399,1529480,video,13,1,8,4070,25.948,43.888888888888886,0.9930038054767942,2.6993305706613806,5.124912351288179e-05,9.766281024748576e-05,8.699207762044949e-05,4.2151187495510386e-05,8.06454296991872e-05,0.5,0.25,6.028799406841529e-05,8.685416902924993e-05,0.25,,0,1211,4839,2,0,0.3720731139183044,0.3862301707267761,0.0,0.2069204449653625,0.0,0.0,0.0,0.0
5.802118375377063,7.88758403166028,8,art,25,8.0,0.0,1.0,0,3,0,10.7161274175808, Mexico,0,1,1,1, Mariana Nanatzin Azcarate Baron,Kickstarter,1577380,1529429,video,4,1,0,3644,30.53961538461538,39.92307692307692,0.3051664946988896,1.3568508926818006,1.3605320714562505e-05,4.8156056151693576e-05,2.000523994784571e-05,1.3438071549026175e-05,3.823306532426017e-05,1.1425240994151248e-05,2.9342014276356523e-05,9.85018403020408e-05,7.095424846379706e-05,7.54901856208101e-05,"WORK_OF_ART,ORG",0,1212,4839,5,0,0.1270404160022735,0.1043023094534874,0.0113925728946924,0.1144829913973808,0.0113932704553008,0.011396026238799,0.0113883260637521,0.6086041331291199
12.504709494705477,11.225243392518449,"1,687",technology,60,7.0,0.0,1.0,1,1,2,15.194750847520003, CA,0,1,2,2, Billy  Grandy,Kickstarter,1577380,1529429,video,14,7,13,6423,32.2968,28.5,0.6397173746510395,1.8959449614701904,3.1433198829912674e-05,8.186463672435219e-05,9.4089700739525e-05,0.3333333333333333,9.4229097691888e-05,0.3333333333333333,5.555052593618644e-05,5.641389446744154e-05,1.2998347504218258e-05,5.8398026388626126e-05,"DATE,PERSON,ORG",0,1212,4839,4,0,0.0125101814046502,0.1134736016392707,0.1221897676587104,0.5852859616279602,0.0125308027490973,0.0125204632058739,0.1289584934711456,0.0125306490808725
9.666561963748132,9.615805480084347,244,music,31,13.0,0.0,1.0,1,3,0,15.611212080414017, Brazil,1,0,2,11, Sara Lucas,Kickstarter,1577394,1529416,link,8,0,1,8,1.9987500000000011,8.0,0.2054977426188302,1.2281362085871887,7.845180782097541e-05,2.1899037053826975e-05,7.746590400072786e-05,2.6303734657447407e-05,4.020016600378012e-05,3.1100545698516136e-05,3.986869987726841e-05,9.477722671442892e-05,2.1979541577760703e-05,9.078438528433546e-05,"CARDINAL,PERSON,ORDINAL,ORG",0,1213,4839,0,0,0.0113845476880669,0.0114098815247416,0.4659479856491089,0.011369883082807,0.2839254736900329,0.0113800792023539,0.193169817328453,0.0114122498780488
7.845212413670105,7.807916628926408,80,theater,33,7.0,0.0,1.0,1,2,0,15.837971611150978, UK,1,0,3,12, Sarah Blanc,Kickstarter,1577348,1529332,link,11,0,11,13,9.765,45.0,0.3596251669975809,1.4327922560710789,0.1111111111111111,0.1111111111111111,5.1337403109216e-05,0.1111111111111111,1.5963610653499005e-05,0.1111111111111111,0.2222222222222222,0.1111111111111111,0.0555555555555555,0.1111111111111111,"DATE,PERSON,ORG",0,1216,4839,2,0,0.2401219606399536,0.0,0.0,0.0,0.0,0.0608690530061721,0.3394417464733124,0.3416620194911957
12.556933721644295,11.225243392518449,"4,981",fashion,30,24.0,0.0,,1,7,0,15.194750847520003, CA,0,1,4,137, Matthew Cherry,Kickstarter,1577282,1529320,link,17,0,2,18,5.671607142857145,30.071428571428573,1.733144974797209,5.658421547553957,4.063704005028337e-05,1.4450269301141254e-05,8.461617815944818e-05,0.2,0.1,0.2,8.781392317584495e-05,8.646994979247789e-05,0.05,0.15,"WORK_OF_ART,CARDINAL,PERSON,ORG",0,1217,4839,1,0,0.0740205869078636,0.0,0.0,0.0,0.2646314203739166,0.2338851243257522,0.2231921106576919,0.1932219713926315
13.006559631660686,11.512925464970229,"1,154",design,30,28.0,0.0,1.0,1,2,2,15.9166075437284, NY,0,1,13,54, Francisco Dautant,Kickstarter,1577226,1529193,link,29,5,10,33,12.465294117647057,61.44117647058824,0.417306212611923,1.517867231869677,5.960439657247349e-05,3.1192427530978944e-05,4.006710059804358e-05,5.0846479934177185e-05,2.8477326041092913e-05,1.0,2.067564469418654e-05,8.504425791369625e-05,3.586106616473201e-05,7.520982560569215e-05,ORDINAL,0,1220,4839,3,1,0.0885153263807296,0.0,0.2172583788633346,0.2703360915184021,0.0,0.0,0.40533447265625,0.0
12.501523425775652,10.8036489024804,"1,128",music,35,5.0,0.0,1.0,1,3,1,15.837971611150978, UK,0,1,1,13, Kelly Angood,Kickstarter,1577237,1529133,link,15,8,2,17,10.897058823529411,40.52941176470589,0.5557988559195266,1.7433331006171853,2.4461162624066067e-05,0.1428571428571428,8.506062217660473e-05,0.1428571428571428,0.1428571428571428,0.1428571428571428,6.785077791673069e-05,0.1428571428571428,4.592492957981545e-05,0.1428571428571428,"DATE,PRODUCT,ORG,CARDINAL",0,1221,4839,0,2,0.0,0.2150189131498336,0.0597729049623012,0.0654811412096023,0.0,0.0,0.3834589719772339,0.2599110901355743
10.760346700640856,10.596609732783568,"1,420",comics,27,7.0,0.0,1.0,1,3,0,15.9166075437284, NY,1,0,3,79, Kwanza Osajyefo,Kickstarter,1577237,1529133,link,104,145,15,152,7.120000000000001,30.0,0.7138535446008685,2.041844456285199,0.2,0.2,2.540002000036867e-05,3.053383554331712e-05,9.556912668523592e-05,3.173739030589233e-05,0.2,0.2,9.997920683851246e-05,6.169202585740883e-05,"WORK_OF_ART,PERSON,GPE,ORDINAL",0,1221,4839,41,7,0.0,0.0844323113560676,0.1430989354848861,0.2609362304210663,0.13715860247612,0.279672235250473,0.0833134725689888,0.0
10.10736673166888,9.615805480084347,168,journalism,30,8.0,0.0,1.0,1,3,3,12.245043327428244, WA,0,1,1,0, Jake Bullinger,Kickstarter,1577245,1529121,link,13,3,11,15,13.475,56.88888888888889,0.975891615743976,2.653532087531745,1.2247449590534464e-05,0.3333333333333333,9.377857836230684e-05,0.3333333333333333,7.853326639482786e-05,0.3333333333333333,3.3501112162077094e-05,1.4776287905583108e-05,3.349463849500675e-05,9.194306967292488e-05,"LOC,GPE,ORG",0,1222,4839,0,2,0.6054307222366333,0.0,0.0,0.0,0.0976706743240356,0.0,0.2600493431091308,0.0
11.02286605638804,10.308952660644293,516,film_Video,34,34.0,0.0,1.0,1,2,1,15.194750847520003, CA,1,0,1,7, Alison Tavel,Kickstarter,1577245,1529121,photo,49,11,13,58,9.044444444444444,37.57407407407408,1.7285668158633911,5.632575602959033,3.137307010770318e-05,6.311047801100237e-05,9.306349886565716e-05,0.4,6.154508660606521e-05,0.4,9.774824280232908e-05,7.164318053340349e-05,3.387308756051648e-05,6.729637682233871e-05,PERSON,0,1222,4839,8,1,0.0125158485025167,0.2510485053062439,0.0125212110579013,0.0125384386628866,0.184501826763153,0.3268755972385406,0.1874712407588958,0.0125273251906037
9.056256356593469,10.126631103850338,52,film_Video,30,10.0,0.0,1.0,0,3,2,15.9166075437284, NY,0,1,1,0, Samuel  Osborn,Kickstarter,1577269,1529118,link,12,1,1,14,12.905909090909084,44.72727272727273,0.8317056064248228,2.297233577078103,1.4465293600495373e-05,3.682375285122231e-05,2.8695707398160037e-05,3.334352801717764e-05,2.997976490260451e-05,8.773775650630761e-05,0.5,0.5,2.52897773193462e-05,3.58068495146271e-05,"WORK_OF_ART,PERSON,ORG",0,1223,4839,0,2,0.2542499601840973,0.0,0.0,0.0,0.4846186637878418,0.0,0.0,0.2339133024215698
10.712103982902187,10.680516217076775,617,food,41,13.0,0.0,1.0,1,3,1,13.410750701107972, MA,0,1,1,0, Brian Thurber,Kickstarter,1577269,1529118,link,154,25,42,173,6.977727272727272,29.181818181818183,0.5630647359099713,1.7560460792685868,0.2,1.335284925527765e-05,4.6349840559124427e-05,4.385101878300462e-05,4.827748937298248e-05,0.3,0.2,0.2,6.172779730730618e-05,2.00009617688868e-05,"DATE,ORG",0,1223,4839,18,1,0.0508442781865596,0.5586700439453125,0.0,0.0,0.0625646635890007,0.1531446874141693,0.0595906749367713,0.107356958091259
10.977721762476238,10.915088464214609,425,art,31,6.0,0.0,1.0,1,2,1,15.9166075437284, NY,0,1,1,3, Matthew Ricke,Kickstarter,1577213,1529099,link,4,0,0,4,10.765,35.63636363636363,1.2529415574521583,3.5006251171666167,4.4177637062738575e-05,5.076982907469675e-05,5.379490393204441e-05,8.530716985772131e-05,1.20891076705418e-05,4.254998834498529e-05,9.703301577325577e-05,1.419541883611074e-05,8.174741922815778e-05,8.57726532023225e-05,"PERSON,DATE,NORP,ORG,WORK_OF_ART",0,1225,4839,0,0,0.4112036228179931,0.0587615519762039,0.2065386623144149,0.1653642058372497,0.0,0.0,0.1442112028598785,0.0
9.743025330095069,8.699514748210191,281,journalism,30,11.0,0.0,1.0,1,2,1,14.64870833488698, NY,1,0,2,12, Winnie Au,Kickstarter,1577213,1529099,link,12,0,1,17,13.292857142857144,59.095238095238095,0.2728881560989218,1.3137533013132514,2.1293766711923565e-05,3.461525792467364e-05,2.909170637835499e-05,1.0,1.710208281179196e-05,8.109683260658043e-05,7.184555700598425e-05,2.2768627438032163e-05,4.2101369548857866e-05,9.800468779419514e-05,"NORP,GPE,CARDINAL,PERSON",0,1225,4839,5,0,0.2809883952140808,0.0,0.0,0.2532154321670532,0.2640909254550934,0.0640176758170127,0.1188976243138313,0.0
14.755306075290166,9.210340371976184,"53,643",games,30,4.0,0.0,1.0,1,2,1,15.194750847520003, CA,0,1,4,549, Brian Lee,Kickstarter,1577178,1529013,link,42,48,8,49,3.53125,22.75,0.7103586896392711,2.034720961098126,7.096538168999856e-05,3.942798609184654e-05,3.734753175898499e-05,1.5873556335639316e-05,6.975498157125013e-05,2.3029075246650564e-05,4.210706786700821e-05,5.718371299265512e-05,8.103701573435755e-05,5.0384259558406504e-05,"PERSON,ORDINAL",0,1227,4839,7,0,0.3105277121067047,0.0899597406387329,0.0,0.1592844128608703,0.1995485126972198,0.2198137640953064,0.0,0.0
8.918248591035702,8.867850063029406,203,comics,33,10.0,0.0,,1,2,4,15.194750847520003, CA,1,0,1,87, Sania Omar,Kickstarter,1577143,1528992,link,18,1,1,19,4.859199999999998,34.0,1.5245491212500133,4.593072183725112,1.1723993699612762e-05,5.897800019022651e-05,8.495821376181906e-05,5.4211111194869664e-05,0.2,0.4,9.385483569475312e-05,8.56607942406043e-05,2.708558776787139e-05,7.330019164528918e-05,"NORP,PERSON,GPE,CARDINAL",0,1228,4839,1,0,0.1730140745639801,0.0828936472535133,0.1853029727935791,0.1676892191171646,0.0,0.3781383037567138,0.0,0.0
11.153742235053578,11.02679245379461,748,design,30,7.0,0.0,1.0,1,3,4,15.837971611150978, UK,0,1,10,8, Patricia Finegan,Kickstarter,1577179,1528960,link,13,4,3,13,2.1471212121212133,34.6060606060606,0.8745166805254015,2.3977161509611493,8.441727048754778e-05,7.658167347424892e-05,8.655404934714011e-05,6.170538947512581e-05,8.33870904068819e-05,3.767882756974733e-05,0.5,9.489176773650688e-05,4.6097900533655264e-05,7.016857961992708e-05,"DATE,CARDINAL,LAW",0,1229,4839,0,0,0.2951882183551788,0.0,0.2009139209985733,0.0596398450434207,0.1784132421016693,0.135526955127716,0.1222430020570755,0.0
8.862959249234457,8.841014310483892,108,art,30,14.0,0.0,1.0,1,2,0,14.575639054856664, France,0,1,2,5, Julien Pierre Pacaud,Kickstarter,1577179,1528953,link,15,2,3,15,13.736666666666665,45.77777777777778,0.5090600125906222,1.6637265776651664,3.1098304001036325e-05,7.110127187737362e-05,4.432944683341065e-05,1.0,6.626514090969177e-05,6.82809729186033e-05,6.874724300178365e-05,5.391196131502097e-05,3.718725395377101e-05,9.3849956666802e-05,"PERSON,ORG,ORDINAL,CARDINAL,WORK_OF_ART",0,1230,4839,0,0,0.2523230910301208,0.0490317940711975,0.2296212315559387,0.1066864728927612,0.2283184975385666,0.1220821887254715,0.0,0.0
7.370860166536716,8.517193191416238,43,crafts,30,4.0,0.0,1.0,0,2,3,16.219877932364952, OH,0,1,1,1, Amanda Johnson,Kickstarter,1577174,1528953,link,17,2,1,17,6.335454545454546,38.272727272727266,0.2664263580931955,1.305291461643698,1.2709348499018704e-05,4.8904415900935176e-05,5.411813127006402e-05,1.0,1.738852539316967e-05,3.377532534791664e-05,9.28435985535057e-05,5.575891623353532e-05,8.313620279837504e-05,8.985075818294743e-05,"PERSON,LOC,ORG",0,1230,4839,0,0,0.0,0.4927836954593658,0.0,0.3024846017360687,0.0,0.0,0.1679360717535019,0.0
10.005307859041949,9.822819649468672,241,fashion,25,16.0,0.0,1.0,1,2,2,15.837971611150978, UK,0,1,1,0, Emily Eve Dring,Kickstarter,1577143,1528892,link,20,5,2,23,6.120000000000001,33.0,0.1938832242635786,1.2139545142464383,3.389467666861651e-05,7.735567205887689e-05,8.083625524515385e-05,8.438506002826553e-05,4.1313752294182565e-05,2.9113230531939103e-05,3.8311449462738607e-05,1.224392811985266e-05,7.306138799321534e-05,4.70769857867605e-05,PERSON,0,1233,4839,2,1,0.3375501930713653,0.0125077636912465,0.3167385458946228,0.0125151816755533,0.012519639916718,0.0125192115083336,0.0125072496011853,0.2831422388553619
9.037176752966994,8.987196820661973,82,music,60,9.0,0.0,,1,1,0,13.410750701107972, MA,0,1,1,2, Jason Burdick,Kickstarter,1577143,1528892,link,6,0,0,7,11.621363636363633,49.272727272727266,0.7087142002001545,2.031377633752766,7.10649971463374e-05,0.125,8.552555294592675e-05,0.125,0.125,0.25,9.500461852124618e-05,0.125,7.025274353279735e-05,0.125,"PERSON,GPE,ORDINAL,CARDINAL,WORK_OF_ART",0,1233,4839,0,1,0.0,0.2104610353708267,0.1679591387510299,0.0694784820079803,0.0894903913140297,0.0529778748750686,0.3509832918643951,0.0534155331552028
6.19644412779452,7.51425465281641,23,art,44,1.0,0.0,1.0,0,1,0,13.669469241521591, UK,0,1,1,0, Alexander Robert Kenneth Ferguson,Kickstarter,1577155,1528875,link,1,1,2,2,16.577894736842104,55.84210526315789,0.5275235186930816,1.6947301399582488,0.125,4.850565135643477e-05,5.860966950296118e-05,2.934572051412287e-05,0.125,0.25,0.125,0.125,1.615643534100005e-05,0.125,,0,1235,4839,0,1,0.0702500194311142,0.1240412890911102,0.2390625178813934,0.0,0.5402927994728088,0.0,0.0,0.0
11.983628849330238,9.903487552536127,"1,706",food,45,11.0,0.0,1.0,1,2,1,13.744905673596724, TX,0,1,1,0, Brian Hack,Kickstarter,1577177,1528843,photo,31,4,6,34,13.47921052631579,45.315789473684205,0.6640057617057058,1.9425581951531472,7.4444497591793e-05,1.9409901233592183e-05,4.1354925409185165e-05,1.4358090377554225e-05,1.2815382769451152e-05,0.6,1.5377589234716245e-05,3.8789737135600434e-05,6.309286461503964e-05,9.847424535639422e-05,ORG,0,1236,4839,3,0,0.0125435544177889,0.0125460661947727,0.1138218790292739,0.6845976114273071,0.1388458609580993,0.0125433579087257,0.0125426165759563,0.0125589650124311
10.398641006907823,11.002099841204238,305,design,45,10.0,0.0,1.0,0,2,0,13.52148977157899, Rwanda,0,1,1,0, Emily Packer,Kickstarter,1577197,1528833,link,91,5,27,99,13.005652173913042,53.434782608695656,0.5576686657062417,1.7465958513212234,7.35621546299736e-05,6.512405563873751e-05,9.921398488705392e-05,3.947383079858178e-05,7.850927715864746e-05,6.553461230089762e-05,0.5,3.844021316922925e-05,0.5,8.616917776304572e-05,"DATE,QUANTITY,PERCENT",0,1237,4839,8,0,0.1052490249276161,0.5371436476707458,0.0,0.0,0.0,0.1383238434791565,0.1992499679327011,0.0
11.217023031071593,11.362102575235644,514,design,43,14.0,0.0,1.0,0,2,0,15.9166075437284, NY,0,1,5,45, steve kroeter,Kickstarter,1577180,1528851,link,8,0,1,9,12.049545454545452,40.18181818181819,0.729168080972021,2.073355026503435,4.0597467741392335e-05,9.577654917599232e-05,7.494926945357418e-05,0.1666666666666666,4.315171217395374e-05,0.5,0.1666666666666666,7.666771573257157e-05,8.27245107100716e-05,0.1666666666666666,"NORP,PERSON,WORK_OF_ART,DATE",0,1238,4839,1,0,0.3252376019954681,0.0531052313745021,0.0,0.0535165145993232,0.0,0.1258198320865631,0.095561072230339,0.3358376026153564
12.394931123357752,11.156250521031495,"1,033",design,21,13.0,0.0,1.0,1,2,1,13.744905673596724, TX,0,1,10,6, Greg McEvilly,Kickstarter,1577190,1528830,link,35,6,4,38,6.977727272727272,33.72727272727273,0.9876509301881772,2.6849199941724367,8.51114611230065e-05,4.6170883716036993e-05,2.275436874228152e-05,1.0,2.2773723603291625e-05,6.777008283023546e-05,8.602886724013102e-05,6.356015280753999e-05,4.7115704967809354e-05,9.986055862667508e-05,"PRODUCT,ORG,CARDINAL,TIME",0,1239,4839,3,0,0.0,0.0,0.2578555345535278,0.3923194408416748,0.228975161910057,0.102958358824253,0.0,0.0
13.821743095290577,11.918390573078392,"3,453",technology,30,20.0,0.0,1.0,1,2,1,11.583840487939831, CO,0,1,1,1, Jonathan Carroll,Kickstarter,1577191,1528798,link,13,4,2,13,4.059374999999999,26.75,1.0675601255599358,2.908275010607338,1.5562761462030038e-05,8.724622019977955e-05,8.757189534739414e-05,9.144034304481246e-05,3.1577627467481523e-05,1.0,9.805967475474476e-05,3.338825613669211e-05,6.348831438802337e-05,9.849856775576984e-05,"PRODUCT,ORDINAL,ORG",0,1241,4839,0,0,0.2577056586742401,0.2253965437412262,0.0,0.0,0.159980222582817,0.3376302421092987,0.0,0.0
8.165215768258559,8.083328608786376,56,art,30,8.0,0.0,1.0,1,2,4,15.047007280023903, Germany,0,1,1,0, Nora Carolin Wagner,Kickstarter,1577206,1528796,link,25,1,6,27,7.437857142857144,42.57142857142857,0.3787159396970214,1.4604081328408125,5.0204307453266834e-05,7.346018319750955e-05,9.703498629054792e-05,6.278209948364926e-05,0.2,0.2,8.61500845888379e-05,0.1,1.539829152276358e-05,0.2,"EVENT,GPE,DATE,ORDINAL,TIME",0,1243,4839,2,0,0.3121854662895202,0.08528733253479,0.0,0.1300228685140609,0.0,0.0658622682094574,0.3955787718296051,0.0
8.238008249218403,7.824046010856292,155,comics,30,17.0,0.0,1.0,1,2,2,15.194750847520003, CA,0,1,4,153, Jason Reeves,Kickstarter,1577190,1528771,link,11,1,3,11,13.119999999999996,35.63636363636363,0.6355768844323427,1.8881110492123985,0.0909090909090909,0.0909090909090909,5.147931490236653e-05,0.1818181818181818,0.0909090909090909,0.0909090909090909,0.0909090909090909,0.0909090909090909,1.9035212568099593e-05,0.0909090909090909,"WORK_OF_ART,NORP,ORG,CARDINAL",0,1244,4839,0,0,0.0,0.0,0.3492616415023803,0.1427368074655532,0.0,0.2033991664648056,0.2807437479496002,0.0
9.646722582719068,9.615805480084347,330,publishing,29,10.0,0.0,1.0,1,1,1,14.64870833488698, NY,1,0,6,8, Porter Fox,Kickstarter,1577175,1528763,link,12,3,1,13,7.445999999999998,45.0,0.2732534146865472,1.3142332486356818,7.784812744389217e-05,6.312691645800397e-05,5.8194974388013626e-05,1.682684072154287e-05,9.02866034561302e-05,5.3792250552140575e-05,9.042898240557002e-05,2.7808567124107057e-05,5.932503245426784e-05,9.715494883895028e-05,"DATE,ORG",0,1245,4839,1,0,0.2717620134353637,0.3847852349281311,0.0,0.0,0.3121524155139923,0.0,0.0,0.0
10.436025743207768,9.825526011066415,"1,063",journalism,30,13.0,0.0,1.0,1,1,2,12.484802264083928, NJ,1,0,3,41, Neil Clarke,Kickstarter,1577174,1528672,link,16,1,3,17,13.532999999999994,50.0,0.5705420905445896,1.7692258721429668,9.060065633186548e-05,1.6751988000362637e-05,5.530636979600155e-05,1.0,2.3184903980602905e-05,8.84848288447743e-05,7.521643826413941e-05,4.947386262421535e-05,7.773072794345969e-05,3.4825432234831e-05,"PERSON,NORP,LANGUAGE,ORG,ORDINAL,CARDINAL,TIME",0,1249,4839,1,0,0.2438117265701294,0.0,0.0,0.530315101146698,0.1016809791326522,0.0734361782670021,0.0,0.0382283218204975
11.018328589797092,10.864320773300143,"2,824",games,30,12.0,0.0,1.0,1,1,1,14.28551418721001, Canada,0,1,1,0, Johan Vinet,Kickstarter,1577227,1528674,link,14,4,5,18,12.1575,49.0,0.8308803630727541,2.2953385823639105,0.1428571428571428,0.1428571428571428,9.95528102505432e-05,5.838083349244426e-05,0.1428571428571428,0.1428571428571428,0.1428571428571428,5.19448216917814e-05,0.1428571428571428,5.050687491246152e-05,"PRODUCT,GPE,ORG",0,1250,4839,4,0,0.0,0.0605658963322639,0.079176440834999,0.0,0.0,0.3246810436248779,0.2196689993143081,0.3008705079555511
11.79087533277759,9.210340371976184,417,publishing,32,17.0,0.0,1.0,1,2,0,10.250263664295613, NY,0,1,34,14, Luke Pontifell,Kickstarter,1577257,1528696,link,9,1,1,12,13.946875,59.75,0.3394389566755246,1.404159575172728,9.182577376482272e-05,0.1428571428571428,1.2296219397829267e-05,7.284582339675326e-05,2.4065556265866425e-05,0.1428571428571428,0.2857142857142857,0.1428571428571428,2.539293816193295e-05,0.1428571428571428,"WORK_OF_ART,PERSON,ORG",0,1251,4839,2,1,0.1765594482421875,0.0,0.0,0.0,0.0,0.1688520610332489,0.3753147423267364,0.2554204761981964
11.932944154085904,11.918390573078392,345,theater,30,12.0,0.0,1.0,1,1,1,12.996806957126934, FL,0,1,1,0, Jessica Dornbusch,Kickstarter,1577257,1528696,link,12,0,1,14,11.96125,40.666666666666664,0.5354800258446414,1.7082680582895813,0.1538461538461538,0.0769230769230769,9.098632054063914e-05,0.1538461538461538,0.0769230769230769,0.1538461538461538,0.0769230769230769,0.0769230769230769,0.0769230769230769,0.0769230769230769,"PERSON,GPE,DATE,NORP,WORK_OF_ART",0,1251,4839,0,2,0.1121857985854148,0.0,0.0,0.0,0.2747773230075836,0.1133789345622062,0.0,0.4823985695838928
10.767192365469784,10.670117509855876,312,food,37,10.0,0.0,1.0,1,2,1,15.837971611150978, UK,0,1,1,1, Jeremy  Pang,Kickstarter,1577280,1528726,link,18,14,1,22,10.663600000000002,33.0,0.9677963788271526,2.6321378292469713,3.824902688635246e-05,9.060861073617266e-05,7.816076026052962e-05,1.0,7.146943716120124e-05,1.7459962403079007e-05,5.115384327107562e-05,3.7992979702090346e-05,4.868518864993386e-05,4.516740471793143e-05,"PERSON,ORDINAL,ORG,TIME",0,1252,4839,2,2,0.0,0.6818468570709229,0.0,0.0560376942157745,0.2360243201255798,0.0,0.0,0.0
11.79704700624723,11.589886506106357,476,publishing,33,7.0,0.0,1.0,1,1,5,14.29888502284722, Spain,0,1,9,5, Jordi Anton Sala,Kickstarter,1577314,1528761,link,32,1,6,32,10.129285714285714,49.714285714285715,0.6880448005183158,1.989821229976321,5.783094227703749e-05,7.301694333646478e-05,8.957535926597975e-05,6.013691577769873e-05,6.051267662598658e-05,3.4927917936566594e-05,6.868352297518339e-05,9.881817919571464e-05,2.362063484643598e-05,6.785644535840873e-05,"PERSON,CARDINAL",0,1254,4839,0,0,0.4024342000484466,0.1170708909630775,0.0,0.0,0.0,0.0,0.2534010708332062,0.1957448124885559
7.335614425021494,6.259151161172864,42,art,60,7.0,0.0,1.0,1,1,3,13.304684934198283, Canada,0,1,1,0, Erin Saguenay Green,Kickstarter,1577374,1528774,link,8,1,1,8,9.945999999999998,40.0,0.2287984319374922,1.2570886245521151,6.364737597144755e-05,9.201305366508593e-05,2.8611672972184585e-05,0.25,3.443390975283002e-05,0.25,3.3119439252239005e-05,6.396243823704231e-05,2.3491149823194825e-05,0.25,CARDINAL,0,1256,4839,0,0,0.3832375109195709,0.5541813969612122,0.0104302177205681,0.0104262763634324,0.010451128706336,0.010428468696773,0.0104224160313606,0.0104225790128111
9.3487971151232,8.006367567650246,150,journalism,30,5.0,0.0,1.0,1,1,2,12.253919507787362, NY,0,1,6,1, Christopher Hurley,Kickstarter,1577413,1528803,link,18,4,2,18,6.881875000000001,22.25,0.3560828042260306,1.4277257650963135,5.920261138649171e-05,0.1428571428571428,2.732326909933795e-05,0.1428571428571428,0.1428571428571428,0.1428571428571428,2.0554062898832708e-05,3.548328305809289e-05,0.1428571428571428,0.1428571428571428,"ORG,CARDINAL",0,1258,4839,0,0,0.0,0.3967074453830719,0.0,0.0,0.0,0.5675231218338013,0.0,0.0
10.266740811834984,10.126631103850338,368,design,31,13.0,0.0,1.0,1,1,1,14.816343153421665, IL,1,0,15,223, Craighton Berman,Kickstarter,1577432,1528803,link,11,1,1,11,6.689999999999998,39.33333333333333,0.0382900609263239,1.0390325719233366,7.597000965003609e-05,7.766886199322718e-05,2.2974405434953263e-05,1.159227308090335e-05,6.180394121806203e-05,0.5,3.1790191674937e-05,1.2834374812844154e-05,7.043982952157499e-05,6.258960195418664e-05,"DATE,ORG",0,1259,4839,0,0,0.0,0.0,0.3131183683872223,0.0,0.5183917880058289,0.0,0.1316625922918319,0.0
8.700347734514084,8.294049640102028,85,dance,14,8.0,0.0,1.0,1,1,1,13.436372336049692, WA,1,0,2,20, Ella Mahler,Kickstarter,1577432,1528803,video,9,0,5,5000,27.19375,50.375,0.7036707693839086,2.021158313075387,0.125,2.2605810342304283e-05,9.414068036658168e-05,0.25,2.054381500686455e-05,0.375,0.125,8.026601348825688e-05,3.9216614667644696e-05,0.125,"WORK_OF_ART,PERSON,ORDINAL,ORG",0,1259,4839,1,0,0.2098956704139709,0.0156436525285244,0.1594674736261367,0.0156471859663724,0.015652235597372,0.0156496874988079,0.3493411242961883,0.2187030017375946
12.920113943278736,10.842939969631576,744,photography,60,15.0,0.0,1.0,1,1,1,15.7632387676311, Hong Kong,0,1,2,0, Chung Chuen Lam,Kickstarter,1577484,1528807,video,5,0,4,3822,24.95125,45.85714285714286,1.615469195553282,5.030247539642262,1.9400906629013628e-05,9.660623875053282e-05,5.608706085439111e-05,1.0,5.714920224112388e-05,5.377901127291044e-05,1.2433495002101572e-05,9.99841375177176e-05,9.597017802684749e-05,7.588695427552061e-05,PRODUCT,0,1261,4839,2,0,0.0,0.4686934053897857,0.0,0.0,0.241884097456932,0.0,0.2476811110973358,0.0
9.215526898663482,8.779557455883728,113,fashion,32,7.0,0.0,1.0,1,1,0,15.194750847520003, CA,1,0,1,0, Rebecca HEARN,Kickstarter,1577482,1528855,video,6,0,4,4049,25.1376,36.5,0.7095527006244493,2.0330816590737086,0.1666666666666666,0.1666666666666666,6.582070472812806e-05,1.7776824378412506e-05,0.1666666666666666,0.1666666666666666,0.1666666666666666,0.1666666666666666,7.220373344337424e-05,5.566333330941743e-05,"WORK_OF_ART,PERSON",0,1262,4839,0,0,0.0139036821201443,0.0138993365690112,0.0139026958495378,0.013903453014791,0.4604049921035766,0.0139276003465056,0.1908048689365387,0.2792533338069916
8.955513668586288,8.91841062424483,180,games,40,14.0,0.0,1.0,1,1,0,11.756326442104871, Poland,0,1,34,1, Peter Wieckowski,Kickstarter,1577525,1528826,link,9,2,1,10,16.438235294117646,58.17647058823529,0.6060114029209431,1.833105279661457,1.0,7.68211807792201e-05,1.63924892201153e-05,9.450018995187764e-05,2.9842689293477544e-05,4.612288494819387e-05,7.118823087785255e-05,7.363654377694006e-05,6.912984836400819e-05,8.950730910099547e-05,"WORK_OF_ART,PERSON,NORP",0,1263,4839,1,0,0.0,0.0582605898380279,0.0879793167114257,0.0,0.4497211873531341,0.2921629548072815,0.0955326855182647,0.0
8.992930352509733,10.795383127575562,138,games,40,9.0,0.0,1.0,0,1,4,14.575639054856664, France,0,1,1,1, Hugo Moise Edouard Attal,Kickstarter,1577570,1528853,video,43,4,11,11219,20.021428571428565,35.285714285714285,1.37375184952104,3.9501432714998943,1.2919910144246828e-05,4.9955046429404706e-05,1.9553018753925263e-05,5.6139530083056767e-05,6.17923600890778e-05,9.36542072839796e-05,4.359444849064069e-05,3.9737302385732274e-05,8.158275242237135e-05,3.499941710494579e-05,"DATE,CARDINAL,PRODUCT",0,1264,4839,9,0,0.0,0.6418684720993042,0.0720295459032058,0.0,0.0,0.0,0.0,0.2469674497842788
9.381312770013244,5.910796644040527,250,design,30,11.0,0.0,1.0,1,1,5,11.676429409181685, UK,0,1,13,7, Nia Charlene Gould,Kickstarter,1577570,1528853,link,21,3,4,26,13.068571428571424,49.57142857142857,0.4943547899033303,1.6394401144226922,5.79062688356309e-05,7.795845705683319e-05,3.50706442104762e-05,1.9795809054479156e-05,0.2,0.4,9.405741391792288e-05,1.7622132220819598e-05,1.6429973815047753e-05,0.2,"DATE,PERSON,CARDINAL",0,1264,4839,5,0,0.0,0.1578580886125564,0.1964394599199295,0.0,0.0,0.1197549700736999,0.5050806403160095,0.0
11.211617648936636,9.798127036878302,"1,309",food,30,12.0,0.0,1.0,1,1,1,15.9166075437284, NY,1,0,1,11, Lisa Carson,Kickstarter,1577607,1528883,link,31,27,4,42,8.532999999999998,40.0,0.8879102193633112,2.430046078123241,2.552714892517259e-05,3.389897663229173e-05,9.087506268708e-05,0.25,7.086851230871933e-05,0.75,6.236657956850193e-05,7.115388958456163e-05,4.6756937657040795e-05,9.06335690563484e-05,"DATE,PERSON,ORG,PRODUCT",0,1265,4839,4,7,0.5584267973899841,0.2620377242565155,0.0,0.0,0.0,0.0682235434651374,0.0,0.0904387384653091
8.33382789011044,8.213381737034572,98,journalism,28,4.0,0.0,1.0,1,1,0,15.837971611150978, UK,0,1,1,2, Victoria Evadne Anderson,Kickstarter,1577765,1528969,link,6,1,0,8,7.620000000000001,38.272727272727266,0.8947849469408319,2.44680953900189,0.0833333333333333,0.0833333333333333,8.9206903799546e-05,0.1666666666666666,9.126215518185265e-05,0.1666666666666666,0.0833333333333333,0.0833333333333333,0.0833333333333333,0.1666666666666666,"WORK_OF_ART,ORG,GPE,CARDINAL",0,1267,4839,2,0,0.0,0.1279087662696838,0.3160035908222198,0.131764069199562,0.1988640427589416,0.1507261991500854,0.0638389214873313,0.0
9.843790625278,9.798127036878302,221,film_Video,30,16.0,0.0,1.0,1,1,1,14.07794558915851, TX,1,0,3,27, Ryan Polly,Kickstarter,1577840,1529044,link,12,2,3,15,10.783750000000005,40.666666666666664,0.7953697990730959,2.215260046464687,0.125,0.125,6.670844645098705e-05,8.702556629454277e-05,8.800468553408038e-05,0.125,0.25,0.125,1.504022024290413e-05,9.666199678775218e-05,"WORK_OF_ART,PERSON,ORDINAL",0,1270,4839,3,0,0.0,0.0547078661620616,0.0749678686261177,0.2512660026550293,0.3619516491889953,0.0553246885538101,0.1913408041000366,0.0
10.112757225140074,9.983121361237258,659,comics,31,15.0,0.0,1.0,1,1,1,13.356744351705224, Canada,0,1,10,201, Hope Laura Nicholson,Kickstarter,1577840,1529044,link,10,2,0,10,11.947142857142858,54.33333333333333,0.4545526788080865,1.5754684849473102,3.0386946343249515e-05,0.1666666666666666,9.779337932029852e-05,0.1666666666666666,6.441103600144736e-05,6.021503773380728e-05,0.3333333333333333,0.1666666666666666,0.1666666666666666,7.267584640722986e-05,"DATE,PERSON,ORDINAL,WORK_OF_ART",0,1270,4839,0,0,0.0476349554955959,0.0,0.4997201561927795,0.1401262730360031,0.0,0.1467608511447906,0.1182281598448753,0.0396985635161399
9.726452000171411,9.615805480084347,168,technology,31,9.0,0.0,1.0,1,1,2,15.9166075437284, NY,0,1,3,15, Michael Levinton,Kickstarter,1577876,1529055,link,9,0,0,9,5.372500000000002,12.0,0.261608965104344,1.299018481544702,8.386265446901015e-05,8.938433674069288e-05,3.8355928773482264e-05,9.586786177321428e-05,8.889873454924718e-05,1.1635103883445026e-05,2.740789115501953e-05,3.5921571765993496e-05,6.403175929518239e-05,3.6115592764539665e-05,"PERSON,GPE,DATE,ORG,WORK_OF_ART",0,1273,4839,0,0,0.3988551795482635,0.0,0.0,0.0,0.1664590835571289,0.2313015460968017,0.1770265251398086,0.0
10.560541125447834,9.210340371976184,"1,083",design,30,5.0,0.0,1.0,1,1,3,15.194750847520003, CA,0,1,7,188, Shing Khor,Kickstarter,1577888,1529043,link,37,10,5,39,14.502857142857144,71.14285714285714,0.3007796556208457,1.3509116429538564,0.1111111111111111,1.0304906318437523e-05,2.3470975501340395e-05,0.1111111111111111,0.1111111111111111,0.2222222222222222,0.1111111111111111,8.282259462848224e-05,4.76083015764999e-05,0.2222222222222222,"DATE,PERSON,CARDINAL",0,1274,4839,2,0,0.0,0.0,0.1107782647013664,0.0,0.3588069081306457,0.4075782299041748,0.0,0.0989613607525825
8.310339733117193,7.404282769886961,130,technology,30,15.0,0.0,1.0,1,1,4,9.184304357425342, Canada,1,0,43,1, Patrick Thomas Mitchell,Kickstarter,1577881,1529030,link,16,1,0,17,10.4752,37.0,0.7413770233900546,2.098823654783863,5.200238087959676e-05,0.3333333333333333,7.29083262349679e-05,9.653651259641372e-05,9.204028129063868e-05,0.3333333333333333,0.3333333333333333,6.135419020507427e-05,4.3216055446843054e-05,7.837042493145551e-05,"PERSON,ORG,ORDINAL,CARDINAL,PRODUCT",0,1275,4839,1,0,0.1602725833654403,0.5181979537010193,0.0,0.0,0.1110183522105217,0.0,0.1932173818349838,0.0
7.731053144007127,7.313220387090301,35,fashion,60,14.0,0.0,1.0,1,12,2,12.996806957126934, FL,1,0,1,2, Kali Kahn,Kickstarter,1577894,1529023,link,13,0,0,13,10.596666666666671,45.77777777777778,0.5163178848774319,1.6758456187128918,8.568178393626164e-05,1.1258354167422828e-05,9.185491386466444e-05,9.785886452167896e-05,0.25,0.25,3.9879713334396e-05,3.7545323108851144e-05,2.3214995240619353e-05,0.25,"WORK_OF_ART,PERSON,LOC",0,1276,4839,0,0,0.2119451761245727,0.0,0.0864393934607505,0.0,0.1060456857085228,0.1653071641921997,0.0661967024207115,0.349325954914093
8.422662707570003,8.006367567650246,129,theater,21,8.0,0.0,1.0,1,1,3,14.64870833488698, NY,0,1,1,12, John Del Gaudio,Kickstarter,1577894,1529023,link,25,8,1,30,9.101052631578948,35.815789473684205,0.5960854973929083,1.815000053862112,0.25,6.527464323545791e-05,3.677765980559401e-05,7.791457290727183e-05,2.8863004452371107e-05,0.25,0.5,5.194067938974977e-05,7.9738998631411e-05,7.793931115977687e-05,"GPE,DATE,ORG,WORK_OF_ART,FAC",0,1276,4839,1,4,0.0,0.0483793728053569,0.0,0.2120831459760666,0.0720895752310752,0.2647071480751037,0.3332935571670532,0.0604905225336551
12.979111457736863,12.976180867226248,"1,689",crafts,41,7.0,0.0,1.0,1,12,4,14.230937217984762, Sweden,0,1,1,10, Alex Breton,Kickstarter,1577940,1529006,link,27,4,3,29,5.215714285714284,24.928571428571427,0.716173571005671,2.0465870887272506,4.4289214630156e-05,2.6937998351187605e-05,1.7569150401844544e-05,6.0706195837572495e-05,7.572545266185505e-05,2.589210752405176e-05,1.448852867374372e-05,9.990353433818088e-05,6.615783318734339e-05,6.936367251997339e-05,"DATE,PERSON,ORDINAL",0,1277,4839,2,0,0.0,0.6296345591545105,0.0,0.1586717367172241,0.0,0.0,0.0,0.1748531907796859
6.81783057145415,8.934586870389676,28,art,46,16.0,0.0,1.0,0,12,2,12.127170120934132, Italy,0,1,1,0, roberta bellino,Kickstarter,1578008,1529023,link,31,2,8,31,10.065882352941175,46.411764705882355,0.5451086734925578,1.724795811776762,8.275651650043219e-05,5.2833402762846695e-05,4.676706061874763e-05,8.73801689473447e-05,0.5,0.5,1.5664235896219734e-05,4.573754727221735e-05,9.413079447343763e-05,1.639252002159204e-05,,0,1278,4839,0,0,0.0104780411347746,0.0104532204568386,0.0104323625564575,0.0104483123868703,0.0104479072615504,0.1905797272920608,0.2256643623113632,0.5314961075782776
10.72753140789784,8.517193191416238,568,publishing,37,15.0,0.0,1.0,1,12,2,10.334880282654208, NY,1,0,2,3, Michael Demo,Kickstarter,1578008,1529023,photo,47,2,7,54,49.725,20.333333333333332,0.3910899456003867,1.478591500232483,8.412612496740762e-05,9.589113564609708e-05,6.66828987135506e-05,5.374857728755209e-05,1.9098858911235096e-05,8.256744825248743e-05,7.312374089363225e-05,5.291911500468818e-05,5.426819395612045e-05,9.294462939977032e-05,ORG,0,1278,4839,7,0,0.031288206577301,0.3351287841796875,0.0312633886933326,0.0312593579292297,0.0312777310609817,0.0313105694949626,0.4771754443645477,0.0312964841723442
7.94463045224223,6.421622267806518,57,art,30,6.0,0.0,1.0,1,1,1,11.221877735042144, UK,0,1,6,6, Simon Robert Bonner,Kickstarter,1578066,1529063,photo,26,3,4,26,19.190909090909095,51.18181818181819,0.5152336609240533,1.6740296114081277,4.461499683808914e-05,7.584813135278993e-05,7.44945648008545e-05,0.0714285714285714,0.1428571428571428,0.2857142857142857,0.0714285714285714,0.0714285714285714,4.290171459516627e-05,0.2142857142857142,"PERSON,GPE,CARDINAL",0,1279,4839,0,0,0.0156393684446811,0.0156561732292175,0.0156384352594614,0.0156353954225778,0.5009810328483582,0.015649301931262,0.1477373391389846,0.273062914609909
11.918997055797233,10.819778284410283,888,technology,60,9.0,0.0,1.0,1,1,1,14.148353359002384, CA,0,1,5,26, Hansol Hong,Kickstarter,1578066,1529063,link,26,3,3,29,15.090526315789468,55.84210526315789,0.4439115700793412,1.5587926356178814,0.0769230769230769,3.6806261352401966e-05,9.464389632723248e-05,0.1538461538461538,0.0769230769230769,0.3076923076923077,5.408353790802223e-05,8.60690607740598e-05,2.6916049779090732e-05,0.2307692307692307,"PRODUCT,ORG",0,1279,4839,3,0,0.0,0.3664178848266601,0.0,0.0867007970809936,0.0,0.2671453356742859,0.0804586037993431,0.1804901212453842
11.920302078320963,9.903487552536127,"4,321",music,28,9.0,0.0,1.0,1,1,2,14.64870833488698, NY,1,0,1,1, Jonathan Coulton,Kickstarter,1578082,1529121,link,12,2,2,14,6.083846153846153,28.384615384615387,0.383045118681994,1.466744206140902,9.392993905773808e-05,8.188186338373263e-05,5.16993345205024e-05,5.83585025709743e-05,6.492189468271139e-05,1.0,1.1210637637424345e-05,6.0924600713601734e-05,3.0418789907571386e-05,9.508635926666934e-05,"DATE,PERSON,WORK_OF_ART",0,1280,4839,2,0,0.0965276062488555,0.0469187684357166,0.3849129974842071,0.058447066694498,0.1143346577882766,0.1660538911819458,0.1275808066129684,0.0
10.214528384977658,10.196138509608492,35,crafts,44,12.0,0.0,1.0,1,12,5,13.608239125490638, Mexico,1,0,1,0, Elizabeth Moreno Damm,Kickstarter,1578082,1529121,link,12,1,1,14,15.044999999999996,56.88888888888889,0.2245015433995083,1.251698643217601,2.067793891674223e-05,7.528709108736734e-05,3.7056421588478373e-05,9.010431188865468e-05,1.5360991783815896e-05,6.923165243384912e-05,4.0982130952321586e-05,6.482156593038794e-05,1.4062634039261335e-05,3.760039485013141e-05,"PERSON,ORG,ORDINAL,WORK_OF_ART,LOC",0,1280,4839,2,0,0.4377862513065338,0.0,0.0,0.0,0.2122837752103805,0.0,0.1124273240566253,0.2147277295589447
9.860192711382645,9.750336373041954,297,games,37,2.0,0.0,1.0,1,12,3,15.936165897399452, Japan,0,1,3,20, Naotaka Shimamoto,Kickstarter,1578085,1529138,link,21,1,3,22,6.649000000000001,40.0,0.6586905068286255,1.9322603951924653,6.907686431505913e-05,7.546575644613564e-05,1.1258271265556068e-05,9.131572948213528e-05,0.3333333333333333,8.517300347878663e-05,8.072702526332061e-05,8.415408620963509e-05,7.676922994261669e-05,9.108236750765948e-05,"DATE,CARDINAL",0,1282,4839,1,0,0.0634078681468963,0.3592146933078766,0.3385804295539856,0.0,0.0,0.0,0.2074216902256012,0.0
9.915034133456484,8.618846845142738,280,design,30,3.0,0.0,1.0,1,1,2,13.333078008699502, UK,0,1,4,58, Sebastian Burnett,Kickstarter,1578068,1529074,link,11,3,0,11,5.630526315789471,41.078947368421055,0.604221553047711,1.8298272308917407,6.515162519828594e-05,5.8427158858664885e-05,5.423087292112468e-05,9.562572606348262e-05,7.355731134683395e-05,1.6023075627096286e-05,2.198004519001229e-05,9.031189444929902e-05,1.1342383438815278e-05,9.168808281998604e-05,"DATE,MONEY,PERSON,CARDINAL",0,1284,4839,0,0,0.4675335586071014,0.1588498055934906,0.0,0.0838229432702064,0.0,0.0,0.2540039718151092,0.0
10.99874976930777,10.837992395780889,126,film_Video,60,9.0,0.0,1.0,1,12,2,14.217758496527752, Mexico,0,1,1,0, Luz Andrea Ruiz  Santiago,Kickstarter,1578072,1529082,link,13,6,0,13,9.9,36.33333333333333,0.0003824106330957,1.0003824837613633,6.955999592244747e-05,2.0456269751070187e-05,8.316576852824855e-05,1.712503004278259e-05,4.384312386350899e-05,2.4542108367383355e-05,4.1714136217533815e-05,1.0740551549226564e-05,2.051340431199477e-05,3.938035145156485e-05,"WORK_OF_ART,PERSON",0,1285,4839,0,0,0.0,0.0,0.3291948735713959,0.0,0.2003675699234008,0.0,0.0,0.4374822378158569
8.554367581508664,8.031060180240619,169,theater,60,10.0,0.0,1.0,1,12,3,12.39999333816748, UK,0,1,4,0, Lucy Jane Saunders,Kickstarter,1578072,1529082,link,8,5,0,8,11.162608695652176,49.086956521739125,1.1262166408559766,3.0839666471980447,1.6912274348297938e-05,5.99516671784762e-05,5.4543909190531255e-05,6.24210517422615e-05,5.1145752479825675e-05,1.0,1.948906837307254e-05,1.9694773131317428e-05,2.400471002650511e-05,3.107974964373917e-05,"NORP,ORDINAL,CARDINAL,WORK_OF_ART,LOC",0,1285,4839,0,0,0.0,0.3439545333385467,0.2388302683830261,0.0,0.2057421952486038,0.0,0.1875958740711212,0.0
8.998196106120341,8.906528917594517,341,technology,30,23.0,0.0,1.0,1,12,2,15.837971611150978, UK,0,1,1,0, Samantha Asumadu,Kickstarter,1578064,1529051,link,15,4,0,15,11.649,40.0,0.831751473924463,2.2973389478549016,1.0,9.46158456970951e-05,5.114085168412397e-05,9.239307425827432e-05,1.2906191541394727e-05,1.2703403177933102e-05,2.6330321279249475e-05,1.3431536092733022e-05,2.868589883891021e-05,3.586011593147756e-05,"GPE,ORG",0,1286,4839,0,0,0.0,0.2220572531223297,0.0,0.1886232793331146,0.3582459092140198,0.2015827000141143,0.0,0.0
8.091732089317759,8.002119892370674,56,journalism,30,9.0,0.0,1.0,1,12,5,13.304684934198283, Canada,0,1,1,0, Jayson McDonald,Kickstarter,1578074,1529040,link,7,4,0,7,3.678000000000001,5.0,0.0278785878477923,1.028270832267496,5.955970414967664e-05,7.858644880957532e-05,1.6120025528281964e-05,1.087256515009371e-05,4.017660885648229e-05,6.923405409619597e-05,5.4160274682254274e-05,3.542995093272599e-05,9.414000580482204e-05,1.7402118116118767e-05,"WORK_OF_ART,ORDINAL",0,1287,4839,0,0,0.1038863882422447,0.0,0.4458626806735992,0.0,0.0,0.0,0.2234271913766861,0.2004212886095047
9.1874810778301,8.922658299524402,162,theater,36,11.0,0.0,1.0,1,12,2,14.64870833488698, NY,0,1,1,0, Marcus Im,Kickstarter,1578054,1529040,link,7,3,0,7,11.503999999999998,55.0,0.3759273944412123,1.4563413914518804,4.62886980519927e-05,3.5661985766263786e-05,3.25451437196233e-05,5.274120626478664e-05,9.092143909059508e-05,0.5,0.5,2.6592005458499096e-05,1.087519084087541e-05,2.9303528285214785e-05,PERSON,0,1288,4839,0,0,0.0104351621121168,0.010424792766571,0.1269136220216751,0.3765652179718017,0.4443592131137848,0.010424792766571,0.0104486271739006,0.0104285171255469
11.137868313033447,11.127262984158245,494,food,50,20.0,0.0,1.0,1,11,1,14.262133604157334, AZ,1,0,1,2, Megan Greenwood,Kickstarter,1578062,1529036,link,16,5,4,19,7.405909090909088,42.81818181818181,0.4641742789758635,1.5907001718810072,4.361121506194347e-05,7.10898385168386e-05,9.296510589703963e-05,7.777567416586602e-05,6.918603345118202e-05,1.0,9.917552144582911e-05,3.817864301452286e-05,3.7238141187764474e-05,6.57391377165339e-05,"GPE,ORG,PERCENT",0,1289,4839,2,1,0.0,0.1481424421072006,0.0,0.5049082040786743,0.1657186150550842,0.1162801384925842,0.051527950912714,0.0
10.76808743732492,10.62230247984465,336,music,42,4.0,0.0,1.0,1,11,3,13.839253451421484, Ireland,0,1,1,8, Marian Ilecko,Kickstarter,1578062,1529036,photo,37,6,10,42,15.041714285714283,54.642857142857146,0.9849458634453578,2.6776669208355974,1.952868863918164e-05,5.581031009343564e-05,2.969816430965922e-05,0.5,8.132291629393351e-05,0.5,5.709304134059572e-05,1.4445286856278804e-05,1.1396146693103408e-05,4.615814119762515e-05,"GPE,PRODUCT",0,1289,4839,5,0,0.0139086637645959,0.3319859802722931,0.3492976427078247,0.0139545882120728,0.0139003582298755,0.2491320222616195,0.0139141902327537,0.0139064872637391
10.294718500616469,10.126631103850338,469,journalism,44,10.0,0.0,1.0,1,12,1,15.194750847520003, CA,0,1,1,9, Maria Bustillos,Kickstarter,1578066,1528949,link,3,1,1,3,17.269411764705886,58.17647058823529,0.7639472642320089,2.1467332418083465,7.583377237328042e-05,7.994450765850355e-05,3.3309646596966944e-05,8.863414164152999e-05,0.1666666666666666,0.3333333333333333,6.391064914314903e-05,0.1666666666666666,4.63103407315716e-05,0.1666666666666666,"LOC,ORG",0,1293,4839,0,0,0.3612914383411407,0.1580027192831039,0.0,0.3061777353286743,0.0,0.1411241441965103,0.0,0.0
8.591558273371545,9.392661928770137,153,journalism,30,7.0,0.0,1.0,0,12,0,13.357133477695209, OR,0,1,1,11, Monica Kish,Kickstarter,1578075,1528951,link,15,3,3,15,13.946875,53.5,0.3999599108068284,1.4917648927915603,0.25,5.063917248757508e-05,8.328045952657638e-05,0.25,7.060923113492667e-05,3.902381846245849e-05,0.25,0.25,7.201317421349494e-05,7.725361672312723e-05,"PERSON,LOC",0,1294,4839,0,0,0.0,0.0,0.0,0.0999393239617347,0.3493354916572571,0.3527132868766784,0.0,0.1667087078094482
10.06726955901622,10.021270588192513,331,food,25,14.0,0.0,1.0,1,12,2,13.958411048202212, Denmark,0,1,1,1, Louis Bro Rasmussen,Kickstarter,1578076,1528951,link,15,1,0,15,12.859473684210528,61.10526315789473,0.6365260053585062,1.889903945623286,0.2,5.059684646423737e-05,6.846968471225749e-05,9.287754086633894e-05,7.187482780277608e-05,0.2,0.2,0.2,1.744754628480413e-05,5.9211957042618385e-05,"DATE,NORP,GPE,ORG",0,1295,4839,0,0,0.0,0.1021428108215332,0.0,0.1340304166078567,0.0,0.4525855481624603,0.0,0.2754660546779632
10.077272778307796,10.900749791385406,295,film_Video,30,21.0,0.0,1.0,0,12,4,14.575639054856664, France,0,1,2,4, Frederic Jean China,Kickstarter,1578166,1528937,link,77,20,8,90,10.189090909090911,29.181818181818183,0.3740833116761566,1.453658252117734,1.0,2.3866815922577513e-05,7.166450805527676e-05,9.516672283945972e-05,7.978755118331856e-05,7.795769172144713e-05,9.722640735439656e-05,5.6886396544334624e-05,4.421242732540879e-05,9.003671623825263e-05,"NORP,PERSON,WORK_OF_ART",0,1298,4839,13,0,0.0,0.142690896987915,0.0,0.586898148059845,0.0,0.2312160283327102,0.0,0.0
10.55045989597546,10.545341438708522,283,film_Video,27,34.0,0.0,1.0,1,12,1,14.64870833488698, NY,0,1,14,0, Genevieve DeLaurier,Kickstarter,1578187,1528966,link,9,0,0,9,6.293125,34.75,0.4123001421766254,1.5102876693365768,5.7816461651583874e-05,6.818815889026594e-05,8.930530796267569e-05,7.008058916075545e-05,2.3650423575331537e-05,6.28990475705094e-05,8.160174144428708e-05,3.503292480806796e-05,6.677898354994719e-05,4.8198304755833445e-05,"DATE,ORG,GPE,CARDINAL",0,1300,4839,0,0,0.7479097247123718,0.0,0.0,0.0,0.0,0.0,0.1984407156705856,0.0
8.89604050162011,10.126631103850338,54,film_Video,45,14.0,0.0,,0,11,2,13.744905673596724, TX,1,0,1,0, Shawn Cauthen,Kickstarter,1578195,1528945,link,40,4,5,41,12.119999999999996,45.0,0.5978376525445424,1.8181830032529716,7.096942641054651e-05,7.75471582627074e-05,1.0055047164002834e-05,2.0159543664266283e-05,8.062719815104756e-05,5.538829348298553e-05,8.872110135083578e-05,6.618470055093436e-05,6.015882244083626e-05,8.340381160720458e-05,"WORK_OF_ART,LOC,ORG,DATE",0,1301,4839,1,0,0.2798608839511871,0.120867796242237,0.0723868608474731,0.1197436675429344,0.0,0.0865417942404747,0.0,0.3105688393115997
10.135709767783542,10.126631103850338,169,film_Video,30,16.0,0.0,1.0,1,12,1,14.64870833488698, NY,0,1,2,29, Matthew Gross,Kickstarter,1578195,1528945,link,28,1,4,28,3.291159420289855,20.71014492753623,0.8899239639747922,2.4349445007494697,7.583468176388252e-05,7.389058900433082e-05,8.401819461218277e-05,1.0,7.227134758901405e-05,3.037513631137604e-05,4.282912286361602e-05,2.4395642104446503e-05,2.9815502224454852e-05,3.36414757322383e-05,"DATE,NORP,ORG",0,1301,4839,0,0,0.3334735333919525,0.0,0.3460318446159363,0.0,0.1976530104875564,0.0380218401551246,0.0650461763143539,0.0
12.743182667981111,10.673595774232204,"2,069",food,60,15.0,0.0,1.0,1,11,0,12.20413577099914, Netherlands,0,1,7,10, Tacco Marijnen,Kickstarter,1578384,1529004,link,16,2,2,18,-0.4822727272727256,19.136363636363633,0.8669890469426826,2.3797347858152396,8.597910927575289e-05,5.252159025234014e-05,8.648220347221183e-05,8.897356371857802e-05,2.527248776448787e-05,1.0,3.315124078824864e-05,4.330829901184011e-05,3.8722767456950474e-05,7.355869731444306e-05,ORG,0,1305,4839,2,0,0.0,0.0,0.0,0.6579509973526001,0.3045163452625274,0.0,0.0,0.0
9.308917935337176,8.804775258867686,314,music,31,23.0,0.0,1.0,1,12,4,14.64870833488698, NY,0,1,1,6, Kimberly Kelly,Kickstarter,1578435,1529066,link,10,5,1,12,9.294,45.0,0.67402562994794,1.9621202130775743,5.626858982961338e-05,4.9032723979626365e-05,3.047122994256286e-05,6.553154862403392e-05,0.2,0.2,6.96932663226067e-05,0.2,1.719273553007333e-05,0.2,"DATE,PERSON,GPE",0,1306,4839,2,0,0.2849280536174774,0.0,0.0,0.0,0.2325733602046966,0.0,0.2690722942352295,0.1925463378429412
8.58110651715989,8.517193191416238,100,film_Video,5,4.0,0.0,1.0,1,12,1,11.211996032432818, FL,0,1,3,0, Amy  Kedron,Kickstarter,1578435,1529066,link,12,2,0,12,16.09166666666666,62.44444444444444,0.5500918575008769,1.733412237470649,1.0,2.820458635678273e-05,3.334419956990626e-05,6.405516792194665e-05,4.725916720498008e-05,1.6702371898168213e-05,5.0356056287326705e-05,6.249135734759819e-05,5.3669217517873495e-05,1.0187059312655994e-05,"ORDINAL,GPE,ORG",0,1307,4839,0,0,0.0,0.0599013268947601,0.0,0.2590480148792267,0.3097631633281708,0.0601523965597152,0.0,0.2932368814945221
11.0237471712184,11.002099841204238,469,film_Video,30,18.0,0.0,1.0,1,11,3,13.436372336049692, WA,0,1,3,49, Serene  Petersen,Kickstarter,1578449,1529090,link,7,0,1,7,12.475,59.75,0.4928396785840225,1.636958060916493,3.776214533405357e-05,2.925404045209425e-05,4.4802234517490926e-05,8.738872750632417e-05,9.133518031762416e-05,0.8,2.6434128865047883e-05,6.468020941982448e-05,9.321165132629583e-05,0.2,"WORK_OF_ART,PERSON,ORDINAL",0,1307,4839,0,0,0.1290547102689743,0.0,0.0,0.0,0.3388378620147705,0.0,0.2778421342372894,0.2349864542484283
10.548470039529116,10.532610746229704,59,music,60,11.0,0.0,1.0,1,12,1,16.324637595040688, Mexico,0,1,1,0, Luis Fernando Diaz De La Vega Sanchez,Kickstarter,1578457,1529129,link,4,1,0,5,11.2288,41.0,0.6519686874645703,1.9193156447288573,1.353424728174871e-05,7.740258764306676e-05,2.841881766816943e-05,2.7093850047781493e-05,8.291378889065545e-05,9.278308433892152e-05,1.4936226123400189e-05,9.38408906903164e-05,6.223727963949377e-05,3.5411535635039303e-05,"GPE,PERSON,ORDINAL,ORG",0,1308,4839,1,0,0.2236184328794479,0.109261505305767,0.0,0.0,0.0,0.0,0.2400958091020584,0.3935829997062683
8.40737832540903,9.615805480084347,66,crafts,30,6.0,0.0,1.0,0,12,1,13.047376865601484, GA,0,1,1,0," William H.  Boling, Jr.",Kickstarter,1578457,1529129,link,6,1,0,7,6.689999999999998,22.666666666666664,0.1044582172768582,1.1101090095197894,3.447987448099205e-05,8.147464379538487e-05,1.584912343048916e-05,2.977188628865336e-05,8.93324250904097e-05,9.228446660168692e-05,5.340557197787096e-05,9.765779781580278e-05,9.06723082042504e-05,7.590169943215516e-05,PERSON,0,1308,4839,1,0,0.5343151092529297,0.0,0.0,0.0,0.0,0.0,0.0,0.4120241999626159
9.054037377580782,9.011889433252344,88,art,22,11.0,0.0,1.0,1,12,4,14.899546120497028, United Arab Emirates,0,1,1,5, Anthony Tino,Kickstarter,1578457,1529129,link,8,1,0,8,12.691818181818183,40.18181818181819,0.7156550339494977,2.045526132579371,1.057411390659316e-05,2.8222078788617505e-05,7.840424853648797e-05,0.5,9.364995907662192e-05,0.5,8.396213074823877e-05,3.808345161987053e-05,2.3218236282282423e-05,6.23427136832661e-05,"EVENT,GPE,DATE,ORG,ORDINAL,LOC",0,1308,4839,0,0,0.0872486978769302,0.0,0.0691290125250816,0.1671758592128753,0.4889872372150421,0.1749458461999893,0.0,0.0
10.603957853475857,9.210340371976184,689,food,51,12.0,0.0,1.0,1,12,1,14.151849928616338, CA,0,1,2,9, Laura DAsaro,Kickstarter,1578513,1529109,link,14,9,5,15,6.436521739130438,28.89130434782609,0.5928680383589189,1.809169749953741,0.2,0.2,2.2859914077304048e-05,1.3326611519850436e-05,4.940364669450576e-05,1.9665479408270483e-05,0.2,0.2,0.2,2.0479572842699923e-05,PRODUCT,0,1309,4839,1,0,0.0,0.1587921380996704,0.23292176425457,0.3281181752681732,0.0,0.2649717926979065,0.0,0.0
9.30328411761892,8.699514748210191,425,comics,30,22.0,0.0,1.0,1,11,2,14.64870833488698, NY,0,1,5,305, Gregory Elysee,Kickstarter,1578540,1529150,link,12,1,2,13,6.370000000000001,32.029411764705884,0.4783586759503821,1.6134240760276255,8.248870387413812e-05,1.0793334996502538e-05,3.593412545155704e-05,5.8469089792611794e-05,1.3775236575778649e-05,1.0,6.801057021426251e-05,6.658662210931513e-05,4.7984169650345645e-05,9.308790482080248e-05,"DATE,PERSON,ORG",0,1310,4839,1,0,0.0,0.0,0.0551968403160572,0.3583901524543762,0.1821299642324447,0.3815174996852875,0.0,0.0
12.77005033509728,10.819778284410283,262,design,34,6.0,0.0,1.0,1,11,2,13.436372336049692, WA,1,0,10,12, Kyle Hart,Kickstarter,1578578,1529153,link,11,2,5,11,4.453461538461536,28.384615384615387,0.8342560822570256,2.303100093821848,9.912990734142836e-05,2.560358410817574e-05,2.16627157008986e-05,4.726863394683704e-05,9.129417350450355e-05,9.59004177991146e-05,1.0,9.792799042424854e-05,9.51816602213779e-05,8.978389167512872e-05,"ORDINAL,CARDINAL",0,1312,4839,0,0,0.0,0.8338568806648254,0.0,0.0,0.0,0.0734485611319542,0.0,0.0614012964069843
9.144931071820585,8.99961934066053,96,design,30,11.0,0.0,1.0,1,11,6,15.9166075437284, Netherlands,0,1,1,2, Lieke Van Den Akker,Kickstarter,1578578,1529153,link,32,30,3,42,7.620000000000001,38.272727272727266,0.3083375158890981,1.3611603246534187,6.431759258510089e-05,4.67638649994046e-05,9.383786212686212e-05,0.25,1.9891894576757113e-05,0.25,0.25,4.682781601634534e-05,0.25,1.3560234324885127e-05,PERSON,0,1312,4839,10,0,0.0,0.0143874417990446,0.0,0.2894094586372375,0.2600352168083191,0.4027490019798279,0.0,0.0
11.409263505947983,11.302204433654577,974,comics,30,10.0,0.0,1.0,1,12,5,14.77102200299171, Canada,0,1,5,49, S Bear Bergman,Kickstarter,1578568,1529160,photo,8,1,2,9,16.942307692307686,68.21794871794872,1.2880850307791556,3.625836537971584,7.19241001366716e-05,7.872823292708979e-05,4.0044837133186486e-05,2.0276539118916333e-05,1.7969882677471933e-05,0.6666666666666666,0.3333333333333333,1.6962977269137852e-05,9.173738376350264e-05,8.452135966063949e-05,ORG,0,1313,4839,1,0,0.3782335221767425,0.2137394398450851,0.011390907689929,0.0113790286704897,0.2445660084486007,0.0114342384040355,0.0113755911588668,0.1178812980651855
7.596894438144544,9.210340371976184,32,film_Video,30,6.0,0.0,1.0,0,11,3,15.85339624216229, Colombia,0,1,1,0, René Serrano,Kickstarter,1578641,1529162,link,7,1,0,8,10.417000000000002,50.0,0.002857981868043,1.0028620697916983,3.0040847121077648e-05,9.481091569042218e-05,1.2289681101919544e-05,3.062032009810089e-05,2.1855213762494844e-05,8.745240034412013e-05,5.281986126521626e-05,6.456194405585937e-05,7.83129825763484e-05,1.354097215065254e-05,"GPE,DATE,NORP,CARDINAL,TIME,WORK_OF_ART",0,1315,4839,1,0,0.4063884019851684,0.0954871773719787,0.0,0.0,0.1654759049415588,0.0,0.0852652266621589,0.225284069776535
11.180859506431831,11.48854055503454,510,design,53,15.0,0.0,1.0,0,11,0,14.151849928616338, CA,0,1,2,12, Katharina Unger,Kickstarter,1578651,1529209,link,12,1,9,12,10.825714285714284,44.80952380952381,0.2434382796541233,1.2756275832352784,3.104315497837577e-05,4.8677084296810006e-05,9.24499759482674e-05,0.2,8.019213206897072e-05,0.2,0.2,5.9793160531895585e-05,0.2,0.2,"ORDINAL,ORG",0,1318,4839,0,0,0.0679943859577179,0.1087260693311691,0.0,0.3664727807044983,0.1630467027425766,0.0,0.0,0.2787351906299591
10.70866793677185,9.210340371976184,685,publishing,40,6.0,0.0,1.0,1,12,2,14.816343153421665, IL,0,1,8,11, Chris Motley,Kickstarter,1578651,1529209,link,18,5,4,21,4.334999999999997,22.666666666666664,0.1155574898999157,1.122499045051091,2.2191358311522175e-05,7.277151405040542e-05,1.4367335641902372e-05,8.272806277639583e-05,3.804186405322013e-05,6.508691061628703e-05,8.704158910757522e-05,3.3239314940886336e-05,8.255214324977563e-05,4.1064257126838015e-05,"WORK_OF_ART,ORG",0,1318,4839,3,0,0.2779253125190735,0.535657525062561,0.0776927173137664,0.0,0.0,0.0823664814233779,0.0,0.0
8.177515823846075,9.054972284742483,83,art,42,22.0,0.0,1.0,0,10,2,9.987093136390923, UK,0,1,2,4, Riaz Phillips,Kickstarter,1578645,1529189,link,9,1,1,13,5.568749999999998,37.0,0.813146677482557,2.254992568722694,4.536055980038611e-05,3.060481025255007e-05,4.061538553496406e-05,0.1428571428571428,4.203340386587403e-05,0.4285714285714285,3.349005121719174e-05,5.7182552522701707e-05,9.923330964758806e-05,0.2857142857142857,"WORK_OF_ART,NORP,GPE",0,1319,4839,4,0,0.1124181672930717,0.0482098869979381,0.2932827770709991,0.0,0.1233657598495483,0.0,0.0,0.4076761901378631
11.042275675007614,10.710170093472884,"1,385",film_Video,60,16.0,0.0,1.0,1,12,5,14.77102200299171, Canada,0,1,10,25, Andrew Stanleigh,Kickstarter,1578693,1529173,link,25,2,7,30,15.181500000000009,60.0,0.331248645704067,1.3927060396337383,0.1428571428571428,9.69768366511086e-05,1.8933413437827545e-05,8.0654899062295e-05,0.1428571428571428,0.1428571428571428,0.1428571428571428,5.233313195883982e-05,3.121434700240048e-05,0.1428571428571428,"WORK_OF_ART,ORG,CARDINAL",0,1321,4839,5,0,0.0481154732406139,0.0,0.3062686324119568,0.0920548215508461,0.0,0.0762333124876022,0.2236836552619934,0.244357019662857
9.685269351744411,9.615805480084347,254,food,60,13.0,0.0,1.0,1,10,3,11.583840487939831, CO,1,0,1,4, Victoria Bell,Kickstarter,1578679,1529156,link,8,5,0,8,7.355499999999999,35.0,0.8974147920044323,2.45325273758312,5.89778796253332e-05,6.857909537461995e-05,8.459763158507966e-05,5.343871764815891e-05,6.941584879956689e-05,1.7164974229901105e-05,9.674316944561508e-05,6.681632198681909e-05,7.260135718681114e-05,5.602216695914151e-05,"ORDINAL,CARDINAL",0,1322,4839,0,0,0.1303517520427703,0.2475352585315704,0.0,0.3419970273971557,0.0,0.0861007422208786,0.1814880222082138,0.0
7.016609683894219,8.517193191416238,14,art,30,11.0,0.0,1.0,0,11,1,14.64870833488698, NY,0,1,1,1, Junho Lee,Kickstarter,1578679,1529156,link,5,1,0,6,11.652499999999996,45.33333333333333,0.3619039073647921,1.4360609404499067,3.4434280228844025e-05,8.691468064600341e-05,1.95291119326422e-05,5.734817540053851e-05,7.754412191239304e-05,5.697363597627721e-05,4.503251454181164e-05,5.3150423854328735e-05,4.740105441612397e-05,1.264123687276422e-05,"DATE,LOC,ORG,CARDINAL",0,1322,4839,0,1,0.0,0.0,0.3103271722793579,0.0,0.2783312499523163,0.0907671749591827,0.1558072417974472,0.1449908912181854
10.463817371205208,9.903487552536127,277,film_Video,35,25.0,0.0,1.0,1,11,5,13.069257915717223, CA,0,1,1,0, Yu Gu,Kickstarter,1578623,1529149,video,15,3,2,6532,27.9975,43.0,0.8845707024924047,2.4219444335669857,0.1875,0.125,8.190662727312741e-05,4.210626420028971e-05,5.981715587461125e-05,0.125,0.125,0.125,0.125,0.0625,"PERSON,ORG",0,1323,4839,0,0,0.2649669647216797,0.0,0.2968638241291046,0.0,0.0,0.2509882748126983,0.1513377428054809,0.0
11.94131986933827,11.805576422042591,182,art,30,55.0,0.0,1.0,1,11,1,16.324637595040688, Mexico,0,1,1,3, Carlos Solares Jimenez,Kickstarter,1578532,1529099,link,9,2,1,11,8.942499999999999,47.25,0.2547748492353345,1.2901711051583238,5.050527754836027e-05,3.5253119437693205e-05,3.58300161171073e-05,7.090170700857837e-05,4.8952528709543893e-05,9.1144905056949e-05,1.2565431902851773e-05,7.395238031611063e-05,5.0255916266277944e-05,2.7321934669054628e-05,"GPE,ORG",0,1324,4839,2,0,0.0,0.3154830038547516,0.0698695108294487,0.3109078705310821,0.0,0.2723783254623413,0.0,0.0
9.30946146284399,7.600902459542082,187,food,20,7.0,0.0,1.0,1,11,0,14.64870833488698, NY,1,0,2,14, Amy Nazer,Kickstarter,1578478,1528909,link,14,0,3,14,6.808461538461536,36.07692307692308,0.084590251674443,1.088271058085195,4.551150837870314e-05,1.348164624314724e-05,2.375453599533031e-05,6.215566981909398e-05,6.154898125850793e-05,5.537124239840763e-05,3.318860731825243e-05,8.316984147468083e-05,5.676923317755635e-05,4.2695805259864754e-05,"DATE,ORG",0,1326,4839,0,0,0.4189197719097137,0.4939391016960144,0.0,0.0,0.0,0.0,0.0573446191847324,0.0
10.279970025719807,10.126631103850338,461,art,25,7.0,0.0,1.0,1,11,1,13.436372336049692, WA,0,1,12,1, Randall Raymond Sturgis,Kickstarter,1578438,1528847,video,11,2,3,3489,22.45774509803922,49.13725490196079,2.335857346243255,10.338319650416418,0.1904761904761904,0.1428571428571428,8.458822663690054e-05,0.1428571428571428,0.0476190476190476,0.1904761904761904,0.0952380952380952,0.0476190476190476,0.0476190476190476,0.0476190476190476,"PERSON,GPE,ORG,CARDINAL,WORK_OF_ART",0,1328,4839,2,0,0.2285434901714325,0.0,0.2100044339895248,0.0,0.0654265657067298,0.1238103359937667,0.0,0.3571814298629761
13.8510697682977,11.512925464970229,"1,828",photography,45,11.0,0.0,1.0,1,11,2,11.011588019076546, CA,0,1,1,0, Emily Wang,Kickstarter,1578438,1528847,link,35,9,5,38,13.77375,58.0,0.1204459202805253,1.127999737406885,6.147962904552335e-05,4.3175858724845984e-05,6.36279448175737e-05,2.974570395072185e-05,0.5,9.359268178554838e-05,0.5,5.630192331808677e-05,8.750369094379077e-05,8.40684700837595e-05,"PRODUCT,CARDINAL",0,1328,4839,3,0,0.0,0.1496400535106659,0.0906775742769241,0.0,0.3023682832717895,0.0,0.3007471263408661,0.1431431323289871
10.830856691617283,10.819778284410283,425,design,30,12.0,0.0,1.0,1,11,1,14.64870833488698, NY,1,0,1,0, Daryl Oh,Kickstarter,1578428,1528833,video,13,0,7,8827,31.896,58.05555555555556,1.3144806318484672,3.7228169704933953,8.248890963699877e-05,1.592579480577892e-05,5.007512051535202e-05,0.1666666666666666,5.8755738640054735e-05,0.5,1.5485087117462168e-05,6.572638392109114e-05,8.033746014174862e-05,0.1666666666666666,"GPE,ORG",0,1329,4839,2,1,0.0,0.193994328379631,0.1348570138216018,0.0,0.0811080709099769,0.2833462953567505,0.2845876216888428,0.0
11.097535013196714,11.002099841204238,133,art,35,14.0,0.0,1.0,1,11,1,15.837971611150978, Sweden,0,1,1,1, David Robert Risley,Kickstarter,1578428,1528833,link,23,1,2,24,10.58842105263158,41.078947368421055,0.8852400871042568,2.4235661886299624,7.841448368111431e-05,6.59950231756247e-05,9.849525423176566e-05,5.7343926240185993e-05,9.757916943679776e-05,0.25,0.25,9.489272541926902e-05,0.25,7.617564981523384e-05,"DATE,ORG,CARDINAL",0,1329,4839,1,0,0.1481143534183502,0.0546395480632782,0.2334249764680862,0.1358585804700851,0.0,0.0994782000780105,0.0,0.3218920826911926
9.96861964747391,9.798127036878302,209,film_Video,30,16.0,0.0,1.0,1,11,3,15.9166075437284, NY,1,0,1,16, Brittany Clemons,Kickstarter,1578424,1528792,video,8,2,2,4215,42.392307692307696,59.51282051282051,0.9473468745598148,2.5788585396964554,0.2857142857142857,0.1428571428571428,8.94884681686116e-05,0.2857142857142857,9.704567928652376e-05,0.1428571428571428,0.1428571428571428,5.524289452087367e-05,5.810528593468102e-05,8.429698022321008e-05,"DATE,WORK_OF_ART",0,1330,4839,0,1,0.114605501294136,0.0,0.2700608372688293,0.0,0.304699957370758,0.279303640127182,0.0,0.0
13.66205397053248,10.819778284410283,"3,150",technology,60,12.0,0.0,1.0,1,11,2,11.35378904363031, CA,0,1,3,0, Raymond Wu,Kickstarter,1578332,1528686,video,23,5,6,6883,28.25376344086021,32.913978494623656,0.979718777077806,2.6637070411101633,8.419154025244145e-05,2.15068436117826e-05,8.219048024466101e-05,9.509892059583726e-05,4.10196947219521e-05,3.394936747486592e-05,0.5,8.068986408274909e-05,0.5,4.1842138143231626e-05,ORG,0,1333,4839,4,0,0.0113813811913132,0.1314910352230072,0.0113801527768373,0.5507426261901855,0.1632969677448272,0.108938992023468,0.0113774361088871,0.0113915279507637
13.853758276758183,11.483359981706366,"6,762",games,23,2.0,0.0,1.0,1,11,1,14.28551418721001, Canada,0,1,3,24, Thibaud de la Touanne,Kickstarter,1578374,1528632,link,33,9,6,37,12.044999999999996,45.33333333333333,0.2132842135313093,1.2377363826859686,4.244270546273985e-05,8.108812966417686e-05,1.6189354177403304e-05,0.3333333333333333,5.294876427579326e-05,0.3333333333333333,8.244403227525666e-05,6.80561476238642e-05,5.290402722741486e-05,8.35539945573096e-05,,0,1334,4839,4,0,0.2177450358867645,0.6065797209739685,0.0,0.1364997178316116,0.0,0.0,0.0,0.0
9.310095205113177,8.294049640102028,364,comics,45,21.0,0.0,1.0,1,11,5,12.94626322746207, CA,1,0,2,288, Omar Morales,Kickstarter,1578373,1528654,link,18,0,1,21,6.157499999999999,32.833333333333336,0.5210745867304514,1.6838361057889393,9.933236159389872e-05,5.264275914641248e-05,3.1276356305780314e-05,5.2985221273998685e-05,9.843489163113004e-05,0.5,4.621410444130941e-05,2.278268303944703e-05,2.849615165617446e-05,9.058741234625585e-05,"DATE,PERSON,WORK_OF_ART",0,1335,4839,3,0,0.1272695958614349,0.1703480929136276,0.4690850377082824,0.0,0.0,0.0,0.2124121040105819,0.0
11.582274273104217,11.461632170582678,687,comics,30,15.0,0.0,1.0,1,10,2,15.194750847520003, CA,1,0,1,21, Micheline Pitt,Kickstarter,1578383,1528649,link,22,1,3,22,13.493571428571428,56.857142857142854,0.3668292861145105,1.4431515320795407,0.25,6.861879075036154e-05,1.4799771085473008e-05,7.91323416653384e-05,2.9937970498223175e-05,0.25,0.25,5.164894201520531e-05,0.25,4.0108734152288864e-05,"WORK_OF_ART,PERSON",0,1336,4839,0,0,0.1402432322502136,0.0,0.3194728195667267,0.0,0.0,0.4229135513305664,0.0,0.0860725492238998
10.8865767499487,10.819778284410283,653,film_Video,34,27.0,0.0,1.0,1,10,3,12.617208312254672, Sweden,0,1,2,7, Daniela Kon,Kickstarter,1578376,1528643,video,54,15,12,13290,40.7965,50.0,0.3093762541139995,1.3625749484975904,5.209130912363894e-05,5.4565443302199965e-05,8.001032282498387e-05,2.10027732661206e-05,3.7970821411629264e-05,7.596629023466769e-05,1.0449860831890914e-05,5.545640140523703e-05,1.088933685570442e-05,8.025510670918878e-05,PERSON,0,1338,4839,0,2,0.0250330716371536,0.3861643075942993,0.0250178109854459,0.025027509778738,0.0250347778201103,0.0250220317393541,0.4636643230915069,0.0250362548977136
8.092851027538384,10.677615462228353,39,film_Video,30,10.0,0.0,1.0,0,11,3,7.630461261783627, Svalbard and Jan Mayen,0,1,1,0, Oliver Krug,Kickstarter,1578315,1528620,link,13,4,0,14,13.548181818181815,49.272727272727266,0.7415256815696052,2.0991356852799488,7.201788883734067e-05,8.510263691163656e-05,9.814382376998092e-05,6.717332247822343e-05,6.842976701874748e-05,1.1333092009005197e-05,7.587337217562944e-05,7.702146262720799e-05,2.526377543871015e-05,9.116995853361794e-05,"WORK_OF_ART,PERSON,LOC,ORG",0,1339,4839,1,0,0.1517527550458908,0.1693244129419326,0.1158335655927658,0.0,0.233475387096405,0.309817910194397,0.0,0.0
8.750207862525711,8.517193191416238,386,games,30,8.0,0.0,1.0,1,11,2,11.507661635295127, PA,1,0,1,7, Brian Wilson,Kickstarter,1578206,1528465,video,21,1,14,6374,31.567567567567572,61.32432432432432,1.2058325278225277,3.339538179516099,0.5,0.5,7.859806956334743e-05,4.5126719413948926e-05,9.645793111733924e-05,1.263821117928014e-05,2.037501921535814e-05,7.232330208068899e-05,8.319418722849892e-05,1.763438628017663e-05,PERSON,0,1341,4839,5,0,0.0,0.2664715945720672,0.193991407752037,0.0,0.0,0.0,0.1299757361412048,0.3816660344600677
11.567323873497212,10.450452222917992,"3,471",games,33,14.0,0.0,1.0,1,11,3,12.712607075278925, Germany,0,1,1,13, Daniel Jonas Manke,Kickstarter,1578101,1528325,video,320,40,43,87867,51.382,68.33333333333334,0.3717136270997245,1.4502176187961908,2.8928670065721433e-05,9.139828080854351e-05,7.713252441987007e-05,4.6939770130520464e-05,7.987540816598391e-05,0.5,6.11099473714686e-05,7.681054527220475e-05,8.037997772423629e-05,0.25,,0,1343,4839,58,2,0.025035161525011,0.0250310413539409,0.0250127278268337,0.0250326246023178,0.0250047352164983,0.0250266231596469,0.8248327374458313,0.0250244177877903
12.08792516847309,11.082142548877776,"4,828",games,37,13.0,0.0,1.0,1,10,1,13.023084332062371, VA,0,1,1,1, Dennis Varvaro,Kickstarter,1578089,1528259,video,116,14,21,16749,42.62714285714285,28.428571428571427,0.4510353932900899,1.569936846340121,8.790061448549831e-05,1.18251976390678e-05,8.84437435856405e-05,3.1813881368433045e-05,4.5717505498228226e-05,4.365890065257055e-05,6.870427021225903e-05,1.4280988899027007e-05,5.0383288145508344e-05,5.551208611527608e-05,NORP,0,1344,4839,13,0,0.0625611320137977,0.0625611320137977,0.0625611394643783,0.5619463920593262,0.0625611320137977,0.0625611245632171,0.0626868456602096,0.0625611394643783
10.505314084518345,9.903487552536127,450,comics,32,11.0,0.0,1.0,1,11,0,15.9166075437284, NY,1,0,2,14, Natalie Rebot,Kickstarter,1578032,1528208,link,40,7,19,45,4.587499999999999,45.33333333333333,0.6425134302925141,1.9012535471676175,3.9189643961636626e-05,4.0554452355394846e-05,9.657746827966638e-05,5.865789231571154e-05,0.1,0.5,2.775689559086246e-05,9.61403478702032e-05,5.269050668865298e-05,0.3,"PRODUCT,CARDINAL,PERSON",0,1345,4839,5,0,0.0,0.4627550840377807,0.1676108688116073,0.0,0.0808020606637001,0.1844803392887115,0.0913909003138542,0.0
12.323931233887937,9.615805480084347,"4,018",design,50,11.0,0.0,1.0,1,10,4,13.433583737933631, CO,0,1,11,91, Mark McLachlan,Kickstarter,1577970,1528153,video,104,7,26,26757,19.144806201550388,39.91472868217055,1.0702313104107897,2.916053935605728,3.483304249424922e-05,9.99705884717883e-05,2.6772870783746556e-05,9.663774966521932e-05,0.125,0.5,5.633329864851056e-05,6.623588898403331e-05,7.04334276376798e-05,0.25,"ORG,PRODUCT",0,1346,4839,15,0,0.0,0.2860731780529022,0.2181579768657684,0.0,0.119356669485569,0.352565050125122,0.0,0.0
11.541872429591866,9.903487552536127,612,design,35,14.0,0.0,,1,10,2,7.965545573129992, Slovenia,0,1,3,24, Niko Klansek,Kickstarter,1577985,1528075,video,115,24,42,24431,53.894,75.0,0.3348390714694683,1.3977154348314558,3.09999540384394e-05,1.727621214789286e-05,2.250513423484736e-05,9.351570294690688e-05,6.927187313468305e-05,1.0,2.904690106062499e-05,1.3928185327931705e-05,6.312157750081947e-05,8.457460320172188e-05,,0,1347,4839,22,0,0.0178702399134635,0.3375875949859619,0.0178765971213579,0.4122785627841949,0.0178780052810907,0.0178761016577482,0.1607578098773956,0.0178750976920127
10.877061990400842,9.417354541360508,"1,532",design,30,9.0,0.0,1.0,1,10,1,15.837971611150978, UK,0,1,1,0, Anab Jain,Kickstarter,1577949,1528054,link,24,5,4,26,7.143333333333331,42.33333333333333,0.5225664360526536,1.6863500102591518,0.2,4.632133532046412e-05,5.833667943129935e-05,0.2,3.446012576240979e-05,0.2,1.3209187945303182e-05,7.038060960881915e-05,1.3313749683054596e-05,0.2,"WORK_OF_ART,ORG",0,1348,4839,2,0,0.0,0.0,0.0,0.5677197575569153,0.3947297036647796,0.0,0.0,0.0
11.206862154569642,10.714417768752456,373,theater,30,21.0,0.0,1.0,1,10,3,15.194750847520003, CA,0,1,2,1, Alexander Chi,Kickstarter,1577919,1528007,video,34,5,7,6848,23.390212765957443,49.03191489361702,1.336734222216439,3.806591701411272,0.0588235294117647,3.83550372386789e-05,8.718501117930017e-05,0.2352941176470588,0.0588235294117647,0.2941176470588235,0.0588235294117647,1.2302870612675446e-05,6.418350247494625e-05,0.1764705882352941,"DATE,PERSON,WORK_OF_ART,NORP",0,1349,4839,8,0,0.320470780134201,0.0798703655600547,0.0,0.0,0.0,0.2118949741125106,0.1732887476682663,0.1909758150577545
10.258185543590638,10.126631103850338,619,art,21,10.0,0.0,1.0,1,10,1,11.70331439284194, CA,0,1,5,17, Indhira Rojas,Kickstarter,1577952,1527979,video,7,2,0,5588,33.7825,49.42857142857143,0.7540637918773552,2.125620568284875,4.071867813550469e-05,2.4929013219628196e-05,3.8770252411113085e-05,6.220223220852728e-05,3.09842198682944e-05,8.111807416347039e-05,1.0713410080138782e-05,4.790129258066846e-05,3.788225463888456e-05,3.800385027287116e-05,"PERSON,ORDINAL,ORG",0,1350,4839,1,0,0.0113809173926711,0.0113824410364031,0.0113817723467946,0.0113848969340324,0.7910854816436768,0.1406351327896118,0.0113743348047137,0.0113750556483864
11.019033979231052,9.903487552536127,656,technology,30,9.0,0.0,1.0,1,10,1,13.270783382522602, Norway,0,1,2,8, Harald Manheim,Kickstarter,1577894,1527961,video,43,7,7,16939,27.57,47.70512820512821,1.0556617350138482,2.8738762693675457,3.3273243202130565e-05,3.2195568042160665e-05,4.627679884302052e-05,0.5,5.569814942731154e-05,0.5,5.051499976460863e-05,4.1194290861249446e-05,8.127215575366531e-05,8.179680762378633e-05,PRODUCT,0,1351,4839,3,0,0.0104253524914383,0.4199799597263336,0.0104257119819521,0.0104377241805195,0.0104248039424419,0.0104243839159607,0.2624797523021698,0.2654023170471191
13.684790068191012,10.819778284410283,214,design,30,7.0,0.0,1.0,1,10,2,10.015699543143056, DE,0,1,3,4, Alexander  Thiel,Kickstarter,1577810,1527870,video,54,11,13,14425,29.94634146341464,54.64634146341464,0.8571861242940305,2.356520400102329,5.502506816869843e-05,3.698971660502245e-05,1.4059989596835451e-05,7.662559062365517e-05,7.535589630150273e-05,0.75,9.016817508056838e-05,9.097825656896004e-05,4.955670358020318e-05,9.238833467704706e-05,ORG,0,1354,4839,2,0,0.1773458570241928,0.5369452834129333,0.0,0.0,0.0,0.0660165250301361,0.197908878326416,0.0
13.29354309377944,10.46310334047155,"2,305",technology,30,5.0,0.0,1.0,1,10,1,14.151849928616338, CA,0,1,1,7, Simone Luna Louise Söderlund Giertz,Kickstarter,1577810,1527870,video,127,7,12,13086,22.630434782608695,44.73913043478261,1.3646276059480251,3.914265131496287,0.1666666666666666,2.9245500054573787e-05,4.670766670830957e-05,3.315633108247401e-05,2.811457346660356e-05,0.3333333333333333,0.1666666666666666,0.1666666666666666,5.844506282592663e-05,3.567121018548149e-05,"DATE,PERSON",0,1354,4839,13,0,0.0104399304836988,0.1897905170917511,0.2861049771308899,0.3549670577049255,0.0104616312310099,0.0104434844106435,0.0104443086311221,0.1273480504751205
14.169377061924711,11.289781913656018,"5,417",food,31,19.0,0.0,1.0,1,10,1,14.64870833488698, NY,0,1,1,0, Merisa Fink,Kickstarter,1577790,1527799,video,129,19,22,18600,27.304146341463408,49.76829268292683,0.923975481006596,2.519285881500523,1.8088916656254466e-05,1.387125679420498e-05,6.392773819189974e-05,0.3333333333333333,1.185596206685995e-05,0.2222222222222222,0.2222222222222222,0.1111111111111111,9.711653687946594e-05,0.1111111111111111,ORG,0,1355,4839,5,0,0.328223317861557,0.253614217042923,0.0,0.0,0.2871539294719696,0.0975799411535263,0.0,0.0
10.512709498158312,9.210340371976184,190,design,40,12.0,0.0,1.0,1,10,2,11.094466298566608, CA,0,1,1,0, Kris Rada,Kickstarter,1577782,1527742,video,166,14,24,17586,29.159166666666664,52.19047619047619,0.7964447536659117,2.217642630781464,4.0686271429200245e-05,7.105538317653166e-05,7.419277281261438e-05,5.973127767117613e-05,0.2,0.4,8.831420178534082e-05,5.4552745293167177e-05,3.385149957362136e-05,0.2,,0,1356,4839,16,0,0.0,0.4079630970954895,0.2875370383262634,0.0,0.0,0.0,0.2562970817089081,0.0
9.689721829117628,9.63625038473639,393,comics,43,9.0,0.0,1.0,1,9,3,14.77102200299171, Canada,0,1,4,33, Joseph Donaldson,Kickstarter,1577651,1527654,photo,35,9,3,41,13.33409090909091,35.63636363636363,0.5695127045273282,1.7674055928145858,0.1428571428571428,9.537905419359084e-05,9.062954533607923e-05,6.453876432385515e-05,0.1428571428571428,0.2857142857142857,0.1428571428571428,7.886124830435546e-05,9.689567974251748e-05,0.1428571428571428,PERSON,0,1359,4839,4,2,0.0251421332359313,0.0250750891864299,0.2254080921411514,0.4252547323703766,0.223945140838623,0.0250582564622163,0.0250582620501518,0.0250582620501518
9.889919623056516,9.87816974455184,180,film_Video,30,15.0,0.0,1.0,1,10,1,15.936165897399452, Japan,0,1,1,10, Bruce Jon Nachbar,Kickstarter,1577587,1527576,link,6,4,3,6,4.526666666666667,42.33333333333333,0.0317920380402806,1.0323028032669728,7.559002490055827e-05,9.642270926812938e-05,9.824154715988477e-05,2.8817578265041075e-05,3.3534503984788454e-05,3.921826779025132e-05,7.763805200842406e-05,7.414245148173059e-05,3.141083332293805e-05,5.369380281362417e-05,"PERSON,GPE,NORP,CARDINAL,LOC",0,1360,4839,0,0,0.0,0.0,0.0,0.4512585699558258,0.0,0.3132313191890716,0.0,0.2042086571455001
10.86501930065587,10.596634733096073,361,film_Video,31,34.0,0.0,1.0,1,10,0,14.816343153421665, IL,0,1,1,13, Petter  Ringbom,Kickstarter,1577549,1527474,video,26,2,5,6234,34.544137931034484,52.43103448275862,0.991297733894445,2.6947292456943743,6.848092420878697e-05,9.577145584363984e-05,1.6804143000521117e-05,9.0976698188177e-05,0.1111111111111111,0.4444444444444444,0.1111111111111111,0.1111111111111111,2.917272598774818e-05,0.1111111111111111,"NORP,GPE,PERSON",0,1361,4839,1,0,0.0139291882514953,0.0139140011742711,0.0139324022457003,0.2223496884107589,0.1462007015943527,0.3772744536399841,0.1984671801328659,0.0139323435723781
8.913146539151807,9.35573857466554,234,film_Video,30,24.0,0.0,1.0,0,10,1,13.304684934198283, Canada,1,0,2,17, Kelly Brack,Kickstarter,1577494,1527402,photo,39,2,5,45,18.4375,49.0,0.3375363183935248,1.4014905073514508,7.560452800946416e-05,5.3602552812987335e-05,6.319636386829352e-05,6.541604501339308e-05,4.464144717961475e-05,1.1617959805857364e-05,8.884675738946848e-05,1.7075183010943007e-05,1.8876694108113573e-05,6.932175753895574e-05,DATE,0,1362,4839,6,0,0.0113853560760617,0.0113784149289131,0.3399129211902618,0.0113853123039007,0.1550490260124206,0.1908019185066223,0.2687101662158966,0.0113768260926008
13.15084198479494,10.126631103850338,"6,993",design,31,10.0,0.0,1.0,1,10,1,15.194750847520003, CA,0,1,6,47, Geraldine Martin,Kickstarter,1577446,1527365,video,80,14,12,16006,32.24390243902439,47.329268292682926,1.1453629984309834,3.143582265182598,8.018387956090614e-05,5.1429428630004955e-05,9.118958191464817e-05,0.3333333333333333,4.6884230000623446e-05,0.3333333333333333,1.6203975505669265e-05,3.531616337579456e-05,7.795230317807187e-05,0.3333333333333333,ORG,0,1363,4839,3,1,0.1522604823112487,0.2796601057052612,0.0,0.0,0.1016251370310783,0.4330473840236664,0.0,0.0
13.404549952232204,11.432257561902771,"2,530",journalism,31,18.0,0.0,1.0,1,10,1,15.837971611150978, UK,0,1,1,2, Gregory James Halfacre,Kickstarter,1577446,1527365,video,27,2,6,12268,45.898999999999994,46.666666666666664,0.6477950136700433,1.9113217408966796,0.0714285714285714,0.0714285714285714,9.739262181205896e-05,0.1428571428571428,0.0714285714285714,0.2142857142857142,0.2142857142857142,0.1428571428571428,5.9775466060504266e-05,8.23579514039307e-05,PERSON,0,1363,4839,1,0,0.0,0.1584871560335159,0.2779127657413482,0.0,0.2519552409648895,0.2782415747642517,0.0,0.0
11.650040428926104,11.512925464970229,278,technology,50,11.0,0.0,1.0,1,10,4,14.193700387937357, Japan,0,1,1,5, Kazunori Oki,Kickstarter,1577446,1527365,video,178,8,51,36162,43.45147058823529,52.294117647058826,1.16089591556955,3.192792467609922,0.1,0.2,5.5888988928436595e-05,8.835612070701818e-05,3.321519738204254e-05,0.1,0.2,0.1,0.2,8.48749590632548e-05,ORG,0,1363,4839,17,0,0.0,0.6251281499862671,0.0816811248660087,0.1083488091826438,0.0,0.0,0.0,0.1514570266008377
11.200007632450186,10.915088464214609,331,film_Video,31,21.0,0.0,1.0,1,10,0,15.9166075437284, NY,1,0,1,8, Zoe Potkin,Kickstarter,1577370,1527299,video,31,1,8,8977,22.427542372881355,43.563559322033896,1.9363631441770053,6.933488961635663,0.1304347826086956,0.0869565217391304,6.851471792658794e-05,0.0869565217391304,4.185159616092077e-05,0.217391304347826,0.0434782608695652,0.0434782608695652,0.0869565217391304,0.1304347826086956,"DATE,PERSON",0,1364,4839,2,0,0.0,0.0,0.0,0.0,0.1928626149892807,0.3893341422080993,0.0,0.3760522902011871
13.876490881217334,10.126631103850338,"12,192",design,26,19.0,0.0,1.0,1,10,1,14.64870833488698, NY,0,1,9,172, Omar Rada,Kickstarter,1577261,1527231,video,58,43,13,16003,47.703225806451606,56.806451612903224,0.5676980176803064,1.7642012134838232,5.6301519496590475e-05,3.291641799876059e-05,1.6932402673410837e-05,6.187335488699899e-05,2.2692706775628527e-05,0.4,1.0710300340724586e-05,5.057286181330951e-05,6.770443498339495e-05,0.2,ORG,0,1365,4839,2,0,0.0,0.0857580229640007,0.0,0.7894017696380615,0.0,0.0,0.0,0.0801500603556633
10.779509886627071,9.417354541360508,128,design,30,11.0,0.0,1.0,1,10,1,15.837971611150978, UK,0,1,1,2, Greta Chambers,Kickstarter,1577063,1526993,video,26,4,3,8269,33.51170212765957,51.15957446808511,1.3385925975067652,3.8136723545872,9.886025427215914e-05,2.2004311297396855e-05,7.683130996682105e-05,1.425057756989208e-05,2.5444751477272847e-05,2.052643436615335e-05,7.880742421137495e-05,4.139966440289654e-05,1.045871027330868e-05,8.990168355240105e-05,"PERSON,ORG",0,1367,4839,2,0,0.0,0.2492925524711609,0.10089011490345,0.3166354596614837,0.0,0.1716199219226837,0.1436681896448135,0.0
9.909867159500168,9.903487552536127,205,film_Video,30,9.0,0.0,1.0,1,9,4,15.9166075437284, NY,0,1,1,11, John Oakes,Kickstarter,1576969,1526898,video,6,3,3,4637,51.734800000000014,49.0,0.5071357166014673,1.660528153628945,8.312264389397545e-05,2.5033760320433738e-05,7.607037709579771e-05,4.808352839184193e-05,1.4260310992824243e-05,0.5,2.1372330247499437e-05,9.255243887372216e-05,9.221140216242206e-05,9.210958099622334e-05,"DATE,PERSON,GPE",0,1368,4839,2,0,0.5483953952789307,0.0,0.2200226783752441,0.0,0.1924555301666259,0.0,0.0,0.0
8.984944285608679,10.308952660644293,92,music,35,5.0,0.0,1.0,0,10,1,15.9166075437284, NY,0,1,1,7, Constanze Han,Kickstarter,1576790,1526651,photo,17,1,0,18,47.64103448275862,63.48275862068966,1.1756899355032109,3.2403778244924877,2.1988893172296584e-05,1.8197597339204632e-05,5.568939968061079e-05,0.0909090909090909,0.0909090909090909,0.3636363636363636,0.0909090909090909,0.0909090909090909,7.114695511880149e-05,0.2727272727272727,"NORP,ORG,PERSON",0,1371,4839,1,0,0.0113842571154236,0.2116520404815673,0.3690480589866638,0.0113918548449873,0.011383356526494,0.0113772377371788,0.244978055357933,0.1287850886583328
9.995210213975856,9.980448593672255,318,film_Video,40,14.0,0.0,1.0,1,9,0,14.230937217984762, Sweden,0,1,1,0, Andre Sebastian Vallstroem,Kickstarter,1576778,1526551,video,23,0,2,11464,37.91029411764706,49.35294117647059,0.9431574448455212,2.56807719271789,7.305503467550065e-05,9.204371979042468e-05,6.492770033860864e-05,0.3333333333333333,7.09268936162817e-05,0.4166666666666667,8.087292352300661e-05,3.388943721441443e-05,9.570146757872046e-05,0.0833333333333333,,0,1372,4839,0,0,0.1229457855224609,0.3254251480102539,0.0113757541403174,0.0113848559558391,0.1903533488512039,0.1494479477405548,0.0113907530903816,0.1776763051748275
10.19121962373795,10.126631103850338,345,film_Video,29,9.0,0.0,1.0,1,10,3,14.816343153421665, IL,1,0,1,2, Hillary Bachelder,Kickstarter,1576728,1526516,video,14,12,0,7585,49.92124999999999,32.833333333333336,0.556010113603088,1.7437014320347488,0.5,0.5,4.34664372433563e-05,4.800333348883693e-05,5.0447082636680186e-05,2.3306943345355664e-05,1.0801527989647595e-05,9.514056018363552e-05,7.309061284629408e-05,7.866713034640405e-05,"ORDINAL,PERSON,GPE,CARDINAL",0,1373,4839,1,0,0.0156537368893623,0.0156417842954397,0.0156592447310686,0.0156577043235301,0.3437921404838562,0.4378253221511841,0.1400906294584274,0.0156795065850019
9.719865150009126,9.615805480084347,314,music,36,17.0,0.0,1.0,1,10,2,16.324637595040688, Mexico,0,1,1,6, dominick Fernow,Kickstarter,1576795,1526473,link,6,0,1,7,12.428333333333336,56.88888888888889,0.3513640555609505,1.4210045563670524,0.1666666666666666,0.1666666666666666,4.079271855673352e-05,2.914419654566167e-05,0.1666666666666666,0.1666666666666666,0.1666666666666666,0.1666666666666666,4.653655108386233e-05,4.231073549337417e-05,"DATE,GPE,ORG",0,1374,4839,1,0,0.0,0.2728082537651062,0.0,0.0,0.0,0.0,0.695854663848877,0.0
11.277759938428693,11.002099841204238,918,comics,28,22.0,0.0,1.0,1,9,0,14.26495554920974, PA,0,1,16,29, Josh O'Neill,Kickstarter,1576740,1526491,video,40,2,23,14183,30.329533333333337,38.66666666666667,1.3715632879152635,3.941507592902815,1.9724010343876644e-05,4.5282658132323214e-05,5.587753704523905e-05,0.2,8.856875227531668e-05,0.6,8.46576324444237e-05,2.6412980681200523e-05,5.887055808557744e-05,0.2,"DATE,PERSON,ORDINAL,ORG",0,1375,4839,8,0,0.4852581918239593,0.0,0.210966095328331,0.0748835355043411,0.2025453150272369,0.0,0.0,0.0
9.168476167877484,10.126631103850338,248,games,27,15.0,0.0,1.0,0,10,2,14.64870833488698, NY,0,1,2,5, Patric Fallon,Kickstarter,1576674,1526383,video,34,6,4,8251,38.585376344086015,32.913978494623656,0.8623688972692831,2.368765414502899,6.270289154853514e-05,3.990789196659637e-05,8.887676397215338e-05,0.1666666666666666,0.3333333333333333,0.1666666666666666,0.1666666666666666,5.825285554681073e-05,9.794723050470694e-05,0.1666666666666666,"PERSON,DATE,NORP,ORG,PRODUCT",0,1378,4839,2,0,0.1704765409231186,0.2796683013439178,0.2261118739843368,0.0,0.0,0.2851795554161072,0.0,0.0
11.4917835412168,10.571316925111784,"2,066",comics,30,15.0,0.0,1.0,1,9,0,15.9166075437284, NY,0,1,6,216, Gregory Pak,Kickstarter,1576634,1526329,link,12,4,2,12,12.477727272727272,58.36363636363637,0.4027942788937334,1.495999101415076,7.203793708924213e-05,8.874905455219794e-05,9.444968007188668e-05,1.904195903576506e-05,0.1666666666666666,0.1666666666666666,7.508116277497554e-05,0.1666666666666666,3.450714047793912e-05,0.1666666666666666,"WORK_OF_ART,PERSON",0,1379,4839,0,0,0.0,0.0,0.0,0.1569294333457946,0.2174650579690933,0.2769039571285248,0.0697719901800155,0.2591349482536316
12.29688180181802,11.512925464970229,"4,488",comics,29,17.0,0.0,1.0,1,9,1,15.194750847520003, CA,0,1,3,14, Elena Favilli,Kickstarter,1576634,1526329,link,24,2,8,26,8.680588235294117,28.764705882352946,0.4577772003439846,1.580556816314346,0.1538461538461538,0.1538461538461538,4.9965826365482675e-05,3.950208717778987e-05,0.0769230769230769,0.2307692307692307,0.1538461538461538,0.0769230769230769,2.7730616104843128e-05,5.204005903499368e-05,"DATE,WORK_OF_ART",0,1379,4839,2,0,0.2110866755247116,0.1159240826964378,0.3421312570571899,0.2374092042446136,0.0823949500918388,0.0,0.0,0.0
12.304767998256736,10.819778284410283,"2,036",design,44,15.0,0.0,1.0,1,9,1,14.234030743166212, Taiwan,0,1,1,24, Francis Lin,Kickstarter,1576538,1526206,link,46,9,4,49,14.2395,55.0,0.6883222426067412,1.9903733667234031,7.315644464895314e-05,1.2735767333037352e-05,2.9858135021106137e-05,0.25,8.940118164528241e-05,0.5,6.718900722912359e-05,3.810976813992932e-05,1.2892515688309127e-05,4.666262749193863e-05,CARDINAL,0,1381,4839,3,0,0.0917514860630035,0.0,0.1888556480407714,0.380597323179245,0.0,0.0702446401119232,0.1293796598911285,0.1322038024663925
11.848225586361265,10.819778284410283,"1,404",design,36,12.0,0.0,1.0,1,10,0,15.837971611150978, UK,0,1,3,12, Chris Olenik,Kickstarter,1576448,1526110,video,37,9,8,10904,27.838457711442786,44.721393034825866,2.255459115119433,9.539672112583965,3.9821699686268536e-05,2.8432137244525025e-05,4.532003597592324e-05,0.2666666666666666,0.0666666666666666,0.4666666666666667,2.090156653651791e-05,6.659250416140823e-05,6.557844999336019e-05,0.1333333333333333,"DATE,PERSON,GPE,ORG",0,1383,4839,4,1,0.0,0.1261273026466369,0.3691084682941437,0.109676569700241,0.2864850461483001,0.0,0.0906974449753761,0.0
10.951017050974922,10.819778284410283,453,journalism,30,12.0,0.0,1.0,1,9,1,15.85339624216229, NM,0,1,4,16, Paul Francis Salopek Ii,Kickstarter,1576497,1526050,video,46,1,10,10808,30.707873563218392,48.643678160919535,2.0624787658170343,7.865442255931684,4.5634350357635486e-05,6.708051989322534e-05,3.176514954590189e-05,0.2,0.4,0.2,3.697404125891071e-05,3.30566603757237e-05,2.9270430183404275e-05,2.8249667089855665e-05,"PERSON,GPE,DATE,NORP,QUANTITY,ORDINAL,WORK_OF_ART,LOC",0,1384,4839,5,0,0.0,0.0802767276763916,0.0,0.1208656355738639,0.4798734486103058,0.0792504101991653,0.0,0.2226355224847793
13.175930684264532,10.596634733096073,"6,599",fashion,32,21.0,0.0,1.0,1,9,1,14.64870833488698, NY,0,1,4,16, Jonathan Cedar,Kickstarter,1576442,1526092,video,35,13,7,8581,45.11382352941177,58.17647058823529,0.9258673477434276,2.5240565459680986,9.412569239394708e-05,4.5922749498455634e-05,7.9564018632378e-05,4.730069672559211e-05,9.50673177513378e-05,0.4,0.2,0.2,0.2,2.2657474156530665e-05,"DATE,CARDINAL,ORG,PRODUCT",0,1385,4839,6,0,0.0793133229017257,0.2264301627874374,0.2364150881767273,0.2602376937866211,0.0,0.0,0.1725506484508514,0.0
9.990811380707804,9.903487552536127,235,film_Video,31,13.0,0.0,1.0,1,9,4,12.87291948429548, LA,0,1,1,5, Bruno Doria,Kickstarter,1576351,1526039,video,12,4,8,5265,38.79195121951219,52.20731707317073,1.2080358017141786,3.3469042085070657,2.0840260599690892e-05,8.661539909948779e-05,8.672502194915309e-05,6.314422110893242e-05,7.708723602615784e-05,0.5714285714285714,8.293585871107956e-05,0.1428571428571428,1.843123984176056e-05,0.1428571428571428,"GPE,NORP,LANGUAGE,ORG,WORK_OF_ART",0,1386,4839,1,0,0.0,0.2964894473552704,0.0,0.1597941517829895,0.42167529463768,0.0886211097240448,0.0,0.0
11.855947632455171,10.126631103850338,"2,030",design,30,11.0,0.0,1.0,1,10,0,12.94626322746207, CA,1,0,1,31, Ivan Cash,Kickstarter,1576351,1526039,video,60,7,43,10520,46.89888888888888,43.129629629629626,0.7190018079469849,2.0523835149047627,1.5583308726590336e-05,3.915784959053851e-05,4.608039864399639e-05,9.87190845242332e-05,2.3780858732288863e-05,1.0,6.641936229074352e-05,7.339206646801863e-05,3.5246046258074276e-05,4.580162548639645e-05,ORG,0,1386,4839,13,0,0.0104463063180446,0.0104469312354922,0.4445124566555023,0.0933540239930152,0.1245807334780693,0.010434721596539,0.2957717478275299,0.0104530649259686
10.740085515501034,10.54006438160768,"1,456",games,30,16.0,0.0,1.0,1,9,2,11.166002812474174, Ireland,0,1,1,4, Paul Anthony Conway,Kickstarter,1576311,1525977,video,64,8,38,8483,62.63571428571428,63.857142857142854,0.5041969949631245,1.6556554868252142,2.457307059689923e-05,9.873768859169676e-05,1.4037250256684724e-05,1.2792559817622904e-05,0.5,8.761096542851706e-05,0.5,1.5308039100106585e-05,6.108714461383396e-05,1.7615654671128306e-05,"WORK_OF_ART,PERSON,ORG,CARDINAL",0,1387,4839,15,0,0.4430050551891327,0.120589442551136,0.011389042250812,0.011381734162569,0.0113940415903925,0.0113858822733163,0.3794721066951751,0.0113826785236597
9.365119425763735,7.824046010856292,440,food,27,8.0,0.0,1.0,1,9,1,14.816343153421665, IL,0,1,1,3, Andrew Dowd,Kickstarter,1576244,1525911,link,28,7,2,29,7.120000000000001,30.0,0.67699410932735,1.9679533800044633,0.0769230769230769,0.0769230769230769,3.516139048335125e-05,0.0769230769230769,0.0769230769230769,0.3076923076923077,0.0769230769230769,0.0769230769230769,0.0769230769230769,0.1538461538461538,,0,1388,4839,1,0,0.0,0.1510108709335327,0.0,0.502700686454773,0.0,0.0964712873101234,0.1431632786989212,0.0878467336297035
12.918999629596426,9.169518377455928,"5,842",games,21,6.0,0.0,1.0,1,9,1,14.230937217984762, Sweden,0,1,31,30, Tomas Härenstam,Kickstarter,1576190,1525843,video,93,11,26,17505,29.394609929078015,30.56028368794326,1.7873174471947446,5.973406974928595,8.949462412836014e-05,0.3333333333333333,9.833689131186646e-05,3.3747838843592794e-05,2.3464257322677175e-05,9.78058104144278e-05,0.3333333333333333,0.3333333333333333,2.197087247469767e-05,5.563078565590683e-05,"WORK_OF_ART,PERSON,DATE",0,1389,4839,12,1,0.095389038324356,0.0867882519960403,0.1971305459737777,0.1121285185217857,0.0,0.3311648368835449,0.0,0.1594937294721603
10.632822003857786,10.308952660644293,468,film_Video,29,12.0,0.0,1.0,1,9,2,15.194750847520003, CA,1,0,1,6, Lynn Chen,Kickstarter,1575992,1525716,video,20,1,4,8373,49.180882352941175,57.52941176470589,0.4463720865619592,1.5626327930387132,6.93721245637427e-05,1.2007153440877924e-05,9.016821703080924e-05,0.2,9.30381617244626e-05,0.2,9.686952789945928e-05,0.2,8.436272010991772e-05,0.2,"NORP,PERSON,CARDINAL",0,1391,4839,2,0,0.1036437153816223,0.0,0.1619321703910827,0.0,0.3097885251045227,0.167008027434349,0.0,0.2355279624462127
11.091587192105758,9.254835611862736,856,crafts,31,10.0,0.0,1.0,1,9,1,15.837971611150978, UK,0,1,2,14, Luca Amaduzzi,Kickstarter,1575941,1525623,video,79,11,16,11013,37.73441860465117,44.75581395348837,1.0735895078580184,2.9258630817945623,8.323510093500047e-05,4.740949013504042e-05,2.489978617972245e-05,7.275098263962437e-05,1.7517133451615215e-05,1.0,8.127133832735339e-05,1.0960317933368916e-05,6.549036144157032e-05,2.3827386100993944e-05,,0,1392,4839,3,0,0.0,0.3127412497997284,0.33765509724617,0.0,0.0,0.0,0.3014446794986725,0.0
8.018256612042661,7.7408382998396,68,art,30,11.0,0.0,1.0,1,9,1,14.575639054856664, France,0,1,1,1, Emilie Rigaud,Kickstarter,1575886,1525509,photo,17,0,1,18,10.708750000000002,28.5,0.2310423443042988,1.2599125884417457,6.23562982679068e-05,3.269756452851264e-05,5.939130811328962e-05,3.9648959250893816e-05,7.627038750900852e-05,9.461222380493816e-05,7.516636932961979e-05,5.415894122076289e-05,8.610878262844742e-05,6.31648616149744e-05,,0,1393,4839,1,0,0.0250197425484657,0.0250794347375631,0.0250135939568281,0.0250650569796562,0.4247969090938568,0.4249750077724457,0.0250300616025924,0.0250200722366571
7.706612913964197,8.656433258507741,105,art,30,14.0,0.0,1.0,0,9,0,14.575639054856664, France,0,1,1,0, Benjamin Pierre Jean Dumond,Kickstarter,1575843,1525434,video,16,8,3,5229,40.863,41.66666666666667,0.9159236740468832,2.499082523825527,0.25,0.25,7.130386650974016e-05,9.658526032248744e-05,7.519795166557368e-05,7.40596720447421e-05,0.25,0.25,7.946925230228366e-05,9.878269656724798e-05,"CARDINAL,PERSON,PRODUCT",0,1394,4839,1,0,0.1607981920242309,0.3039198219776153,0.0178847946226596,0.1601386368274688,0.303579717874527,0.017887519672513,0.0178847946226596,0.0179065335541963
10.404342837248787,10.399158928530442,393,film_Video,28,20.0,0.0,1.0,1,9,1,15.047007280023903, Germany,0,1,2,0, Gilad Baram,Kickstarter,1575843,1525434,video,39,4,17,12371,33.416538461538465,51.0,1.4112184212699628,4.10094904481759,0.1111111111111111,1.5551226662778594e-05,1.087052849622273e-05,0.1111111111111111,0.1111111111111111,0.2222222222222222,7.955090252843146e-05,3.360221954990654e-05,9.959832403024823e-05,0.1111111111111111,"PERSON,GPE,DATE,ORDINAL,WORK_OF_ART",0,1394,4839,6,0,0.0,0.0,0.0,0.0,0.231674239039421,0.4003859162330627,0.0,0.3310763239860534
12.663924616528496,10.596634733096073,"2,722",art,21,22.0,0.0,1.0,1,9,1,13.436372336049692, WA,0,1,1,0, Joya Erlebach,Kickstarter,1575780,1525375,video,18,14,7,6335,25.324480519480517,46.522727272727266,2.361957155358062,10.61169988714797,0.1052631578947368,7.46205589096883e-05,4.2539994628323544e-05,0.0526315789473684,0.1052631578947368,0.3157894736842105,0.0526315789473684,3.019244498545886e-05,8.95023159478358e-05,0.2105263157894736,"NORP,ORG,CARDINAL",0,1395,4839,2,6,0.0,0.0,0.2687126100063324,0.0994124859571456,0.3672958314418793,0.1768954992294311,0.0713416263461113,0.0
8.191740021277457,10.544077482357398,27,music,30,7.0,0.0,1.0,0,9,1,14.368888071119224, Germany,0,1,1,0, Quang Truong,Kickstarter,1575786,1525314,video,12,1,3,5195,39.34363636363637,31.651515151515152,0.8349443079079715,2.3046856919451764,2.87947841945131e-05,9.792739491636349e-05,5.966919479067752e-05,1.0,9.208180037331728e-05,2.6879741848508863e-05,5.389496768630487e-05,8.19090897966414e-05,7.202863040420889e-05,5.217519791301334e-05,"PRODUCT,ORG",0,1396,4839,1,0,0.0138928489759564,0.4307690262794494,0.0138962278142571,0.0139066772535443,0.0139114642515778,0.0139067331328988,0.4858203828334808,0.0138966115191578
11.321728639236904,11.156250521031495,562,technology,30,7.0,0.0,1.0,1,9,2,13.410750701107972, MA,0,1,1,0, Quang Truong,Kickstarter,1575786,1525314,video,105,10,48,19929,25.42019999999999,38.5,1.4824735314716682,4.403825220208177,1.5270877475608048e-05,6.779162321778344e-05,8.114431206234975e-05,0.1666666666666666,0.0833333333333333,0.5,6.393870726545162e-05,7.409498805137138e-05,1.665243810435546e-05,0.1666666666666666,"ORG,PRODUCT",0,1396,4839,23,0,0.0,0.3618253469467163,0.502354621887207,0.0,0.0,0.0,0.0875876918435096,0.0
9.873512763784191,9.417354541360508,214,film_Video,23,7.0,0.0,1.0,1,9,1,15.936165897399452, Japan,0,1,1,3, Matthew Kay,Kickstarter,1575762,1525290,video,42,2,14,11231,50.43285714285714,43.83333333333333,0.2839303350246747,1.3283403887289589,0.2,0.2,2.928774359456485e-05,4.4298986463336664e-05,5.8130355257819745e-05,0.2,0.4,8.483953188291909e-05,8.116385239751297e-05,4.126122596894684e-05,"DATE,PERSON",0,1397,4839,6,0,0.0178791433572769,0.0178897678852081,0.0178702883422374,0.0178787317126989,0.3928728103637695,0.4998420476913452,0.017885597422719,0.017881641164422
11.735596904857374,9.210340371976184,402,publishing,30,16.0,0.0,1.0,1,9,0,10.250263664295613, NY,0,1,34,14, Luke Ives Pontifell,Kickstarter,1575735,1525267,link,17,3,2,21,13.768499999999996,50.0,0.663865858540915,1.9422864441237129,6.357067594474616e-05,7.51422498967471e-05,8.871215647486082e-05,6.88125270663605e-05,7.984899367209842e-05,0.3333333333333333,6.8956698970107e-05,7.759110433209876e-05,2.9255030845674204e-05,0.3333333333333333,PERSON,0,1398,4839,4,0,0.4795368015766144,0.0,0.0,0.0744560286402702,0.0,0.0,0.2640495300292969,0.1506155431270599
14.354171052253118,12.15819456528571,"9,838",games,22,3.0,0.0,1.0,1,9,3,12.88794399214574, UK,0,1,15,22, Richard Loxam,Kickstarter,1575700,1525237,video,20,2,5,7584,35.67,47.5,1.1671874494233436,3.2129433530269207,0.1538461538461538,0.0769230769230769,9.335195548959103e-05,0.0769230769230769,3.368879649399633e-05,0.1538461538461538,0.1538461538461538,0.0769230769230769,7.438044064365742e-05,0.0769230769230769,WORK_OF_ART,0,1399,4839,3,0,0.1935036927461624,0.0,0.0,0.1013013944029808,0.113498143851757,0.1253415644168853,0.0,0.4428654611110687
10.501472042414694,11.512925464970229,220,design,58,6.0,0.0,1.0,0,8,0,14.816343153421665, IL,0,1,3,21, Douglas C Kranz Jr,Kickstarter,1575647,1525191,link,3,2,0,5,9.475,45.0,1.1123591855330666,3.0415254597561985,1.7135225616807258e-05,7.005203457699157e-05,9.989434535628237e-05,9.050218844278996e-05,8.663027050881835e-05,1.0,9.126129129875085e-05,5.793729145886669e-05,6.980923409253422e-05,3.971934879508785e-05,"LOC,ORG",0,1400,4839,2,0,0.0463209338486194,0.5682311654090881,0.0,0.1221565753221511,0.190588966012001,0.0,0.0587810389697551,0.0
12.00310150607458,9.692766521220475,"4,109",games,30,8.0,0.0,1.0,1,9,2,15.047007280023903, Germany,0,1,1,9, Julius Lorenz Riecke,Kickstarter,1575565,1525143,video,84,10,16,13559,76.64875,34.75,0.3354091236112809,1.3985124326523006,9.172166908794962e-05,2.3811114889734587e-05,8.970391853648519e-05,6.80297710553065e-05,1.6702973487013203e-05,1.0,2.010796561650702e-05,1.2623120177893855e-05,1.732885909598521e-05,4.7066905474659735e-05,"NORP,ORG",0,1401,4839,11,0,0.7810692191123962,0.0312823019921779,0.0312640070915222,0.0312973000109195,0.0312676876783371,0.0312640070915222,0.0312640070915222,0.0312914736568927
12.022954771759998,11.695247021764184,"1,800",design,31,11.0,0.0,1.0,1,9,1,12.996806957126934, FL,0,1,1,2, Eduardo Umana,Kickstarter,1575499,1525057,video,29,13,10,13112,30.088913043478264,35.413043478260875,1.2145223720080776,3.3686847019043418,0.0666666666666666,0.1333333333333333,5.459851115687811e-05,0.1333333333333333,0.0666666666666666,0.2,0.1333333333333333,0.0666666666666666,0.0666666666666666,0.0666666666666666,"PERSON,ORG,CARDINAL,PRODUCT",0,1402,4839,5,0,0.0,0.0,0.0,0.0,0.396786481142044,0.1456994861364364,0.4245366156101227,0.0
9.701493759944652,9.210340371976184,288,design,30,9.0,0.0,1.0,1,9,2,15.9166075437284, NY,0,1,2,13, Nikolas Bentel,Kickstarter,1575450,1524964,video,133,19,31,23553,38.64735294117647,34.970588235294116,1.1366106122226012,3.1161884745109423,0.25,3.0549775293397944e-05,4.3143421440707246e-05,4.726604499191527e-05,6.421846527587692e-05,0.5,9.610169433949444e-05,7.655818874436842e-05,2.4253742375599535e-05,0.25,"DATE,PERSON,PRODUCT",0,1403,4839,27,0,0.0,0.0,0.302560418844223,0.0,0.5706722736358643,0.0,0.0,0.0849338769912719
8.266164436612492,9.61059191303146,85,games,35,9.0,0.0,1.0,0,9,3,14.28551418721001, Canada,0,1,1,0, Olivier Veneri,Kickstarter,1575425,1524909,video,110,35,42,26121,55.92124999999999,36.5,0.3425240383659617,1.4084982112507451,8.05122604044341e-05,2.27393965889041e-05,6.319889193447935e-05,8.35532929912492e-05,5.049350751170894e-05,1.0,5.251123479356907e-05,2.343038333978468e-05,1.5868626719844496e-05,8.076059785313037e-05,"ORG,PRODUCT",0,1404,4839,26,0,0.0139056723564863,0.4248889684677124,0.0139020895585417,0.0139053491875529,0.013914082199335,0.0138977253809571,0.0139242438599467,0.4916618466377258
9.124782483614537,9.104979856318357,114,art,29,12.0,0.0,1.0,1,9,3,12.94626322746207, CA,0,1,1,3, Angela Ann Wilson,Kickstarter,1575380,1524873,video,32,1,3,10113,46.49911764705883,55.23529411764706,0.7865118875484312,2.195724120457496,9.46792152603284e-05,6.950175281431452e-05,8.615869928910667e-05,0.5,9.640920744104712e-05,0.5,9.712890043646403e-05,4.70157336248284e-05,4.367018182971618e-05,4.010161009385746e-05,PERSON,0,1405,4839,3,0,0.2579990029335022,0.0113820116966962,0.4536082148551941,0.0113977193832397,0.1057962328195571,0.0113798882812261,0.0113739073276519,0.1370630711317062
10.552081829046976,10.308952660644293,206,design,45,10.0,0.0,1.0,1,8,2,12.926200063971772, MN,0,1,2,18, Jacob Orak,Kickstarter,1575308,1524802,video,79,12,13,13045,41.98710526315789,58.473684210526315,1.1998322346891732,3.319559969009087,7.498594577834068e-05,4.89004367941938e-05,3.0327596345995327e-05,4.7487308395560365e-05,1.8681683873036596e-05,0.6,7.613573417668578e-05,6.03622576907319e-05,4.15867429220967e-05,0.4,"GPE,ORG",0,1406,4839,8,0,0.0,0.0988306477665901,0.0,0.1097123622894287,0.0782364308834075,0.0,0.5196939706802368,0.170025959610939
10.413132479553957,10.308952660644293,358,film_Video,28,21.0,0.0,1.0,1,8,1,12.00432359107012, OR,0,1,1,0, Christiana Cooper,Kickstarter,1575298,1524729,video,39,16,24,11032,58.720000000000006,45.315789473684205,0.5035476802279649,1.6545807942658866,0.1666666666666666,0.0833333333333333,1.778359979364747e-05,0.0833333333333333,0.0833333333333333,0.25,0.0833333333333333,8.4623739406698e-05,1.884296608948381e-05,0.0833333333333333,"PERSON,GPE,ORG",0,1407,4839,13,1,0.465775579214096,0.0156358517706394,0.015636458992958,0.0156504195183515,0.2848960161209106,0.0156469829380512,0.1711059957742691,0.0156526640057563
9.387056246249305,8.594154232552366,505,games,35,11.0,0.0,1.0,1,8,1,11.8430274545836, Switzerland,0,1,1,9, Gabriel Sonderegger,Kickstarter,1575240,1524686,video,47,9,4,9268,42.53612903225807,38.08064516129032,1.0732336053645566,2.924821945110784,0.1111111111111111,0.1111111111111111,2.4017478381904992e-05,0.1111111111111111,0.1111111111111111,0.2222222222222222,0.1111111111111111,3.8346629158955256e-05,0.1111111111111111,0.1111111111111111,"PERSON,LOC",0,1408,4839,5,0,0.0139129674062132,0.013913307338953,0.013914150185883,0.1503190994262695,0.1336624473333358,0.5283346772193909,0.0139242196455597,0.1320191025733947
11.188371917742543,10.596634733096073,290,design,30,7.0,0.0,1.0,1,9,2,9.366831168735615, CA,0,1,1,0, Dan Widmaier,Kickstarter,1575180,1524642,video,282,42,70,36992,52.865,49.5,0.5207438607767336,1.683279309565504,9.842691450304348e-05,7.32364395691287e-05,9.981080674787951e-05,9.058524940720949e-05,3.119327160856885e-05,9.460238698279496e-05,9.604908663728157e-05,1.0643233444230942e-05,1.3534632979712058e-05,3.131214142781248e-05,ORG,0,1409,4839,39,0,0.0125331468880176,0.0125442473217844,0.112386479973793,0.0125414123758673,0.0125070642679929,0.0125118140131235,0.0125292995944619,0.8124465346336365
8.677269139262872,8.517193191416238,239,games,30,12.0,0.0,1.0,1,8,1,13.357133477695209, OR,0,1,3,9, Tristan Barona,Kickstarter,1575137,1524516,video,24,5,2,10225,35.34991228070176,33.719298245614034,1.1997771048459291,3.3193769672328326,0.1111111111111111,0.1111111111111111,4.227499470530537e-05,2.237134951768388e-05,0.1111111111111111,0.2222222222222222,0.2222222222222222,0.1111111111111111,5.7173882063857715e-05,0.1111111111111111,PERSON,0,1411,4839,0,0,0.2532622516155243,0.1289041340351104,0.1775527745485305,0.0,0.1977621614933014,0.0,0.0,0.2190258949995041
9.565353936588249,10.819778284410283,17,technology,31,1.0,0.0,1.0,0,8,2,15.194750847520003, CA,0,1,1,0, Christopher Olenik,Kickstarter,1575109,1524485,video,115,3,27,18593,54.4,46.83333333333333,0.6393933972962642,1.8953308177264785,0.1428571428571428,0.1428571428571428,6.452676715455063e-05,0.1428571428571428,9.421208039369882e-05,0.1428571428571428,0.1428571428571428,0.1428571428571428,4.642342175068642e-05,0.1428571428571428,"ORG,PRODUCT,TIME",0,1413,4839,10,0,0.1017572879791259,0.596137523651123,0.2603515684604645,0.0,0.0,0.0,0.0,0.0
9.128696382935672,8.242756345714477,189,crafts,20,7.0,0.0,1.0,1,8,3,15.9166075437284, NY,0,1,8,26, Jason Koxvold,Kickstarter,1575068,1524453,video,12,0,2,8393,57.312222222222225,64.03703703703704,0.7181619244173444,2.0506604754715956,0.2857142857142857,0.1428571428571428,2.655529355445595e-05,7.811643389514823e-05,1.0841737455566318e-05,2.556178410860605e-05,0.2857142857142857,0.1428571428571428,0.1428571428571428,1.3337820452263558e-05,"WORK_OF_ART,PERSON,GPE",0,1414,4839,1,0,0.4937867224216461,0.1606178432703018,0.0179049205034971,0.0178736317902803,0.0178863611072301,0.2561478912830353,0.0179090294986963,0.0178736317902803
10.491714120666632,9.287301413112312,"1,235",food,30,23.0,0.0,1.0,1,8,1,15.047007280023903, Germany,0,1,8,188, Justin Moore,Kickstarter,1574996,1524365,video,87,21,104,28783,58.467391304347835,49.086956521739125,0.5435189733714302,1.7220560819172797,6.387066938959841e-05,5.983965588649943e-05,4.6497269931214925e-05,3.7336584036686326e-05,6.217073450487799e-05,5.064769245409639e-05,3.49601848500768e-05,1.4002345807470498e-05,1.659608304283023e-05,1.411919907735219e-05,"GPE,PERSON,ORDINAL",0,1416,4839,9,0,0.1361020505428314,0.0,0.0,0.1360676139593124,0.0,0.0,0.0,0.6887393593788147
10.457286455149983,11.918390573078392,199,film_Video,30,20.0,0.0,1.0,0,8,1,14.928529241071455, Afghanistan,0,1,2,0, Shabnam Ahmad Zahir,Kickstarter,1574959,1524300,video,29,1,23,11261,60.61714285714286,40.04761904761905,0.5922301416339203,1.8080160545036748,6.630857104845489e-05,3.9565814890407687e-05,2.0097870802350767e-05,4.032051086611521e-05,4.5438572915494527e-05,1.0,6.833542772631915e-05,5.713092748566809e-05,9.314349250884957e-05,1.9571092438767103e-05,"DATE,PERSON,GPE,ORG",0,1417,4839,9,0,0.0916812866926193,0.0,0.1125059053301811,0.0,0.0902035757899284,0.3401442468166351,0.2586944997310638,0.090057648718357
11.530618024501146,10.819778284410283,147,crafts,36,6.0,0.0,1.0,1,8,2,15.194750847520003, CA,0,1,1,0, Christopher Olenik,Kickstarter,1574836,1524150,video,43,13,18,12055,80.886,65.0,0.2081076553249893,1.2313457233376992,5.349648564696927e-05,3.534877087160175e-05,2.8263329713178943e-05,0.2,9.116273236981364e-05,0.4,0.2,3.580645178789766e-05,4.758794060015824e-05,9.237835587867348e-05,ORG,0,1421,4839,8,0,0.0139023596420884,0.0139313992112874,0.1277860552072525,0.0139011582359671,0.0139039531350135,0.2384739518165588,0.5641835331916809,0.0139176277443766
10.43084575693648,10.126631103850338,296,film_Video,29,23.0,0.0,1.0,1,8,1,9.880218925596774, India,1,0,1,27, Shrihari Sathe,Kickstarter,1574836,1524150,video,31,1,9,9065,36.92,44.72222222222222,1.2542137720644913,3.5050814977281437,0.25,0.0833333333333333,9.582011260480886e-05,0.0833333333333333,6.001169885115556e-05,0.0833333333333333,0.25,0.0833333333333333,4.124440767390466e-05,5.793639799669845e-05,"EVENT,PERSON,GPE,DATE,NORP,WORK_OF_ART",0,1421,4839,0,0,0.0,0.0,0.0,0.1959345489740371,0.0,0.3466970920562744,0.2923405468463897,0.1292482763528823
10.532842600008294,10.491274217438248,"1,095",film_Video,29,32.0,0.0,1.0,1,8,3,11.5647491186924, CA,0,1,4,2, Simon Ore,Kickstarter,1574806,1524098,link,10,3,3,11,13.701999999999998,75.0,0.2730637826853371,1.313984051583301,1.6404011099011878e-05,3.362360092448291e-05,6.548130416496666e-05,0.5,9.182206680011606e-05,7.907583223871352e-05,9.704066576613712e-05,2.467209515510829e-05,3.7278128293284936e-05,3.926256457031822e-05,"PERSON,CARDINAL",0,1422,4839,1,0,0.2451118528842926,0.0,0.2942318618297577,0.0,0.1538849174976349,0.1775932312011718,0.1082674860954284,0.0
11.089011213193537,9.210340371976184,"1,270",food,30,10.0,0.0,1.0,1,8,1,14.148353359002384, CA,0,1,2,4, Nicolas Mendoza,Kickstarter,1574769,1524065,video,13,12,2,4161,31.75269230769231,22.570512820512818,1.1592475709541503,3.1875339804279923,6.0208630809406585e-05,2.797556672101645e-05,4.425815320277117e-05,0.2,7.073989135025263e-05,0.4,8.29014129391409e-05,2.3623209267318556e-05,6.6439764631862e-05,0.4,"PERSON,ORG",0,1423,4839,2,1,0.2450629770755767,0.5416824817657471,0.1650542020797729,0.0,0.0,0.0,0.0,0.0
10.52156091004312,10.126631103850338,459,fashion,45,8.0,0.0,1.0,1,8,2,14.151849928616338, CA,0,1,1,0, Carlos Edel Olguin Alvarez,Kickstarter,1574599,1523880,video,128,12,44,13742,40.2934375,37.875,1.1699005385016703,3.2216721902494627,0.1428571428571428,1.1007937473013372e-05,5.17840212183502e-05,0.1428571428571428,0.1428571428571428,0.2857142857142857,5.740286841213278e-05,5.255053082260484e-05,4.814869569887095e-05,0.1428571428571428,"DATE,PERSON,PRODUCT",0,1426,4839,26,1,0.3070164620876312,0.2890895009040832,0.0,0.0,0.1198076903820037,0.2527742683887481,0.0,0.0
10.917376753174178,10.819778284410283,202,art,31,10.0,0.0,1.0,1,8,1,13.410750701107972, MA,0,1,1,0, Susan Rodgerson,Kickstarter,1574534,1523825,video,14,2,14,5729,41.67525,45.0,0.8867370242846416,2.427196831711186,0.0555555555555555,0.0555555555555555,1.030455879165797e-05,0.0555555555555555,0.1666666666666666,0.2777777777777778,2.3441131445012e-05,0.0555555555555555,8.317096965258798e-05,0.1666666666666666,"GPE,ORG",0,1427,4839,3,0,0.2944662868976593,0.0870471149682998,0.0,0.0,0.0,0.4977191984653473,0.0,0.0894466713070869
11.27126146401864,9.210340371976184,788,design,30,26.0,0.0,1.0,1,8,2,13.436372336049692, WA,1,0,5,15, Roberto Hoyos,Kickstarter,1574457,1523743,video,25,11,9,8203,55.41625,49.5,0.5509795266137062,1.7349516171024482,7.158828240328104e-05,1.4601847429602747e-05,5.44219694804964e-05,0.3333333333333333,3.402657460910985e-05,0.3333333333333333,8.290774753524362e-05,4.218257256320787e-05,8.496523567781034e-05,0.3333333333333333,ORG,0,1428,4839,7,0,0.3033719658851623,0.0104252528399229,0.2469281256198883,0.0104393390938639,0.0104244649410247,0.0104540130123496,0.3975238502025604,0.0104330368340015
10.832260061912338,10.126631103850338,366,games,30,9.0,0.0,1.0,1,8,1,15.194750847520003, CA,0,1,1,0, Christopher Olenik,Kickstarter,1574325,1523583,video,48,9,11,8984,60.0895652173913,46.28260869565217,0.4013130342017759,1.493784801052125,1.216045403604e-05,4.2056068089557896e-05,4.363274527626008e-05,0.5,1.4178799420510524e-05,7.24534823338862e-05,1.730942955995429e-05,5.995641063065792e-05,2.1204691383696617e-05,1.3404048359383696e-05,,0,1430,4839,7,0,0.0,0.4879546165466308,0.1751833707094192,0.0,0.0,0.0,0.0,0.2977084219455719
10.659718540400366,9.611557804804775,"1,361",games,31,17.0,0.0,1.0,1,8,3,13.304684934198283, Canada,0,1,2,12, Daniel Nascimento,Kickstarter,1574238,1523525,video,28,8,7,6227,38.76447368421053,34.78947368421053,1.3037119239306785,3.682942127515415,0.1818181818181818,0.0909090909090909,9.08790745379001e-05,3.8004104505772814e-05,3.289719759077427e-05,0.0909090909090909,0.2727272727272727,0.0909090909090909,0.0909090909090909,9.567589893642018e-05,,0,1431,4839,2,0,0.2129940688610077,0.1829519122838974,0.2342365533113479,0.0,0.0,0.2190646827220916,0.0705305561423301,0.0662573426961898
9.7853794640558,9.472704636443671,254,film_Video,30,16.0,0.0,1.0,1,8,2,15.9166075437284, NY,1,0,2,9, Naima Ramos-Chapman,Kickstarter,1574221,1523408,video,23,0,1,10707,64.5,40.22222222222222,0.4283855511938468,1.5347777022855038,9.610483905004148e-05,3.087110095920234e-05,9.671951243467491e-05,0.3333333333333333,4.216721673909469e-05,0.3333333333333333,7.358706668443757e-05,5.8127376003985794e-05,7.378285882603665e-05,0.3333333333333333,PERSON,0,1432,4839,2,0,0.015701787546277,0.1403936892747879,0.1982749253511428,0.265346497297287,0.3332665264606476,0.0156704559922218,0.015678871423006,0.0156672671437263
12.222656480420666,10.799081046669484,"6,991",games,31,18.0,0.0,1.0,1,8,2,14.28551418721001, Canada,0,1,2,42, Xin Ran Liu,Kickstarter,1574230,1523382,video,53,21,40,20085,56.40347826086957,41.934782608695656,0.4433728846963001,1.5579531629360135,0.2222222222222222,0.1111111111111111,1.4722991274646349e-05,0.1111111111111111,5.813711826981514e-05,0.1111111111111111,0.1111111111111111,7.11732090610039e-05,0.1111111111111111,0.1111111111111111,"WORK_OF_ART,ORG",0,1433,4839,34,0,0.1875700503587722,0.0156582351773977,0.0156561527401208,0.2998944520950317,0.343582808971405,0.1062761470675468,0.0156816877424716,0.0156804490834474
9.823578169307826,10.677615462228353,551,games,35,19.0,0.0,1.0,0,8,1,12.311900052177435, Austria,0,1,1,1, Stefan Kohl,Kickstarter,1574230,1523382,video,59,5,7,10966,52.959166666666654,69.33333333333333,1.0014642266275888,2.722264924459545,7.557906558129425e-05,9.5066972178359e-05,9.851438852197974e-05,7.235521607283323e-05,6.755517116323446e-05,0.5,4.83270896628933e-05,1.1723346207293153e-05,5.343810151761837e-05,0.5,"WORK_OF_ART,ORG,PRODUCT",0,1433,4839,6,0,0.2959828972816467,0.1352594643831253,0.4340635240077972,0.1033577248454094,0.0,0.0,0.0,0.0
9.234252192022495,9.190137664658664,193,crafts,28,11.0,0.0,1.0,1,7,0,14.64870833488698, NY,0,1,8,26, Jason Koxvold,Kickstarter,1574192,1523380,link,16,7,1,16,6.550000000000001,45.33333333333333,0.4876234501303824,1.6284415450584069,3.8382736893950576e-05,0.5,4.758447225721571e-05,2.9257870207515836e-05,5.259616635716977e-05,3.147452990056776e-05,0.5,1.1906568479157104e-05,2.73407471371038e-05,5.547015850862988e-05,"PERSON,GPE,DATE,CARDINAL,LOC",0,1434,4839,0,0,0.0,0.0,0.118613563477993,0.0,0.197092667222023,0.2022480219602584,0.0843463540077209,0.3741882145404815
13.255762511283049,10.714417768752456,"3,533",design,42,16.0,0.0,1.0,1,8,2,12.62606833817252, PA,0,1,1,2, Ian Rosenberger,Kickstarter,1574192,1523380,video,167,13,53,19856,60.0895652173913,59.32608695652174,0.6170335379788577,1.8534217735159908,8.177626407668374e-05,1.2486864957033756e-05,9.072668095395552e-05,5.648000919321736e-05,2.018402044783474e-05,1.6395550734113853e-05,0.5,6.86597172890605e-05,0.5,8.165169859033516e-05,"CARDINAL,ORG",0,1434,4839,12,0,0.0,0.3137932419776916,0.0,0.3000394999980926,0.0,0.0,0.2845764458179474,0.0721155852079391
9.679843876180236,9.210340371976184,352,design,60,9.0,0.0,1.0,1,7,1,15.194750847520003, CA,0,1,2,0, Raymond Chen,Kickstarter,1574162,1523347,video,101,16,30,15486,66.12625,49.0,0.4610869063342088,1.5857966610668026,9.932631581457744e-05,3.813906829196975e-05,9.896527629353856e-05,0.1428571428571428,2.182150762467132e-05,0.1428571428571428,0.2857142857142857,6.84015359051795e-05,0.2857142857142857,0.1428571428571428,,0,1435,4839,12,0,0.0104318195953965,0.7607183456420898,0.0104312505573034,0.0104402257129549,0.0104335844516754,0.0104341888800263,0.0104315308853983,0.1766790151596069
11.13312810361064,11.082142548877776,522,film_Video,39,10.0,0.0,1.0,1,7,1,15.9166075437284, NY,0,1,2,17, Megumi  Sasaki,Kickstarter,1574120,1523282,link,38,2,6,41,12.1575,40.666666666666664,0.6221837670194368,1.862991943287594,4.5939932217930035e-05,0.25,1.8368224880031213e-05,4.855558140330928e-05,3.816056782675336e-05,9.644666203301038e-05,0.25,0.25,0.25,8.791557575807346e-05,"PERSON,GPE,NORP,ORG,WORK_OF_ART",0,1436,4839,3,0,0.0,0.1523753702640533,0.1432127952575683,0.3029682636260986,0.2328543961048126,0.1476922929286956,0.0,0.0
11.01715264383053,10.819778284410283,313,design,30,21.0,0.0,1.0,1,8,2,14.151849928616338, CA,0,1,3,0, Rob Saunders,Kickstarter,1574118,1523253,video,14,0,2,4329,34.2136,49.0,1.3771597385590548,3.963627885436907,8.192421739943039e-05,2.5289800732595804e-05,4.8391210424038245e-05,0.1666666666666666,9.572634151237837e-05,0.5,8.882441627115065e-05,4.652501532686227e-05,5.7725017494467755e-05,0.1666666666666666,"CARDINAL,PERSON,ORG",0,1437,4839,0,0,0.2031694203615188,0.0,0.1625683754682541,0.3603430092334747,0.0,0.2381486445665359,0.0,0.0
10.573314927774456,9.903487552536127,595,film_Video,39,8.0,0.0,1.0,1,8,3,12.771877811117564, OR,0,1,3,23, Taylor Morden,Kickstarter,1574047,1523234,link,175,41,66,238,10.806666666666665,42.33333333333333,0.1290461468996764,1.1377426262491492,8.49350595993518e-05,2.5958012817038037e-05,1.543616819136343e-05,4.787424575810148e-05,4.653926941684411e-05,9.27254710626672e-05,8.262891534299725e-05,4.295915186816654e-05,7.410642278574494e-05,7.538419299636949e-05,"WORK_OF_ART,CARDINAL",0,1438,4839,56,7,0.0125308996066451,0.5845071077346802,0.0125189637765288,0.0125331673771142,0.2675772905349731,0.0125469574704766,0.0125188566744327,0.0852667391300201
9.391238749864629,8.8527006771006,376,games,50,5.0,0.0,1.0,1,8,1,15.261576235762831, AU,0,1,2,0, Daniel Pazarkoski,Kickstarter,1574001,1523174,video,92,7,23,19600,50.50888888888888,52.92592592592592,0.5414968870725588,1.7185774541362282,7.228454977357703e-05,6.37866093876004e-05,4.082879490934159e-05,3.781496417253559e-05,0.2,0.4,3.362543822986437e-05,5.867090864769993e-05,8.530116185328421e-05,0.2,"CARDINAL,TIME",0,1439,4839,11,0,0.0179026536643505,0.0179424695670604,0.0178966391831636,0.0178707987070083,0.1985478997230529,0.017876761034131,0.2926141917705536,0.4193486273288727
11.01542190710732,7.532115995323114,"1,667",design,30,10.0,0.0,1.0,1,7,3,14.28551418721001, Canada,0,1,5,179, Martin Vezina,Kickstarter,1573946,1523095,video,61,10,21,13227,42.06617647058823,34.64705882352941,0.6294144194242162,1.8765114088380743,4.742367112165699e-05,2.200497553839336e-05,1.6457316780314235e-05,0.1428571428571428,3.9506921345935056e-05,0.4285714285714285,8.223578672059279e-05,1.243791012674169e-05,6.665284462812658e-05,0.2857142857142857,ORG,0,1440,4839,18,0,0.0139012094587087,0.4885571599006653,0.0138959642499685,0.0138977421447634,0.1792779415845871,0.013915292918682,0.013908271677792,0.2626464068889618
10.011278567136983,9.95131296576871,191,theater,30,11.0,0.0,1.0,1,7,3,15.261576235762831, AU,0,1,1,15, Theresa Weymouth,Kickstarter,1573863,1523031,link,9,1,1,9,11.90181818181818,38.272727272727266,0.2877131149456824,1.333374723967633,0.1428571428571428,0.1428571428571428,9.074459753448536e-05,4.070620491403202e-05,6.876411541313788e-05,0.1428571428571428,0.1428571428571428,0.1428571428571428,0.1428571428571428,0.1428571428571428,,0,1442,4839,0,0,0.4529843032360077,0.0156380161643028,0.0156427845358848,0.0156613774597644,0.3051113188266754,0.1636620014905929,0.0156463757157325,0.0156538765877485
9.69898173460629,9.615805480084347,198,theater,38,21.0,0.0,1.0,1,7,1,15.9166075437284, NY,0,1,1,4, Rosalind Grush,Kickstarter,1573782,1522851,link,8,2,5,10,6.064090909090911,20.931818181818183,0.4939220907469908,1.6387308835211845,6.180340857760738e-05,5.202706682474181e-05,9.742566402905484e-05,8.212975252025558e-05,3.243357615623372e-05,0.5,6.525886664184622e-05,8.20691237005632e-05,8.96297272260521e-05,3.2472392413171446e-05,"DATE,NORP",0,1444,4839,2,0,0.3242448270320892,0.2286930680274963,0.0,0.0,0.0,0.0,0.4102208912372589,0.0
15.014769670278971,11.512925464970229,"3,106",games,23,20.0,0.0,1.0,1,7,6,13.071865556017904, CT,0,1,9,22, Stefan Pokorny,Kickstarter,1573753,1522775,video,49,8,10,16527,72.28,63.857142857142854,0.586254244096462,1.7972437549528226,3.350461892597742e-05,4.661911563622038e-05,4.531203644334038e-05,2.9667340067928684e-05,8.242975087995888e-05,1.0,8.984321270306463e-05,2.5167758852224333e-05,3.79640485008021e-05,9.475040698541627e-05,"PERSON,ORG",0,1447,4839,10,0,0.2656126916408539,0.2349132746458053,0.3410338163375854,0.0104276109486818,0.0104421637952327,0.0104246055707335,0.0104272589087486,0.1167185604572296
10.16681289348317,10.126631103850338,496,journalism,32,8.0,0.0,1.0,1,7,0,15.194750847520003, CA,0,1,1,0, Priyanka Mattoo,Kickstarter,1573709,1522757,link,8,2,1,8,6.708749999999998,45.5,0.4255827614898234,1.5304820658384537,3.351997160968454e-05,7.191856193713028e-05,9.4020608044246e-05,4.447937501598089e-05,8.793828360805136e-05,5.733401632055297e-05,2.801792949854618e-05,8.942941352942365e-05,8.294950934431509e-05,4.37963304579795e-05,"PERSON,ORG",0,1448,4839,0,0,0.0,0.2106686979532241,0.4632818698883056,0.2778790891170501,0.0,0.0,0.0,0.0
10.529836861547482,10.333645273234664,722,games,30,13.0,0.0,1.0,1,7,3,15.837971611150978, UK,0,1,1,0, Thomas Davison,Kickstarter,1573735,1522716,video,21,2,14,8823,46.53428571428571,55.0,0.8470378869061709,2.3327268073880036,0.1111111111111111,0.1111111111111111,6.885260094460123e-05,7.147384723761275e-05,0.1111111111111111,0.2222222222222222,0.1111111111111111,6.796271270546974e-05,4.831683059343819e-05,0.1111111111111111,"CARDINAL,ORG",0,1449,4839,2,0,0.0,0.0,0.093016006052494,0.1653065085411071,0.2847267687320709,0.4184072613716125,0.0,0.0
13.307396255243187,13.919870573288517,"3,343",music,32,31.0,0.0,1.0,0,7,1,14.148353359002384, CA,0,1,2,1, Michael Clark,Kickstarter,1573759,1522696,video,35,8,12,9566,40.10392857142857,32.0,0.4813746851449038,1.6182975233623738,1.2155163874343516e-05,2.726890417921211e-05,2.553645432423014e-05,0.3333333333333333,1.7776302442468853e-05,0.3333333333333333,7.194834975667926e-05,2.094143560071086e-05,9.088813890062656e-05,0.3333333333333333,ORG,0,1450,4839,9,0,0.1856688857078552,0.0104379011318087,0.1489441841840744,0.0104422429576516,0.0104284277185797,0.010429554618895,0.6132172346115112,0.0104316873475909
12.33251104852374,10.51596683002862,"2,254",crafts,29,6.0,0.0,1.0,1,7,2,15.837971611150978, UK,0,1,1,5, Nahan Webb,Kickstarter,1573654,1522670,video,99,24,38,18735,49.341,45.0,0.4934627149110646,1.6379782630327768,6.194053741491158e-05,7.820723098648902e-05,1.8848031421351377e-05,0.2,4.38228522479303e-05,0.4,3.7655465101009455e-05,0.2,5.033025060364704e-05,0.2,ORG,0,1452,4839,13,0,0.0,0.0,0.2437702864408493,0.2594265043735504,0.0,0.1706935316324234,0.1548400521278381,0.1423525363206863
9.952555106800798,9.823178717787256,82,design,27,8.0,0.0,1.0,1,7,1,12.852914073213608, NZ,0,1,3,9, Nicholas James Enua Leckie,Kickstarter,1573642,1522579,link,29,3,6,34,15.418749999999996,59.75,0.5711255384977877,1.7702584245478163,8.291449809637323e-05,9.477144755544964e-05,6.657680940120037e-05,3.342016189318136e-05,1.1830954295282126e-05,6.286895729959528e-05,0.5,5.410795790231482e-05,0.5,3.149256046236557e-05,"GPE,ORG",0,1454,4839,5,0,0.0,0.7402070164680481,0.0,0.0774288401007652,0.0,0.1406289190053939,0.0,0.0
10.688410492370217,9.287301413112312,587,crafts,34,16.0,0.0,1.0,1,7,3,14.046932548249474, Germany,1,0,3,2, Tom Hegen,Kickstarter,1573535,1522512,video,38,2,4,10494,77.0642105263158,66.36842105263158,0.225602310988153,1.2530772311280487,3.757739044159328e-05,9.81477885824067e-05,1.921979046093881e-05,9.033994142406254e-05,9.917896481865636e-05,0.3333333333333333,0.3333333333333333,0.3333333333333333,2.487089941012954e-05,7.053768817196834e-05,PERSON,0,1456,4839,2,0,0.1286590695381164,0.3136367499828338,0.0,0.1004234030842781,0.0,0.0,0.1662107557058334,0.2675666809082031
12.035711279654931,10.819778284410283,"3,149",comics,29,24.0,0.0,1.0,1,7,1,15.9166075437284, NY,0,1,3,0, Matt Bors,Kickstarter,1573458,1522446,video,11,3,1,6333,44.85625,50.375,1.1176390398995422,3.0576267400387285,1.79009413352344e-05,9.009692818720132e-05,9.119204816023045e-05,0.5,3.5451755463749795e-05,2.3974012910008103e-05,5.993670178773467e-05,1.647002490992833e-05,8.175012938397704e-05,8.313266486092173e-05,ORG,0,1457,4839,1,1,0.3108111023902893,0.0,0.3912460505962372,0.0,0.2497877180576324,0.0,0.0,0.0
10.136898216206117,9.903487552536127,181,photography,30,10.0,0.0,1.0,1,7,3,16.51041580817756, Turkey,0,1,1,0, Nada Hashem,Kickstarter,1573439,1522334,video,15,1,11,7324,35.06431818181818,51.54545454545455,1.3377331574271831,3.810396139772096,0.3333333333333333,5.357917591838116e-05,7.787816792968156e-05,1.668959745696434e-05,9.910925147009208e-05,0.3333333333333333,0.3333333333333333,2.032600246739818e-05,5.8760104922462225e-05,5.774132191398264e-05,"NORP,PERSON,GPE",0,1458,4839,1,3,0.1625428348779678,0.0,0.0,0.0,0.0,0.5100811719894409,0.2905400991439819,0.0
14.790400332141363,10.819778284410283,"38,335",games,29,16.0,0.0,1.0,1,6,2,13.84206290359328, CA,0,1,3,0, Reza Mohammad Izad,Kickstarter,1573437,1522254,video,33,29,12,12608,36.04369565217391,44.73913043478261,1.1906906706348992,3.289352282039594,0.1666666666666666,0.1666666666666666,8.406552880199945e-05,0.1666666666666666,1.1190796370533411e-05,7.872081598235858e-05,0.1666666666666666,0.1666666666666666,0.1666666666666666,6.928776856313557e-05,"WORK_OF_ART,PERSON,CARDINAL",0,1461,4839,10,0,0.0,0.0601221695542335,0.217197299003601,0.0,0.0,0.1701934486627578,0.442438930273056,0.0902514308691024
10.941889716805212,10.126631103850338,792,food,30,9.0,0.0,1.0,1,7,1,15.9166075437284, NY,0,1,1,0, Nadia Arumugam,Kickstarter,1573406,1522239,video,17,3,3,8856,55.3325,53.16666666666667,0.850925333686517,2.341812807934112,1.1812406405436085e-05,4.5955582773450783e-05,2.4675928062405724e-05,6.431507161075451e-05,6.828095494402619e-05,5.550846120131779e-05,3.6397957287000745e-05,4.3829572648707374e-05,5.431840471796589e-05,2.93543604360189e-05,ORG,0,1462,4839,1,0,0.1992083489894867,0.0138976657763123,0.2101560235023498,0.1915573924779892,0.0139047531411051,0.0139189278706908,0.3434430360794067,0.0139139294624328
10.359804190801729,9.615805480084347,209,film_Video,30,11.0,0.0,1.0,1,7,1,14.07794558915851, TX,1,0,1,2, Michael Rowley,Kickstarter,1573364,1522231,video,15,2,4,7990,33.00642857142857,37.80952380952381,1.5646217250140115,4.78086611173894,0.1538461538461538,0.2307692307692307,8.894830096846043e-05,2.8952550467438e-05,0.0769230769230769,0.1538461538461538,0.1538461538461538,0.0769230769230769,6.700919605968582e-05,0.0769230769230769,"WORK_OF_ART,NORP,PERSON",0,1463,4839,2,1,0.4551601707935333,0.0,0.0,0.0969574600458145,0.2071666717529297,0.0,0.1193619146943092,0.0945104360580444
14.167506673235254,11.225243392518449,"23,338",games,29,5.0,0.0,1.0,1,7,1,13.047376865601484, GA,0,1,1,1, Matthew Chapman,Kickstarter,1573355,1522173,video,142,95,127,25195,50.64843750000001,66.375,0.8845927480556688,2.421997827284763,0.4,0.2,2.746850853606447e-05,1.9753723656385292e-05,1.154031272849476e-05,4.7942560521157256e-05,0.2,0.2,1.706250810264541e-05,7.423264304339695e-05,"WORK_OF_ART,PRODUCT",0,1464,4839,57,0,0.0156331732869148,0.5937586426734924,0.0156321823596954,0.0156316775828599,0.0156307499855756,0.0156335346400737,0.0156298335641622,0.3124502301216125
10.623130596900038,10.795383127575562,163,design,31,7.0,0.0,1.0,0,7,0,12.357754566192016, Germany,0,1,3,0, Max Juergensen,Kickstarter,1573307,1522130,video,30,9,7,7491,39.90333333333333,34.666666666666664,1.149040247915744,3.155163281540731,3.079727675870466e-05,0.125,3.8971968722363966e-05,1.9073369265884968e-05,0.125,0.25,0.125,1.7311140579773778e-05,8.658049148643247e-05,0.25,"WORK_OF_ART,PERSON",0,1465,4839,10,0,0.0657452493906021,0.4509868323802948,0.0,0.0,0.1046199947595596,0.0,0.349172294139862,0.0
9.802008383586276,9.615805480084347,106,art,30,7.0,0.0,1.0,1,7,2,13.071865556017904, MO,0,1,1,2, Ebony Patterson,Kickstarter,1573303,1522056,link,6,0,0,6,7.98,40.22222222222222,0.370801737699854,1.4488957834975005,8.73200581882225e-05,7.326690971901792e-05,4.978747154704143e-05,7.029226169167926e-05,5.819569798137584e-05,2.5574831900729513e-05,9.48390339493336e-05,2.38946311204826e-05,9.038103413314684e-05,8.835084272282655e-05,"LOC,PERSON,GPE",0,1466,4839,0,0,0.3185487389564514,0.0,0.0,0.0,0.1615252643823623,0.2464068084955215,0.0623658448457717,0.1940611451864242
10.88504154286231,10.126631103850338,505,food,30,20.0,0.0,1.0,1,7,0,15.9166075437284, NY,0,1,1,20, Robyn Jill Shapiro,Kickstarter,1573295,1522043,video,15,12,7,9083,38.51657894736842,50.578947368421055,1.1305606035882256,3.0973924228033733,5.500524332719781e-05,2.643967439713123e-05,9.009641094537864e-05,0.2857142857142857,9.955658942590824e-05,0.4285714285714285,7.11674529451742e-05,9.21891109580167e-05,2.330553679253506e-05,0.1428571428571428,ORG,0,1467,4839,1,0,0.0,0.0,0.1086827144026756,0.2940057814121246,0.0,0.1661416143178939,0.1161030754446983,0.2882297933101654
12.825471020197703,10.308952660644293,831,design,51,13.0,0.0,1.0,1,7,0,14.151849928616338, CA,1,0,7,37, Patrick Sherwin,Kickstarter,1573295,1522043,video,158,13,44,32551,55.1457142857143,45.85714285714286,0.7903807675836956,2.204235567937922,3.1515974566752676e-05,3.830289722798595e-05,3.944604142173861e-05,0.1111111111111111,0.1111111111111111,0.3333333333333333,2.714976481147472e-05,5.1484730035836494e-05,8.411910816943504e-05,0.2222222222222222,"CARDINAL,PERSON,ORG",0,1467,4839,24,1,0.0113992840051651,0.7389460802078247,0.0113720009103417,0.1021445021033287,0.0113720009103417,0.0113810542970895,0.1020129919052124,0.0113722020760178
11.281182544842556,11.896628827963514,692,art,30,12.0,0.0,1.0,0,7,1,15.837971611150978, UK,0,1,1,0, Daniel Adams,Kickstarter,1573268,1522036,video,17,1,3,8841,44.56187499999999,47.25,1.105251476811884,3.019983829227113,7.840049904658887e-05,6.43075820625055e-05,9.0600555729419e-05,9.124452413300796e-05,5.474827024056688e-05,0.3333333333333333,0.3333333333333333,7.851158485639368e-05,0.3333333333333333,4.657537246451675e-05,"DATE,CARDINAL,GPE,ORG",0,1468,4839,0,0,0.0,0.1299860030412674,0.1502265930175781,0.2860995829105377,0.0,0.2744444012641907,0.1371318697929382,0.0
11.355419713178147,9.417354541360508,"1,194",technology,35,9.0,0.0,1.0,1,6,1,12.46514688842252, UK,0,1,3,11, Ross Jacob Atkin,Kickstarter,1573268,1522036,video,238,23,64,22669,43.973125,37.875,0.795802930851206,2.2162197538124597,4.696143697092546e-05,6.018781540088427e-05,8.107889390151998e-05,3.83900019473708e-05,9.750006472954136e-05,8.30413070267215e-05,3.741219980848319e-05,6.204671728798336e-05,1.0590376950536705e-05,7.693538095205875e-05,"PERSON,ORG",0,1468,4839,23,0,0.1246777027845382,0.5604106187820435,0.0139002613723278,0.2453731447458267,0.0139056639745831,0.0139002604410052,0.0139320287853479,0.0139002613723278
9.462519093314883,9.417354541360508,130,journalism,30,13.0,0.0,1.0,1,7,1,13.669469241521591, UK,0,1,1,0, Sally Tallant,Kickstarter,1573249,1521994,video,11,1,2,5824,38.392631578947366,50.578947368421055,1.1149039256800402,3.0492752080674226,2.1764559123078156e-05,4.741332204564361e-05,2.660607960388404e-05,0.3,4.7281458177603507e-05,0.3,3.391735217527038e-05,5.302274706310886e-05,1.059074863445058e-05,0.2,"EVENT,PERSON,GPE",0,1470,4839,1,0,0.0,0.0,0.1781490445137024,0.0,0.209457591176033,0.3759820461273193,0.2030146867036819,0.0
10.850831115665532,10.819778284410283,684,film_Video,31,20.0,0.0,1.0,1,6,1,14.64870833488698, NY,1,0,1,7, Jessamyn Ansary,Kickstarter,1573249,1521994,video,13,3,4,6931,56.25639999999999,45.0,0.6294167367546217,1.876515757340057,6.175545161129333e-05,5.92325331782003e-05,5.33880410072032e-05,8.951371681019706e-05,3.0526238856966357e-05,0.3333333333333333,0.3333333333333333,0.3333333333333333,8.049851183922876e-05,3.886045995197173e-05,"WORK_OF_ART,PERSON,NORP",0,1470,4839,3,0,0.4928314983844757,0.0156311877071857,0.0156364385038614,0.0156349092721939,0.015667026862502,0.0156337544322013,0.413317322731018,0.0156478751450777
11.245986753656346,10.819778284410283,"1,617",journalism,30,14.0,0.0,1.0,1,6,2,11.943304299432697, CA,0,1,3,3, Richard Chute,Kickstarter,1573224,1521941,video,22,10,5,10943,35.90375,53.16666666666667,0.9977107222984944,2.712066044025732,0.2222222222222222,0.2222222222222222,2.223166440634291e-05,1.4827018692200329e-05,3.682331747173882e-05,0.2222222222222222,0.1111111111111111,9.693457256179374e-05,4.199949218793228e-05,6.405955091641977e-05,"PERSON,ORG",0,1471,4839,7,1,0.0,0.0922700613737106,0.2514682114124298,0.0,0.1450230628252029,0.284400463104248,0.2070607095956802,0.0
11.589534777590467,9.417354541360508,"2,821",games,30,12.0,0.0,1.0,1,6,1,15.837971611150978, UK,0,1,4,1, Margaux Gardet,Kickstarter,1573210,1521911,video,47,2,14,11518,58.35888888888889,49.22222222222222,0.5000067791216318,1.648732447620044,7.706932684217511e-05,8.564822919542744e-05,3.948895269294786e-05,6.481530245747334e-05,8.957241669594832e-05,2.292267431187408e-05,0.5,0.5,1.607500464465594e-05,6.096704201937141e-05,"PERSON,ORG",0,1472,4839,16,1,0.0125356055796146,0.0125270523130893,0.3745198845863342,0.0125320544466376,0.3093849718570709,0.2534568905830383,0.0125218732282519,0.012521693482995
12.185727070864743,11.918390573078392,"1,398",film_Video,37,24.0,0.0,1.0,1,6,1,13.52148977157899, Rwanda,1,0,1,2, Saul Williams,Kickstarter,1573157,1521869,video,21,2,1,11836,38.09323529411764,49.67647058823529,1.2993139140288654,3.666780078048776,9.0729576042797e-05,0.0769230769230769,8.069005277670155e-05,0.0769230769230769,0.2307692307692307,0.3076923076923077,2.8720638770950657e-05,0.0769230769230769,8.200687512694027e-05,0.1538461538461538,"DATE,NORP,WORK_OF_ART,PERSON",0,1473,4839,5,0,0.6636539101600647,0.0,0.0,0.0,0.0,0.0,0.2298691719770431,0.0779910013079643
12.292855663114446,10.126631103850338,"3,172",publishing,30,14.0,0.0,1.0,1,6,4,14.64870833488698, NY,0,1,3,0, Keegan Cooke,Kickstarter,1573175,1521824,video,74,3,36,15522,50.135862068965515,38.63793103448276,0.4503112675717134,1.5688004261986428,0.125,2.2695381954306737e-05,1.660405507693984e-05,0.25,5.68885553381913e-05,0.25,0.125,0.125,7.927714215858718e-05,1.500006540756281e-05,"DATE,PERSON,ORG",0,1474,4839,10,0,0.0113811269402503,0.0113781616091728,0.2478148192167282,0.0113771371543407,0.4703817367553711,0.2249186187982559,0.0113703031092882,0.011378102004528
9.711068386044008,9.64049809267472,221,crafts,33,12.0,0.0,1.0,1,6,2,13.234121186674235, NM,0,1,1,7, Janire Najera Mata,Kickstarter,1573153,1521767,video,12,1,3,7300,51.611052631578936,74.84210526315789,0.8401449357462122,2.31670272548778,0.2,0.1,6.21667513212952e-05,8.014810277328156e-05,0.1,0.2,0.1,0.1,3.589622539196657e-05,0.1,"WORK_OF_ART,PERSON,GPE",0,1475,4839,3,0,0.2150655537843704,0.0,0.0,0.0,0.0,0.0,0.2296175062656402,0.507124662399292
12.218500103788145,10.308952660644293,"2,151",design,37,8.0,0.0,1.0,1,6,1,14.575639054856664, France,0,1,2,12, Guillaume Christian Louis Marie Rolland,Kickstarter,1573142,1521768,video,62,4,13,13585,43.86705882352941,37.588235294117645,0.9798880641862504,2.6641580105434746,0.1428571428571428,6.133474896186042e-05,3.6034452435203025e-05,0.4285714285714285,0.1428571428571428,9.734184290285898e-05,0.1428571428571428,1.3651848938699027e-05,5.604669998962358e-05,7.230711415731065e-05,"PERSON,ORDINAL,ORG",0,1476,4839,12,0,0.0125451674684882,0.2899885475635528,0.4129979610443115,0.0125187588855624,0.0125148193910717,0.0125824585556983,0.2343373894691467,0.0125148193910717
10.901432001403476,10.819778284410283,73,fashion,28,9.0,0.0,1.0,1,6,0,15.9166075437284, NY,0,1,1,0, Billie Whitehouse,Kickstarter,1573104,1521743,video,23,1,4,12363,68.56954545454545,53.81818181818181,0.3838301863174906,1.467896151665105,1.9811225407683584e-05,7.808299109563712e-05,8.722702650024495e-05,5.3063415617758434e-05,3.986772493900248e-05,2.2127037728829192e-05,3.431334463389493e-05,7.223137720263251e-05,3.095995243451039e-05,6.901826850157613e-05,"PERSON,ORG",0,1477,4839,4,0,0.1026134192943573,0.0113882338628172,0.133717879652977,0.5051286220550537,0.0113871796056628,0.0113821756094694,0.212998628616333,0.011383862234652
9.875756578797818,9.615805480084347,228,journalism,36,9.0,0.0,1.0,1,6,1,13.425597881382114, MI,0,1,1,0, Courtney Hurtt,Kickstarter,1573104,1521743,video,2,2,4,5656,43.864,40.83333333333333,1.0036045913444256,2.7280978042720343,3.852483595905533e-05,8.545040385340467e-05,2.7614207343543875e-05,1.1713507077632363e-05,1.1707853518756363e-05,8.993001769514299e-05,3.0731865392343656e-05,6.817853036475093e-05,1.073844210883529e-05,3.327160462082297e-05,"CARDINAL,GPE,ORG",0,1477,4839,4,0,0.2444620728492736,0.0,0.0,0.0,0.1009796410799026,0.0,0.1375119239091873,0.4785068333148956
13.008717109513317,10.085809109330082,"1,726",design,45,12.0,0.0,1.0,1,6,1,14.230937217984762, Sweden,0,1,2,0, Didrik Wachtmeister,Kickstarter,1573104,1521743,video,70,14,12,18493,46.297843137254894,55.450980392156865,0.8833718167367405,2.419042538752332,0.25,0.25,7.89223679227799e-05,3.676579958419512e-05,3.276398609253475e-05,0.0625,0.25,0.125,0.0625,9.615646645728018e-05,"NORP,ORG",0,1477,4839,12,1,0.1473738700151443,0.1541296243667602,0.0,0.0,0.084251657128334,0.5864023566246033,0.0,0.0
9.281171552736774,8.987196820661973,208,art,30,13.0,0.0,1.0,1,6,1,13.357133477695209, OR,0,1,1,1, Natalie Garyet,Kickstarter,1572966,1521674,link,14,1,6,17,6.921428571428574,29.547619047619047,0.6167430495862252,1.8528834541956745,2.320256026136634e-05,4.53662925973014e-05,2.292826285649077e-05,2.1364829899761292e-05,2.028977639464913e-05,1.6577838157753605e-05,8.443790897126005e-05,1.366103012000929e-05,1.4465557112777446e-05,8.33739320344636e-05,"WORK_OF_ART,PERSON,ORDINAL,DATE",0,1479,4839,3,0,0.2325878739356994,0.216659128665924,0.1678830534219741,0.0,0.0,0.0,0.1863036900758743,0.1809012144804
13.414870291565087,10.819778284410283,"4,234",design,30,8.0,0.0,1.0,1,6,1,15.837971611150978, UK,0,1,3,11, Patrick Whitley Howlit,Kickstarter,1572887,1521550,video,120,32,29,25283,62.85545454545454,42.81818181818181,0.5564047758066064,1.7443897409000062,9.50521658122512e-05,5.5573450619063085e-05,4.941874194057694e-05,7.578685284273381e-05,2.2116488750867065e-05,5.353361460099495e-05,7.22226604340612e-05,9.352196700744088e-05,4.1855010720388246e-05,3.251877413106518e-05,"PERSON,ORG",0,1480,4839,11,0,0.0139190657064318,0.013906355947256,0.3093316555023193,0.0139124048873782,0.0139092514291405,0.2357307225465774,0.0139168919995427,0.3853736817836761
8.069905588454235,6.984716320118266,67,games,20,8.0,0.0,1.0,1,6,0,15.047007280023903, Germany,1,0,1,6, Sebastian Sattler,Kickstarter,1572833,1521477,video,14,1,1,5658,44.474,38.33333333333333,0.8957220050832223,2.4491034163836787,5.595133678556533e-05,5.3314853546045514e-05,4.7415510935157734e-05,0.1818181818181818,0.0909090909090909,0.2727272727272727,6.52529667640153e-05,1.4912720219172108e-05,8.492598949201101e-05,0.2727272727272727,PERSON,0,1481,4839,1,0,0.0,0.5098456740379333,0.0,0.0,0.2588412761688232,0.1831726282835006,0.0,0.0
13.651015559680925,10.819778284410283,"2,144",design,33,13.0,0.0,1.0,1,6,4,10.638472211837652, DE,0,1,2,7, Derek Santiago,Kickstarter,1572780,1521358,video,140,15,50,17044,47.15500000000001,40.0,0.6348029143124357,1.8866502730487136,2.0795764755787285e-05,0.1428571428571428,6.351386085540802e-05,4.458525116137797e-05,0.1428571428571428,0.4285714285714285,0.1428571428571428,1.9306734486713435e-05,5.1379114822281786e-05,0.1428571428571428,ORG,0,1482,4839,19,0,0.0,0.2324212938547134,0.4735384583473205,0.120325282216072,0.0,0.1402913480997085,0.0,0.0
11.555687975470889,11.289781913656018,"1,615",games,29,5.0,0.0,1.0,1,6,2,13.436372336049692, WA,1,0,1,80, Jenn Sandercock,Kickstarter,1572780,1521358,video,21,2,5,8007,53.33173913043478,28.89130434782609,0.5537692638759927,1.7397984338061074,3.808576401868186e-05,5.055610825973521e-05,4.779872186103552e-05,0.25,9.872600050994592e-05,0.5,4.032307145438522e-05,5.3814847949732006e-05,4.196368664617992e-05,0.25,"WORK_OF_ART,PERSON",0,1482,4839,3,1,0.2703842222690582,0.2195609360933303,0.0156337991356849,0.0156732890754938,0.0156369507312774,0.0156343076378107,0.0156373064965009,0.431839108467102
11.796396182100516,11.73342552533902,"1,562",film_Video,31,15.0,0.0,,1,1,1,14.64870833488698, NY,1,0,2,40, Signe Baumane,Kickstarter,1572708,1521296,link,6,0,0,7,5.082857142857144,28.285714285714285,2.131423314000461,8.426852336744473,0.0625,0.0625,4.715733435553656e-05,0.0625,0.125,0.25,0.0625,2.2198105813090867e-05,2.4082149909072864e-05,0.125,"PERSON,DATE,ORDINAL,CARDINAL,TIME,WORK_OF_ART",0,1483,4839,1,0,0.0,0.0,0.2811819314956665,0.0,0.0,0.299573540687561,0.2391932308673858,0.1599920243024826
13.362590568799252,11.512925464970229,"1,447",technology,60,20.0,0.0,1.0,1,5,3,13.410750701107972, MA,0,1,5,1, Bruno Sinopoli,Kickstarter,1572636,1521171,video,13,0,2,8224,58.53333333333333,56.629629629629626,0.5578755543349547,1.7469572395240849,0.1,0.1,2.736043693132396e-05,0.1,4.763844474536056e-05,0.2,1.292678883389456e-05,9.136082918144594e-05,0.1,0.1,"ORG,PRODUCT",0,1485,4839,0,0,0.0104300752282142,0.6352479457855225,0.0104286037385463,0.0104312784969806,0.0104340752586722,0.0104275280609726,0.1837188750505447,0.1288816034793853
12.556662613496892,11.512925464970229,"2,124",design,30,32.0,0.0,1.0,1,6,2,15.9166075437284, NY,0,1,13,54, christian polt,Kickstarter,1572598,1521133,video,43,5,8,10198,61.720000000000006,53.0,0.6620272294297201,1.9387185807191416,5.279281437094604e-05,3.3706325076026006e-05,3.775502916114946e-05,4.814861554816271e-05,9.726583070722858e-05,0.3333333333333333,0.3333333333333333,3.121692995350616e-05,0.3333333333333333,1.9188425806261825e-05,"DATE,PRODUCT,ORG,PERSON",0,1486,4839,3,0,0.0,0.1123576238751411,0.0,0.2261227965354919,0.0,0.0,0.6167172789573669,0.0
11.73041305142828,11.512925464970229,"1,288",film_Video,30,39.0,0.0,1.0,1,6,1,14.64870833488698, NY,1,0,2,24, Dempsey Rice,Kickstarter,1572598,1521133,video,28,2,7,8559,16.712249999999997,52.5,1.3162967630611149,3.729584237855165,2.5145072965694156e-05,1.9020543097859583e-05,2.1810245659956132e-05,0.25,0.0625,0.5,6.506722001994509e-05,8.111202124736555e-05,4.597081124057456e-05,0.125,"DATE,PERSON",0,1486,4839,4,0,0.0,0.0,0.2766061127185821,0.4975258409976959,0.1004792153835296,0.0,0.0,0.0990117266774177
10.774341491401676,10.596634733096073,"1,736",technology,30,24.0,0.0,1.0,1,6,3,15.9166075437284, NY,1,0,1,16, Kelly Rakowski,Kickstarter,1572543,1521056,video,9,0,2,6963,46.93514285714286,51.785714285714285,1.1710769384730118,3.2254643954594515,6.438816840162879e-05,8.033412189327148e-05,7.3168601900888e-05,0.5,7.353098299956935e-05,0.5,1.1508042299681037e-05,2.2859621027211345e-05,2.8726567990996138e-05,3.7279692352837984e-05,"PERSON,PRODUCT",0,1487,4839,1,0,0.4952886402606964,0.4546162486076355,0.0,0.0,0.0,0.0,0.0,0.0
12.25541979741029,10.819778284410283,275,technology,45,7.0,0.0,1.0,1,6,2,15.194750847520003, CA,0,1,1,0, Victor Hsu,Kickstarter,1572468,1521014,video,61,4,13,13729,37.18365853658536,35.13414634146341,1.1571864791571884,3.1809709461198503,8.466064441147449e-05,7.118530837819482e-05,5.158761441624071e-05,0.375,8.850546000118158e-05,0.375,5.177172512973302e-05,5.170992003960198e-05,6.716053205472404e-05,2.6793015193583166e-05,"QUANTITY,ORG,PRODUCT",0,1488,4839,7,0,0.1970076560974121,0.1294025778770446,0.1164219751954078,0.0,0.0,0.3226522207260132,0.2094545364379882,0.0
10.548625513909712,10.126631103850338,296,film_Video,35,11.0,0.0,1.0,1,6,0,12.425011368933118, WI,0,1,1,0, Glenn Silber,Kickstarter,1572449,1520893,video,45,1,19,12857,40.613076923076925,52.83333333333333,1.126790620734229,3.085737290106827,7.039116824796189e-05,7.435950522562803e-05,6.0015058221240255e-05,3.36907904558749e-05,3.45295479388867e-05,2.2694784861592357e-05,5.4216228029070165e-05,4.73876609420916e-05,1.7951350314347343e-05,4.4630227182296736e-05,"DATE,GPE,WORK_OF_ART",0,1489,4839,7,0,0.0104322871193289,0.0104337306693196,0.1079328581690788,0.0104448227211833,0.2364452332258224,0.241207480430603,0.0104435160756111,0.3726601004600525
10.93417782471878,10.126631103850338,577,film_Video,30,11.0,0.0,1.0,1,6,4,15.194750847520003, CA,1,0,1,5, Rajiv Satyal,Kickstarter,1572385,1520816,video,18,5,2,12701,40.42333333333333,32.541666666666664,0.6949587019766593,2.0036263264257377,1.424770315276411e-05,7.108419125938185e-05,1.6730934805257867e-05,0.5,7.602107703858445e-05,0.5,4.337760945321342e-05,1.5309679468339224e-05,6.95013764652724e-05,9.789287482514652e-05,"PERSON,GPE",0,1491,4839,2,1,0.1863909810781479,0.0125277377665042,0.0125436596572399,0.0125185307115316,0.4312533438205719,0.3197185397148132,0.012520139105618,0.0125270951539278
7.129297548929373,9.984468281668407,61,journalism,30,3.0,0.0,1.0,0,6,4,13.834353901765722, Belgium,0,1,1,0, Christophe Guy Delaere,Kickstarter,1572340,1520782,video,17,3,6,9629,55.76172413793103,63.48275862068966,0.5955613815582607,1.8140490328383552,3.239126098652594e-05,3.648895698081123e-05,5.435912615896754e-05,8.676216282383065e-05,2.6097101634488895e-05,0.3333333333333333,0.3333333333333333,5.573453228961413e-05,8.377660769850196e-05,3.522060794986581e-05,"GPE,PERSON,LOC",0,1492,4839,2,0,0.1731956601142883,0.0125329168513417,0.1333774030208587,0.0125282052904367,0.0125551419332623,0.2975391745567322,0.3457298278808594,0.0125416377559304
9.95679132455844,9.210340371976184,169,art,29,13.0,0.0,1.0,1,6,1,15.9166075437284, NY,0,1,2,0, Nicholas Baume,Kickstarter,1572286,1520729,video,47,3,8,34727,58.53333333333333,52.92592592592592,0.555891598054995,1.7434947885492953,5.8983160331372576e-05,9.549595083989836e-05,1.5029944142776772e-05,8.064454136361113e-05,0.3333333333333333,0.1666666666666666,4.453814291818477e-05,0.1666666666666666,6.395142159990229e-05,0.1666666666666666,"DATE,PERSON,GPE",0,1493,4839,3,0,0.0104261273518204,0.0104390885680913,0.0908050462603569,0.0104283764958381,0.01042649615556,0.0104262018576264,0.1020272150635719,0.7550214529037476
11.647552507151504,10.308952660644293,96,photography,42,7.0,0.0,1.0,1,5,3,13.37618820754358, CA,0,1,1,0, Jeffrey Nabs Carlson,Kickstarter,1572254,1520642,video,107,19,25,22256,46.77617647058823,49.35294117647059,1.1139921034618492,3.0464960784119635,0.25,0.25,6.697190975842167e-05,8.942438146772319e-05,6.921257831623693e-05,6.935108307708554e-05,0.5,8.324199800370599e-05,3.665995522828341e-05,8.524315606417201e-05,"ORG,PRODUCT",0,1494,4839,15,0,0.0,0.0,0.0,0.0,0.2826367020606994,0.1936787962913513,0.4789547920227051,0.0
11.635134248097796,10.596634733096073,424,design,42,13.0,0.0,1.0,1,6,1,12.94626322746207, CA,0,1,1,5, Bosco Kante,Kickstarter,1572201,1520618,video,30,6,7,8934,49.86444444444445,43.129629629629626,0.6477672613238309,1.911268697970039,4.9659839508186424e-05,1.3005388437927169e-05,3.706220680513679e-05,8.87735446892198e-05,6.654000090618878e-05,6.294818707654277e-05,5.1215080129691934e-05,4.2957662459827786e-05,2.556388786824702e-05,3.9282790966622705e-05,"DATE,PERSON,ORG,PRODUCT",0,1495,4839,5,0,0.26014244556427,0.2429635673761367,0.1082482114434242,0.1391757577657699,0.01141485478729,0.215250477194786,0.0113992970436811,0.0114053376019001
10.636456227282745,10.571316925111784,412,film_Video,25,19.0,0.0,1.0,1,6,0,14.151849928616338, CA,0,1,1,40, Albert Scardino,Kickstarter,1572137,1520499,video,62,1,21,9638,48.512368421052635,72.21052631578948,0.979165704863387,2.6622342260824507,0.1333333333333333,0.0666666666666666,9.898947826256144e-05,0.0666666666666666,0.0666666666666666,0.1333333333333333,0.2,0.1333333333333333,8.307358309526953e-05,0.1333333333333333,"PERSON,GPE,NORP,CARDINAL,WORK_OF_ART",0,1497,4839,10,1,0.0,0.1576101332902908,0.1324778348207473,0.0,0.0,0.4298547208309173,0.2466538995504379,0.0
11.695505321735206,10.46310334047155,"1,683",food,30,12.0,0.0,1.0,1,6,0,15.9166075437284, NY,0,1,1,7, Ke  Xu,Kickstarter,1572135,1520434,video,42,6,6,13109,35.63413043478261,49.086956521739125,1.9662010701964976,7.143487269390131,4.7363108859347115e-05,0.1,8.835980298568805e-05,0.2,8.856212627470811e-05,0.4,7.207209524372446e-05,2.385544191850958e-05,6.679136194555921e-05,0.2,"PERSON,GPE,DATE,ORG,ORDINAL",0,1498,4839,6,0,0.4113494455814361,0.0,0.0,0.3392268419265747,0.0,0.0,0.0,0.2102905213832855
10.723894566164226,10.555257897179796,269,design,30,7.0,0.0,1.0,1,6,1,15.7632387676311, Hong Kong,0,1,5,9, Man Kit Chan,Kickstarter,1571892,1520400,video,25,1,6,8150,38.749375,51.08333333333333,1.3269644800211469,3.769583357200232,6.838724025055164e-05,1.449302370970412e-05,9.20827230806237e-05,0.1818181818181818,0.0909090909090909,0.3636363636363636,9.378725423395124e-05,7.980913105545289e-05,1.221633197506368e-05,0.1818181818181818,"ORDINAL,ORG,TIME",0,1499,4839,2,0,0.0,0.0,0.0877406224608421,0.1879136860370636,0.1824733465909958,0.342152863740921,0.1762527525424957,0.0
10.195899297432682,9.822819649468672,269,crafts,29,12.0,0.0,1.0,1,5,3,10.957538224114767, UK,1,0,1,8, Yan Wang Preston,Kickstarter,1571266,1519783,video,75,1,10,21897,34.850227272727274,47.0,1.2367997468238257,3.444572303475457,4.9173605169089847e-05,3.876832248288623e-05,8.173893763606107e-05,0.3333333333333333,7.780150214132808e-05,0.3333333333333333,6.895834256118795e-05,1.25392317681486e-05,7.427293756956708e-05,2.092183984320865e-05,"PERSON,GPE,DATE,NORP,QUANTITY,CARDINAL,WORK_OF_ART,LOC",0,1502,4839,10,0,0.0607200823724269,0.0,0.0,0.1607922464609146,0.281251311302185,0.3144763112068176,0.0680391192436218,0.102786049246788
11.104701554864958,10.126631103850338,"1,080",art,28,9.0,0.0,1.0,1,5,3,13.436372336049692, WA,0,1,12,1, Elaina Ellis,Kickstarter,1570812,1519301,video,25,0,8,8416,42.198181818181816,34.68181818181819,0.6606341329152668,1.936019639001476,4.768256289949158e-05,9.875622804478256e-05,3.557346804010396e-05,8.338146159343876e-05,2.6487783569758488e-05,4.917015052987986e-05,6.155052109231907e-05,3.637303717118073e-05,8.617473947516019e-05,3.074398477304103e-05,"PERSON,ORG",0,1504,4839,4,0,0.0,0.0,0.3797565400600433,0.0,0.0,0.0,0.3817637264728546,0.2134267091751098
10.580567849213146,10.110501721920452,608,theater,30,20.0,0.0,1.0,1,5,6,15.837971611150978, UK,0,1,2,53, Allison Nicole Devers,Kickstarter,1570551,1519054,video,11,1,5,3486,41.002,51.388888888888886,1.5374543583191655,4.652730996706038,9.235013839727744e-05,0.1,1.426135642719124e-05,0.1,3.886219411233738e-05,0.4,0.1,8.401327308182547e-05,8.8875765440163e-05,0.2,"DATE,PERSON,ORG",0,1505,4839,1,1,0.0913781747221946,0.0,0.1516528576612472,0.2132153511047363,0.1768703460693359,0.1914274841547012,0.0,0.1575653851032257
10.401531841937386,10.308952660644293,350,film_Video,30,10.0,0.0,1.0,1,5,0,15.9166075437284, NY,1,0,1,0, Amy Winston,Kickstarter,1570362,1518746,video,9,1,8,4128,49.08474999999999,57.5,1.0342834729739676,2.8130898584057418,0.1666666666666666,4.171879229974666e-05,9.78644440393336e-05,0.1666666666666666,5.510645625206478e-05,0.3333333333333333,8.178435364900471e-05,6.622012101839194e-05,9.545512746070868e-05,0.1666666666666666,"EVENT,PERSON,GPE,ORG,WORK_OF_ART",0,1506,4839,6,0,0.0702958032488823,0.0825095921754837,0.1820259541273117,0.1483447700738906,0.0,0.0892549306154251,0.4118926227092743,0.0
10.554353340839468,11.225243392518449,256,crafts,36,7.0,0.0,1.0,0,5,1,15.9166075437284, NY,1,0,1,23, Abigail Edgecliffe-Johnson,Kickstarter,1570362,1518746,video,24,4,8,5922,10.250384615384617,47.61538461538461,0.8911013728693424,2.437813114496664,7.680630083382524e-05,4.626755201110548e-05,3.158574022518221e-05,1.4358065178410002e-05,8.048920459297502e-05,1.0,1.5129476606824006e-05,1.8670093222174333e-05,5.583391211253468e-05,8.75061277090629e-05,"PERSON,PRODUCT",0,1506,4839,3,0,0.0139040760695934,0.0139265032485127,0.013906231150031,0.0139158004894852,0.6630945205688477,0.0139151234179735,0.0139052253216505,0.2534325122833252
11.173037401047846,10.819778284410283,423,technology,30,8.0,0.0,1.0,1,5,1,14.151849928616338, CA,0,1,1,1, Yehui Huang,Kickstarter,1570158,1518512,video,48,7,18,6358,50.74375,50.375,0.9963313767480496,2.708327746590065,7.516262698956291e-05,1.1488341210460373e-05,3.052674454976113e-05,9.799865096174868e-05,7.179024375749264e-05,0.6666666666666666,1.2669466920785297e-05,0.1666666666666666,9.732822927945832e-05,0.1666666666666666,PERSON,0,1507,4839,6,0,0.2225972712039947,0.1716807335615158,0.183752104640007,0.0,0.1113786846399307,0.0,0.2816967368125915,0.0
9.528794103094718,9.210340371976184,241,dance,1,8.0,0.0,1.0,1,6,0,14.64870833488698, NY,0,1,6,32, John Del Gaudio,Kickstarter,1570021,1518291,video,19,9,3,7774,34.016285714285715,37.5,0.9010323320044324,2.462143549228948,4.8748223882173334e-05,4.2327406215026334e-05,7.642376245127857e-05,3.336515286342362e-05,0.5,1.96893851821897e-05,0.5,9.01803486852709e-05,1.519883370617392e-05,6.711875497307564e-05,"PERSON,ORG,TIME",0,1508,4839,6,1,0.5772208571434021,0.0,0.0,0.0,0.0,0.0,0.2130316644906997,0.1679790616035461
11.37344498298138,11.002099841204238,79,technology,60,7.0,0.0,1.0,1,5,2,10.607178946971745, CA,0,1,1,0, Kent Lin,Kickstarter,1569926,1518129,video,22,2,10,7225,53.702222222222225,39.42592592592592,0.8479301958136279,2.3348092492494383,5.6115353865889594e-05,0.3333333333333333,3.5347221401811116e-05,2.410047051251329e-05,5.4397238180768105e-05,0.3333333333333333,0.3333333333333333,1.0921727889150993e-05,7.916000881465127e-05,2.3570580641865172e-05,"PERSON,PRODUCT",0,1509,4839,6,0,0.1926470249891281,0.1522675305604934,0.2249417752027511,0.3845799267292022,0.0113933645188808,0.0114117236807942,0.011383325792849,0.0113753899931907
12.985296599807471,10.819778284410283,"2,169",food,35,9.0,0.0,1.0,1,5,2,13.436372336049692, WA,0,1,5,9, William Mitchell,Kickstarter,1569796,1517988,video,34,8,18,8843,40.17048780487805,49.76829268292683,1.2936354238939227,3.6460173099272386,4.1394871671276714e-05,2.5749714587552563e-05,2.0634637468055467e-05,3.587010376515266e-05,0.2857142857142857,0.4285714285714285,2.168026905694818e-05,9.175044891632732e-05,5.9621298935184946e-05,0.1428571428571428,"CARDINAL,PERSON,ORG",0,1510,4839,4,0,0.0,0.0,0.0,0.3402121961116791,0.1185487806797027,0.1243745535612106,0.387401133775711,0.0
11.372743434370364,11.225243392518449,"1,449",technology,31,17.0,0.0,1.0,1,5,1,13.30755248550697, DC,0,1,1,0, Rachel Sadon,Kickstarter,1569734,1517874,video,9,0,1,6817,44.20741935483871,41.306451612903224,0.951826897156207,2.590437802539897,0.25,3.689227576749472e-05,8.0122353111784e-05,6.898664108931279e-05,4.557286076361e-05,0.25,0.25,0.25,3.861411356388503e-05,7.113415982206673e-05,"WORK_OF_ART,ORG",0,1511,4839,1,0,0.0125314714387059,0.0125201838091015,0.012549128383398,0.0125414310023188,0.3979112803936004,0.4086787402629852,0.1307427287101745,0.0125250751152634
10.909125265086246,10.819778284410283,"1,032",journalism,24,19.0,0.0,1.0,1,5,1,15.194750847520003, CA,0,1,1,0, Elsa Luna,Kickstarter,1569734,1517874,video,7,0,2,5582,35.92,35.13414634146341,1.1387141823081763,3.1227504947819607,0.25,8.725204496431871e-05,6.450208093276854e-05,3.458467504722044e-05,7.009180171928612e-05,0.25,0.25,1.6584489597343898e-05,3.147748745997524e-05,1.8780361293121054e-05,"PERSON,ORG",0,1511,4839,2,0,0.0,0.0,0.1633106619119644,0.0,0.1305666416883468,0.414736270904541,0.2528418898582458,0.0
12.14720866038298,10.308952660644293,770,journalism,46,15.0,0.0,1.0,1,5,1,14.151849928616338, CA,0,1,1,1, Zhuyun Dai,Kickstarter,1569714,1517756,video,21,0,6,5360,49.90545454545455,55.89393939393939,1.4753036395628265,4.372363193839502,3.094555140239967e-05,6.168433422313785e-05,3.9998603364871777e-05,0.1666666666666666,0.1666666666666666,0.3333333333333333,4.9363279667611445e-05,6.650641159607896e-05,3.338663369935804e-05,0.1666666666666666,"NORP,ORG,PRODUCT,WORK_OF_ART,LOC",0,1512,4839,0,0,0.0,0.8354553580284119,0.0,0.0,0.0,0.0,0.114467829465866,0.0
10.32620301405082,10.308952660644293,221,games,30,17.0,0.0,1.0,1,5,1,11.442717569926732, CA,1,0,4,34, Lars Thorn,Kickstarter,1569665,1517717,link,15,11,5,16,10.568928571428572,38.714285714285715,0.7025222611490651,2.0188383286245397,4.5262980515545454e-05,3.096749908702352e-05,8.791864569071449e-05,4.359507504154476e-05,7.740081609470883e-05,0.4,4.8396995060798064e-05,6.869736324587227e-05,2.786758807414104e-05,0.2,CARDINAL,0,1513,4839,1,0,0.2380547672510147,0.4819123744964599,0.0,0.0,0.0,0.0,0.0,0.2471169829368591
10.439776223738647,10.308952660644293,275,design,30,14.0,0.0,1.0,1,5,2,12.94626322746207, CA,0,1,1,7, Ronald Rael,Kickstarter,1569598,1517634,video,220,40,70,45206,56.24192307692308,72.15384615384616,0.5566327787709452,1.744787512276697,7.08028096210695e-05,3.786124170144083e-05,6.371094070129962e-05,5.485163597666954e-05,4.726212476402848e-05,0.5,9.259241948639996e-05,6.199570028243464e-05,4.110585466489921e-05,8.948439801414002e-05,ORG,0,1514,4839,46,0,0.2565467059612274,0.6751864552497864,0.0113694099709391,0.0113769099116325,0.0113887935876846,0.0113831674680113,0.0113817201927304,0.0113668758422136
10.629996972702472,9.903487552536127,357,technology,42,9.0,0.0,1.0,1,5,2,12.87291948429548, LA,0,1,6,0, Jeffrey Yoo Warren,Kickstarter,1569557,1517569,video,46,0,14,18367,40.05560975609757,57.08536585365854,1.4377249411901123,4.211104400449608,1.0891962594203827e-05,2.4781696050083906e-05,4.642527803004421e-05,0.5,9.403846154090576e-05,0.5,9.084945909739448e-05,1.1628943488057346e-05,1.5209291762625191e-05,3.3017234356893584e-05,"ORG,TIME",0,1515,4839,5,0,0.0,0.2454642057418823,0.0,0.0,0.3750801384449005,0.1903380453586578,0.1652613431215286,0.0
11.712407272166534,11.512925464970229,"1,045",film_Video,30,15.0,0.0,1.0,1,5,0,15.9166075437284, NY,0,1,7,27, Harold Hartley,Kickstarter,1569507,1517490,video,48,2,29,16326,11.939999999999998,40.74242424242424,0.7984579798802802,2.222111744218545,9.899564871732967e-05,3.440600071400831e-05,9.976100943551484e-05,3.483089352296631e-05,5.048895850799635e-05,5.032580357435624e-05,5.087959824109052e-05,2.0549039547731168e-05,6.44327153960167e-05,9.973571450137048e-05,"PERSON,DATE,ORG,CARDINAL,WORK_OF_ART",0,1516,4839,5,1,0.0,0.1634392887353897,0.0,0.1705934405326843,0.0,0.0,0.1842902153730392,0.4538234770298004
10.28360066404139,9.903487552536127,561,theater,23,13.0,0.0,1.0,1,5,2,11.70331439284194, CA,0,1,5,17, Indhira Rojas,Kickstarter,1569462,1517418,video,5,2,0,3924,78.49941176470588,58.17647058823529,0.2802215926813841,1.3234230407078025,9.882063508494678e-05,5.1747869928596286e-05,3.379106059540266e-05,0.5,5.873280180703154e-05,3.34704199480082e-05,5.0222916265315514e-05,7.964473760657478e-05,8.246632139751359e-05,4.3009685394240326e-05,"PERSON,ORDINAL,ORG",0,1517,4839,1,0,0.0113840634003281,0.0113784531131386,0.0113743059337139,0.7241592407226562,0.20756696164608,0.0113758742809295,0.0113854510709643,0.0113756563514471
12.585121907132905,12.429216196844385,"1,751",film_Video,30,24.0,0.0,1.0,1,5,3,15.194750847520003, CA,1,0,1,3, Richard Green,Kickstarter,1569419,1517370,video,22,6,5,10576,60.814,35.0,0.370986725148827,1.4491638358247112,8.717775469767314e-05,3.5163493347090883e-05,2.972304714093223e-05,7.533131178384036e-05,8.388152458316868e-05,8.190928796800112e-05,8.494604072042602e-05,6.910656641671122e-05,4.054029248467898e-05,1.946823388126596e-05,"PERSON,LOC",0,1518,4839,3,0,0.0104256561025977,0.0104531813412904,0.2605201005935669,0.1027546599507331,0.5845490097999573,0.0104256551712751,0.010434147901833,0.0104375928640365
10.180529683533,10.171173592740198,153,film_Video,30,20.0,0.0,1.0,1,4,0,14.77102200299171, Canada,0,1,1,0, Alessandra  Piccione,Kickstarter,1569389,1517313,video,20,1,14,10609,40.49775,47.5,1.240013815886833,3.4556612074570463,1.87630204412099e-05,7.949372543267183e-05,9.04381757449342e-05,0.1111111111111111,0.1111111111111111,0.3333333333333333,7.587500821410148e-05,0.1111111111111111,6.286793987221867e-05,0.2222222222222222,"WORK_OF_ART,PERSON,ORG",0,1519,4839,5,0,0.1027416735887527,0.0,0.0,0.1594561487436294,0.0,0.3474382758140564,0.1518148928880691,0.211693525314331
11.263707409192737,10.126631103850338,597,publishing,40,10.0,0.0,1.0,1,5,1,14.151849928616338, CA,0,1,1,1, Mia  Blume,Kickstarter,1569389,1517313,link,6,1,2,7,5.35923076923077,20.692307692307693,0.4724859950833632,1.6039767191339749,7.357347971289965e-05,4.0137125589908304e-05,7.93906694748897e-05,4.525376777332954e-05,7.846252237776163e-05,1.0,7.00134107514125e-05,6.621103165985109e-05,4.112884510228218e-05,6.415180643622279e-05,DATE,0,1519,4839,1,0,0.0,0.0,0.1628761738538742,0.412832498550415,0.0,0.10193882137537,0.2928544580936432,0.0
11.401267383427346,10.596634733096073,455,design,36,4.0,0.0,1.0,1,5,1,14.64870833488698, NY,0,1,13,118, Che-Wei Wang,Kickstarter,1569299,1517217,video,37,6,2,22030,32.469375,38.583333333333336,1.3970166694950292,4.043119993316169,0.0714285714285714,2.1873684317842977e-05,5.854189744062068e-05,4.020275891693654e-05,1.8643368631271197e-05,0.3571428571428571,0.0714285714285714,4.8134153148038295e-05,6.86147109455624e-05,0.0714285714285714,"ORDINAL,ORG",0,1520,4839,7,0,0.0,0.0,0.1485935300588607,0.0,0.0,0.3562279343605041,0.1074412837624549,0.3492069542407989
12.234021997962122,9.980448593672255,"3,284",games,28,7.0,0.0,1.0,1,5,1,11.77528972943772, Switzerland,1,0,6,167, Marc Dür,Kickstarter,1569200,1517164,video,51,2,13,10622,39.24810810810811,42.82432432432432,0.9158887080084854,2.498995142337741,1.0053814495131578e-05,2.335468403957299e-05,6.486231666732407e-05,0.1818181818181818,0.0909090909090909,0.4545454545454545,3.2502163546065506e-05,8.370265783071252e-05,2.5066244017853765e-05,0.1818181818181818,"PERSON,ORG",0,1521,4839,1,0,0.0139183849096298,0.0139115992933511,0.2895731627941131,0.0139138046652078,0.0139309596270322,0.2372809499502182,0.1275048851966858,0.2899662554264068
11.801993376703004,10.54006438160768,"1,258",publishing,44,11.0,0.0,1.0,1,4,0,14.29888502284722, Spain,0,1,9,5, Jordi Anton Sala,Kickstarter,1569163,1517034,link,34,1,3,39,10.39125,40.666666666666664,0.8018443704262911,2.22964943800554,2.684118433694516e-05,8.706408881716732e-05,3.272223677691516e-05,2.4564886082759924e-05,6.197604785174763e-05,1.0,2.2166756384817536e-05,1.9145129913888743e-05,2.8370922052122067e-05,6.957477728357672e-05,"PERSON,ORDINAL,CARDINAL",0,1522,4839,5,0,0.0,0.1074076071381568,0.1078153625130653,0.0,0.0,0.2469598054885864,0.4374577105045318,0.0815647393465042
11.24427866665095,10.896739325546411,381,design,30,8.0,0.0,1.0,1,4,1,11.973837894204184, France,0,1,1,3, Mario Nicolas Francesco Viola,Kickstarter,1569162,1516883,video,147,52,60,33178,70.4857142857143,49.57142857142857,0.4503344729783137,1.568836831272803,2.711158896868351e-05,0.1428571428571428,8.860071768441397e-05,0.1428571428571428,0.1428571428571428,0.1428571428571428,4.691239185421154e-05,0.1428571428571428,8.304211078683075e-05,0.1428571428571428,PRODUCT,0,1528,4839,42,0,0.4265136420726776,0.0104385819286108,0.0104329464957118,0.0974862724542617,0.0104424627497792,0.0104352468624711,0.1683803796768188,0.265870451927185
11.217869606188502,10.819778284410283,829,fashion,30,9.0,0.0,1.0,1,4,3,11.49588103036097, MI,0,1,1,8, Alicia VanOverbeke,Kickstarter,1569162,1516883,video,31,5,18,8066,80.72333333333333,56.88888888888889,0.3192843667480536,1.3761425984663918,9.599033722942609e-05,3.633514546811189e-05,9.520905569472002e-05,3.981261222927965e-05,2.62772214922048e-05,5.020316541497803e-05,2.0343640738931847e-05,7.36466191733381e-05,7.075192369366134e-05,2.3488981701117952e-05,"GPE,ORG",0,1528,4839,6,0,0.3839732706546783,0.5659753680229187,0.0,0.0,0.0,0.0,0.0,0.0
11.284480385356286,11.002099841204238,507,comics,34,12.0,0.0,1.0,1,5,2,14.26495554920974, PA,0,1,16,29, Joshua O'Neill,Kickstarter,1569199,1516883,video,16,0,7,5675,66.38653846153846,72.15384615384616,0.8183216569729705,2.266692355986018,1.119059316147646e-05,8.326467337792867e-05,8.71024422993908e-05,3.7723264743541134e-05,9.617180562384986e-05,0.5,4.9410701864234655e-05,6.727228300979815e-05,4.012695465351373e-05,0.25,"DATE,PERSON,ORG",0,1529,4839,3,0,0.0156540926545858,0.01564621925354,0.0156611036509275,0.1583360582590103,0.7477682828903198,0.0156398434191942,0.0156470593065023,0.0156473964452743
10.46015614461037,10.126631103850338,613,design,32,10.0,0.0,1.0,1,4,2,14.64870833488698, NY,1,0,1,25, Andrew Chepaitis,Kickstarter,1569264,1516899,video,39,18,11,12642,54.05111111111112,35.72222222222222,0.7007946135066354,2.01535349849171,7.924983214794011e-05,1.3850494142254107e-05,4.8079493314869685e-05,0.5,4.612326646588545e-05,0.5,5.108425250834638e-05,7.160615642819663e-05,1.7396977658408983e-05,5.179594886846171e-05,PERSON,0,1530,4839,7,0,0.0125428829342126,0.0125518990680575,0.2952692210674286,0.0125312730669975,0.012522785924375,0.4745587408542633,0.1674766987562179,0.0125464973971247
10.573954469372852,10.373491181781864,596,film_Video,30,15.0,0.0,1.0,1,4,1,14.64870833488698, NY,0,1,3,270, Daniel Schoenbrun,Kickstarter,1569374,1516920,link,8,1,2,9,9.694545454545455,40.18181818181819,0.6647918103702294,1.9440857407121277,9.182819225858384e-05,2.028621572531709e-05,9.850736037397853e-05,1.0,7.199301893758806e-05,4.566550204607159e-05,4.9875065824593646e-05,8.755659122793998e-05,6.555001865587468e-05,2.4540042891209622e-05,"WORK_OF_ART,ORG,ORDINAL,CARDINAL",0,1531,4839,1,0,0.3360361158847809,0.0,0.0,0.0997412502765655,0.2459050863981247,0.0,0.0,0.2919228374958038
8.98441545625159,8.906528917594517,161,publishing,25,10.0,0.0,1.0,1,4,2,13.669469241521591, UK,0,1,18,37, Colin Wilkinson,Kickstarter,1569479,1517054,video,9,1,0,3928,70.25666666666666,45.77777777777778,0.572467719904942,1.7726360277215616,3.792776338940928e-05,5.583207254525877e-05,4.948403939954204e-05,6.494583837141951e-05,9.789589912162233e-05,0.3333333333333333,6.82013888249625e-05,8.824794830071006e-05,2.3150022452331823e-05,0.3333333333333333,"PERSON,GPE,ORG",0,1533,4839,2,0,0.0156496502459049,0.1915197819471359,0.0156480334699153,0.0156542267650365,0.3906729519367218,0.3395615816116333,0.0156440436840057,0.0156497135758399
12.24541521183598,10.555257897179796,"1,607",film_Video,44,11.0,0.0,1.0,1,3,3,15.7632387676311, Hong Kong,0,1,1,3, Khong Chang KONG,Kickstarter,1569479,1517054,video,50,1,8,12644,50.893870967741925,47.12903225806451,0.9803429166566516,2.66537008503275,0.25,2.0062033411054344e-05,6.235215262729122e-05,0.25,8.619340215701806e-05,0.25,0.25,2.968141859370608e-05,5.693212531320264e-05,7.218043388383543e-05,PERSON,0,1533,4839,3,0,0.6095447540283203,0.0104344086721539,0.0104403523728251,0.0104498676955699,0.0104377344250679,0.0104314982891082,0.3278209865093231,0.0104403365403413
9.414994033976548,9.392661928770137,114,technology,30,20.0,0.0,1.0,1,5,2,15.9166075437284, NY,0,1,2,6, ELIZABETH COLLINS,Kickstarter,1569501,1517072,link,11,1,0,11,10.793846153846154,51.46153846153847,0.2610491163657495,1.2982914312244906,5.9234081105402e-05,3.31287344068403e-05,3.6561343960546946e-05,9.758379638307276e-05,9.986016039155656e-05,8.182534973762228e-05,6.583399175635906e-05,8.777015267713826e-05,5.007416662287194e-05,7.132548091703413e-05,"WORK_OF_ART,PERSON,CARDINAL,DATE",0,1534,4839,0,0,0.2090018838644027,0.0736177861690521,0.2037147730588913,0.0,0.1447338163852691,0.0,0.05833275988698,0.3005768358707428
11.313583885841508,11.225243392518449,"1,028",comics,32,17.0,0.0,1.0,1,4,0,15.9166075437284, NY,0,1,1,0, Daniel Lewis,Kickstarter,1569501,1517072,video,20,0,5,5742,52.409655172413785,45.53448275862069,0.6333491874994663,1.8839095915438433,0.2,1.0921047076788176e-05,6.60423918357978e-05,0.2,0.2,0.2,2.336537161197284e-05,4.292722776272932e-05,5.4018876870676144e-05,0.2,"FAC,ORG",0,1534,4839,4,0,0.3467985987663269,0.0,0.0,0.609032928943634,0.0,0.0,0.0,0.0
11.554643058322096,11.512925464970229,"1,126",film_Video,30,16.0,0.0,1.0,1,4,2,14.26495554920974, PA,0,1,2,1, Yael Bridge,Kickstarter,1569473,1517061,video,35,61,28,15262,88.18071428571429,49.714285714285715,0.4027327074229291,1.4959069933857223,0.5,1.075147637623927e-05,9.283002055050408e-05,9.056178728339164e-05,3.53855510489074e-05,1.340839084257334e-05,7.699988405594299e-05,1.1055666009419091e-05,0.5,3.381933837063896e-05,"NORP,PERSON,GPE",0,1535,4839,9,6,0.0139210997149348,0.0139118637889623,0.0139118637889623,0.0139118637889623,0.0139357419684529,0.5092400908470154,0.2445632070302963,0.1766043007373809
10.870832550232782,10.46310334047155,538,film_Video,34,18.0,0.0,1.0,1,4,3,11.214788934614589, IA,1,0,2,41, Andrew Sherburne,Kickstarter,1569614,1517026,video,90,0,38,12423,39.38,48.55555555555556,1.1193226385851462,3.0627788922606967,3.465892895229747e-05,9.881169347619072e-05,1.2052689461886076e-05,2.5847736257508504e-05,6.248973407710489e-05,1.6890725319841212e-05,7.687245194396564e-05,8.829172409153251e-05,9.711521068619574e-05,1.2972952854314356e-05,"DATE,PERSON,GPE",0,1536,4839,20,0,0.4100812971591949,0.013919785618782,0.0139210820198059,0.0139129851013422,0.0139208398759365,0.1168042421340942,0.1742716431617736,0.2431681007146835
11.172645457984238,10.758960257642316,"2,362",games,30,19.0,0.0,1.0,1,4,4,13.304684934198283, Canada,0,1,1,0, Nikita Danshin,Kickstarter,1569614,1517020,video,160,20,15,15125,74.91499999999999,53.44444444444444,0.2834878116516415,1.327752697102833,4.170943488272854e-05,5.910062897509822e-05,1.3294874425798078e-05,8.948768021224538e-05,2.109710098418765e-05,0.5,2.8109000535736167e-05,8.642208673665466e-05,5.3488668781526645e-05,8.610329915875097e-05,"PERSON,GPE",0,1537,4839,25,0,0.0250344108790159,0.4789955019950866,0.0250550936907529,0.0250344108790159,0.0250344071537256,0.0250344071537256,0.3707739412784576,0.0250379163771867
10.396047367495228,10.146433731146518,581,film_Video,30,16.0,0.0,1.0,1,4,1,12.94626322746207, CA,0,1,1,19, William Crawford,Kickstarter,1569614,1517055,video,71,4,16,12149,40.13918918918919,34.71621621621622,0.9071960448907208,2.4773663614786603,2.6118544539536343e-05,7.102543391089077e-05,2.0581036342590506e-05,4.3322930553018704e-05,8.308035454589126e-05,0.3333333333333333,0.3333333333333333,9.909403889825788e-05,1.5252022533781136e-05,1.5547572476360576e-05,"DATE,PERSON,WORK_OF_ART",0,1538,4839,7,0,0.0,0.338713139295578,0.0,0.0,0.1158507764339447,0.0,0.2392300367355346,0.2704150378704071
12.09979571008798,10.38591370178042,78,technology,30,13.0,0.0,1.0,1,4,1,11.473976714831654, Germany,0,1,1,0, Nico Zurmühlen,Kickstarter,1569614,1517072,video,88,4,20,18831,45.913103448275855,28.29310344827586,0.7795610266730344,2.180514867511596,7.871642593013911e-05,7.552940431309681e-05,7.630807107982809e-05,8.348797887104844e-05,5.4444843128824125e-05,1.0,3.2464805669182986e-05,7.003417747435559e-05,3.2861860064541805e-05,9.252401707228934e-05,CARDINAL,0,1539,4839,6,0,0.0178703572601079,0.3462525308132171,0.3622120320796966,0.2021392285823822,0.0178698413074016,0.0178998094052076,0.0178863164037466,0.0178698413074016
9.275940829060133,9.210340371976184,115,technology,32,9.0,0.0,1.0,1,4,4,15.9166075437284, NY,0,1,1,1, Eduardo Ayala Fuentes,Kickstarter,1569663,1517086,link,11,3,3,15,11.050000000000004,40.04761904761905,0.4920358593833267,1.6356427712947412,6.649019894429278e-05,6.774132660085899e-05,7.357412889127375e-05,0.0526315789473684,0.1578947368421052,0.2631578947368421,5.651981982283211e-05,0.1578947368421052,1.5103575909791276e-05,0.1578947368421052,"FAC,GPE,ORG",0,1540,4839,3,1,0.0754657611250877,0.0496383756399154,0.1083753034472465,0.2530449330806732,0.3101456463336944,0.0,0.0,0.1933071017265319
11.26956645115511,11.884489021402713,990,design,32,5.0,0.0,1.0,0,4,0,14.64870833488698, NY,0,1,4,28, Jesse Reed,Kickstarter,1569663,1517086,video,19,3,5,5270,35.15866666666667,35.0,1.568903950350142,4.801382754823785,2.728144762660331e-05,1.0508689435706626e-05,3.013234882882427e-05,1.0,7.817908451372261e-05,1.2519796853856417e-05,4.202394079160025e-05,9.12971949483668e-05,8.754013347233619e-05,5.029890767595612e-05,"PERSON,GPE,DATE,ORG,ORDINAL,CARDINAL",0,1540,4839,0,0,0.0,0.0,0.3451965451240539,0.4729586839675903,0.0,0.1450111269950866,0.0,0.0
12.496111937555632,10.819778284410283,221,photography,20,8.0,0.0,1.0,1,4,3,13.047376865601484, GA,0,1,6,6, Katja Lauterbach,Kickstarter,1569646,1517116,video,9,0,1,4361,63.24333333333333,64.03703703703704,0.5218521416001085,1.685145889901217,6.628901051499342e-05,5.291157015103449e-05,9.533465245182752e-05,1.0,5.091207167687092e-05,2.166571178604214e-05,2.766923057145014e-05,1.7519285831693654e-05,4.502620099401534e-05,6.7518688916673e-05,"DATE,ORG",0,1541,4839,0,0,0.0156445056200027,0.0156599972397089,0.1405102312564849,0.0156453344970941,0.0156299881637096,0.2054880559444427,0.5757641196250916,0.0156577229499816
9.604609707323611,9.546812608597396,153,art,26,10.0,0.0,1.0,1,4,3,12.87291948429548, LA,0,1,2,9, Delaney Martin,Kickstarter,1569596,1517067,video,8,1,9,6446,36.61704761904762,31.666666666666664,1.1585879293126724,3.1854320436196164,2.3365610347931275e-05,0.125,9.339777707801008e-05,0.25,0.125,0.125,4.784097992722521e-05,0.125,3.061670867949611e-05,0.125,"GPE,ORG",0,1542,4839,2,0,0.2660524547100067,0.0,0.1733592301607132,0.0,0.0,0.5158178210258484,0.0,0.0
10.784855521821015,10.714417768752456,531,film_Video,33,26.0,0.0,1.0,1,4,0,11.081834809223093, MA,1,0,1,5, Laurie Block,Kickstarter,1569310,1516696,video,43,6,17,10187,55.742,60.0,0.5611834744439674,1.7527456029499957,7.264718754103352e-05,2.7453503825261245e-05,3.668809864193312e-05,6.921771177386908e-05,6.966414788195232e-05,1.0,4.824707600987684e-05,6.380225770736434e-05,2.7635354595452944e-05,5.54458391412824e-05,PERSON,0,1545,4839,9,0,0.1287713050842285,0.010431544855237,0.4085682034492492,0.1833109557628631,0.2375941127538681,0.010435520671308,0.0104387644678354,0.0104496106505393
9.912496846693715,9.210340371976184,120,crafts,30,8.0,0.0,1.0,1,4,3,13.425597881382114, MI,0,1,1,1, Cornelia Vermeulen,Kickstarter,1569682,1516786,video,7,1,5,4540,64.16375,61.5,0.7024392167811224,2.0186706824326928,6.488314853933054e-05,5.798805979321362e-05,1.5710460478894324e-05,4.295381164455489e-05,3.2099882501745263e-05,7.938276483861065e-05,8.471951946554747e-05,2.4160822350484657e-05,8.518994813097201e-05,2.197117604344383e-05,"DATE,PERSON,GPE,WORK_OF_ART",0,1549,4839,0,0,0.166005790233612,0.0113928141072392,0.0113878333941102,0.1299448609352111,0.2890369594097137,0.0113864885643124,0.0114118270576,0.3694334924221039
8.732373923466957,8.724207360800564,58,journalism,20,10.0,0.0,1.0,1,4,1,15.837971611150978, UK,0,1,1,0, Martha Mosse,Kickstarter,1569934,1516906,video,5,3,0,5704,49.75923076923076,67.2051282051282,0.9096027070998464,2.483335725719431,1.054423388655806e-05,6.342873215021294e-05,2.801943973760516e-05,4.125595230967213e-05,4.525915293087383e-05,0.5,0.25,0.25,3.4810921286852004e-05,4.436409292833175e-05,"PERSON,ORG",0,1552,4839,0,0,0.3793815672397613,0.0,0.0860965400934219,0.0825113430619239,0.4206876158714294,0.0,0.0,0.0
11.018992355874246,10.868339851024713,439,film_Video,25,6.0,0.0,1.0,1,4,1,12.611537753638338, Cayman Islands,0,1,1,3, Petrus Henricus Maria Braat,Kickstarter,1570031,1517019,video,20,1,2,9600,74.96666666666667,45.77777777777778,0.3462839348369776,1.4138039870379224,7.674094976201467e-05,3.828173684495545e-05,8.607178934567488e-05,1.0,1.442300895596594e-05,1.9063862217053218e-05,7.361549540588453e-05,1.234270253827717e-05,4.523085828937358e-05,9.170192248955956e-05,ORG,0,1553,4839,5,0,0.0125141544267535,0.61265629529953,0.0125105343759059,0.0125094503164291,0.0125110829249024,0.3122691810131073,0.0125110214576125,0.0125182662159204
11.640583845170028,10.889285690168435,92,technology,34,10.0,0.0,1.0,1,4,2,16.324637595040688, Mexico,0,1,1,4, Pedro Alfonso Porras Luraschi,Kickstarter,1569983,1517091,video,49,1,11,11510,48.41542857142857,54.642857142857146,0.9048639857008952,2.4715957278337193,5.811032972406778e-05,8.926737193667705e-05,7.764443814908286e-05,0.25,8.684667173198932e-05,0.75,5.5678173286047e-05,6.787871389192228e-05,7.505412338779329e-05,6.071317162384216e-05,"ORG,PERSON,GPE,PRODUCT",0,1554,4839,2,1,0.0113828442990779,0.4289723634719848,0.2274691760540008,0.0113898981362581,0.0113992514088749,0.2865849733352661,0.0113952625542879,0.0114062093198299
10.550512257479294,11.551790345591854,398,design,30,5.0,0.0,1.0,0,4,3,15.837971611150978, UK,0,1,10,8, Patricia Ann Finegan,Kickstarter,1569932,1517057,video,8,1,4,4380,42.04864864864865,37.41891891891892,1.1488271559489187,3.1544910132214454,0.1428571428571428,8.129953298398167e-05,7.504666909944593e-05,0.1428571428571428,0.1428571428571428,0.4285714285714285,9.257537175045917e-05,6.0682678205672475e-05,2.6616099586384594e-05,0.1428571428571428,"NORP,ORG,PERSON",0,1555,4839,0,0,0.0113838287070393,0.0113814072683453,0.2268038392066955,0.0113688949495553,0.0113825155422091,0.5409884452819824,0.1753166317939758,0.0113744745030999
12.303117683234277,10.819778284410283,"1,293",crafts,14,15.0,0.0,1.0,1,4,1,14.151849928616338, CA,0,1,5,60, RoAnne de Weerd,Kickstarter,1569654,1516879,video,59,8,15,10855,44.97529411764706,55.23529411764706,0.727945216625591,2.070821144176973,3.313564229702879e-05,1.1876071582693074e-05,7.41289838757934e-05,0.1666666666666666,7.740816699644445e-05,0.3333333333333333,5.714517163475989e-05,9.129124708243932e-05,4.653752754411326e-05,0.1666666666666666,"WORK_OF_ART,PRODUCT,LOC,ORG",0,1557,4839,3,0,0.0,0.1265533566474914,0.2671826481819153,0.5581190586090088,0.0,0.0,0.0,0.0
12.228328291127124,10.110501721920452,"4,189",food,31,13.0,0.0,1.0,1,3,0,15.837971611150978, UK,0,1,1,0, Stefan Johnson,Kickstarter,1569034,1516302,video,15,6,9,6834,37.083000000000006,55.0,1.2597840700884149,3.524660325597069,0.0666666666666666,8.430478052568346e-05,9.949871612802435e-05,0.2666666666666666,4.7307370839446105e-05,0.4,0.0666666666666666,8.961501744301764e-05,1.6000001168104075e-05,0.1333333333333333,ORG,0,1559,4839,2,0,0.0,0.0,0.3903079926967621,0.1802622973918914,0.0,0.0,0.3903021216392517,0.0
14.076894341917804,13.017002861746503,"16,607",games,32,28.0,0.0,1.0,1,3,1,13.410750701107972, MA,0,1,4,196, Henrik Strandberg,Kickstarter,1568765,1515848,video,40,2,5,10258,48.26447368421052,66.94736842105263,0.7303534240937384,2.0758141207702896,0.1428571428571428,0.1428571428571428,8.37053536880205e-05,0.1428571428571428,6.908929092199669e-05,0.1428571428571428,2.4906836874391527e-05,7.176509796877429e-05,0.1428571428571428,0.1428571428571428,"NORP,PERSON,ORG,PRODUCT",0,1561,4839,6,0,0.0,0.1385754346847534,0.0,0.4685364365577698,0.0,0.3511304557323456,0.0,0.0
11.946472557205349,10.819778284410283,516,technology,30,7.0,0.0,1.0,1,4,0,14.151849928616338, CA,0,1,1,7, James Kubik,Kickstarter,1568954,1515687,video,26,4,6,7309,56.81935483870968,56.806451612903224,1.0218887980151274,2.77843771861249,9.468930903169936e-05,2.115452748379955e-05,1.1601540101154269e-05,0.25,5.599942987056211e-05,0.5,1.1785152216899407e-05,9.542532995812048e-05,9.205983319422427e-05,0.25,ORG,0,1563,4839,0,0,0.1527837067842483,0.0,0.1601123809814453,0.5335599184036255,0.0,0.0,0.1177714541554451,0.0
8.994668835500674,8.987196820661973,84,food,39,7.0,0.0,1.0,1,3,3,14.64870833488698, NY,0,1,1,3, Allison Wist,Kickstarter,1569047,1515744,link,11,0,1,12,15.58631578947368,61.10526315789473,0.6661531160033821,1.94673403774415,0.25,3.6623202647622375e-05,1.2035940141439065e-05,0.25,6.824774550647026e-05,0.25,2.586686559835558e-05,7.486060292710775e-05,5.999399279216028e-05,0.25,,0,1564,4839,1,0,0.2449588924646377,0.0851167291402816,0.1608811914920807,0.4872499704360962,0.0,0.0,0.0,0.0
10.950648639613158,10.819778284410283,409,crafts,37,7.0,0.0,1.0,1,3,1,15.194750847520003, CA,0,1,2,0, Yuting Su,Kickstarter,1569203,1515799,video,42,5,6,16629,66.58142857142857,39.07142857142857,0.5184353844680071,1.679397980859738,4.555480040711164e-05,9.061472572732014e-05,9.157736193763952e-05,7.776829665785771e-05,1.3436645741159324e-05,7.18938269777199e-05,3.433243891763104e-05,1.8716155525949617e-05,1.0,6.418688595738101e-05,"PERSON,PRODUCT",0,1565,4839,3,0,0.0156412366777658,0.3908253312110901,0.0156412329524755,0.2764684557914734,0.2544919550418854,0.0156512204557657,0.0156428050249815,0.0156377535313367
11.141702350580776,8.85366542803745,262,technology,30,11.0,0.0,1.0,1,3,3,13.436372336049692, WA,0,1,2,1, Branden Christensen,Kickstarter,1569354,1515884,video,20,4,5,9728,60.92300000000001,66.66666666666666,0.6395268257953958,1.8955837257450392,0.25,0.5,5.338748789984315e-05,3.731148861698811e-05,0.25,7.051571898130357e-05,9.052671486547706e-05,9.66648872172411e-05,9.590329994933855e-05,4.3369457944423536e-05,"PRODUCT,ORG",0,1566,4839,3,0,0.2458408623933792,0.0,0.0,0.2614611983299255,0.2444724440574646,0.0,0.2147537171840667,0.0
12.206807375549957,11.512925464970229,"2,860",journalism,31,20.0,0.0,1.0,1,4,1,15.9166075437284, NY,0,1,1,0, Jen Chung,Kickstarter,1569425,1516029,video,9,2,3,8262,38.43387096774193,34.85483870967742,0.7580110719593055,2.134027569494259,7.740668357743588e-05,4.757104639843674e-05,4.634952101974791e-05,7.085347105801284e-05,6.99307135158028e-05,1.0,5.1544091790434885e-05,3.6182867538993585e-05,5.683469077430557e-05,3.0414184358244258e-05,"PERSON,GPE,DATE,ORG,WORK_OF_ART",0,1567,4839,1,0,0.1312842220067978,0.0139105506241321,0.1248145177960395,0.0139054069295525,0.0139171695336699,0.5613059401512146,0.1269522905349731,0.0139098279178142
13.356707650576253,13.18138671785379,"12,613",games,39,20.0,0.0,1.0,1,3,0,14.768099660181356, Japan,0,1,1,20, Hidetaka Suehiro,Kickstarter,1569425,1516029,video,17,3,6,7712,52.35103448275863,56.58620689655172,0.8297570601881106,2.292761669510893,0.125,0.125,1.409729498197692e-05,4.568213086765603e-05,0.125,0.125,0.125,0.125,0.125,0.125,"PERSON,ORG",0,1567,4839,1,0,0.0139101268723607,0.0139027060940861,0.3737515807151794,0.0139130093157291,0.0139373857527971,0.0138954268768429,0.013899658806622,0.5427901744842529
10.5834481712919,9.392661928770137,284,film_Video,21,8.0,0.0,1.0,1,3,4,15.9166075437284, NY,0,1,1,1, Hyung J Lee,Kickstarter,1569609,1516088,video,165,11,94,24959,53.97517241379311,56.58620689655172,0.7568250853656813,2.1314981416366625,2.9442829635376495e-05,8.86650906825081e-05,1.1172275228163196e-05,0.5,3.586083564193805e-05,0.5,3.203491043153883e-05,6.99424914561736e-05,7.66986403196654e-05,1.5454777556975985e-05,"WORK_OF_ART,NORP,ORG",0,1568,4839,17,0,0.0416695177555084,0.0416688621044158,0.0416735224425792,0.0416844934225082,0.7082034349441528,0.0417330339550972,0.0416688621044158,0.0416982732713222
10.339190843704902,8.006367567650246,"1,506",design,30,8.0,0.0,1.0,1,3,6,15.9166075437284, NY,1,0,1,0, Avana Vana,Kickstarter,1569933,1516466,link,456,53,112,544,8.267142857142858,48.595238095238095,0.8340948051056312,2.3027286863499143,0.2,4.744632119979521e-05,4.63938580644621e-05,3.243500797297439e-05,9.287423150056348e-05,0.2,0.2,9.400774691253514e-05,0.2,0.2,CARDINAL,0,1572,4839,88,0,0.0,0.0,0.0920788422226905,0.194935917854309,0.5403038263320923,0.0,0.1341407299041748,0.0
11.639011711145091,11.289781913656018,"1,428",music,30,32.0,0.0,1.0,1,3,2,13.433583737933631, CO,0,1,1,0, Austin Wintory,Kickstarter,1569930,1516445,video,24,3,5,8441,39.86871428571428,43.035714285714285,1.0930053925513394,2.9832263795663923,7.553047936025497e-05,0.1,9.691603311126066e-05,0.3,6.732119735312825e-05,0.3,6.686600559782283e-05,0.1,8.191571928322069e-05,0.1,"PERSON,CARDINAL,TIME",0,1573,4839,3,0,0.2246129214763641,0.0,0.0,0.3133458197116852,0.0,0.0714493542909622,0.1114728897809982,0.2603223025798797
9.167729277971466,8.99961934066053,195,journalism,30,8.0,0.0,1.0,1,2,0,13.778218783212536, Germany,0,1,1,0, Sebastian Pranz,Kickstarter,1569973,1516405,video,21,8,7,8481,55.51730769230769,72.15384615384616,1.0448579158974935,2.84299455062422,4.873118791349804e-05,5.933080584836366e-05,9.54237748013246e-05,5.370714173181106e-05,4.136683999080887e-05,5.577017400157175e-05,8.403446537287977e-05,7.724791956382693e-05,5.448336499936852e-05,5.447166576204394e-05,"PERSON,GPE,ORG",0,1577,4839,2,0,0.0139190098270773,0.0139021929353475,0.235932320356369,0.0139241451397538,0.0139221167191863,0.0139259211719036,0.5198513269424438,0.1746229976415634
7.908975221641597,7.67786350067821,97,theater,13,7.0,0.0,1.0,1,3,2,14.341107348903938, Austria,1,0,3,9, Anna Sarcletti,Kickstarter,1569973,1516405,video,25,8,6,4587,41.68685714285714,48.92857142857143,0.7979412127955856,2.2209637266650097,5.818129912554911e-05,1.900285039604384e-05,7.161364451046942e-05,0.2,4.737828158450134e-05,0.8,3.0077930267342403e-05,2.4515707732283367e-05,9.118995577943265e-05,7.888422113353131e-05,"GPE,ORG,ORDINAL,CARDINAL,LOC",0,1577,4839,4,0,0.4091244637966156,0.0,0.212030291557312,0.2229633778333664,0.1280615925788879,0.0,0.0,0.0
7.31986492980897,8.517193191416238,27,journalism,30,8.0,0.0,1.0,0,2,0,15.194750847520003, CA,1,0,3,0, Robert LeBlanc,Kickstarter,1570021,1516397,video,7,2,0,4407,51.94964285714287,63.714285714285715,0.5721802895684382,1.7721265915688245,7.002347027128127e-05,0.3333333333333333,1.4644228879808216e-05,2.700776812337128e-05,1.674388772691578e-05,0.3333333333333333,5.407011907016548e-05,8.967566062108202e-05,7.238309265904245e-05,5.953454822236534e-05,"PERSON,GPE,NORP,CARDINAL,WORK_OF_ART",0,1579,4839,1,0,0.1946972012519836,0.0,0.1380569189786911,0.0,0.0,0.2868649959564209,0.0,0.3469782173633575
12.608390405931624,7.114769448366463,"4,638",comics,28,10.0,0.0,1.0,1,3,4,13.333078008699502, UK,0,1,10,3, Lawrence Nigel Etherington,Kickstarter,1570067,1516388,video,58,3,9,7181,38.795625,45.5,0.5084047134210962,1.6626366961587284,0.6666666666666666,5.789417364863521e-05,7.260649708627223e-05,6.482450917355862e-05,1.2431657623553711e-05,4.553017894568813e-05,0.3333333333333333,2.9186373219384923e-05,1.1190984982367672e-05,3.773680589767127e-05,"DATE,PERSON,CARDINAL",0,1580,4839,9,0,0.2259377986192703,0.0,0.4285582602024078,0.1591704040765762,0.0,0.0,0.1528646051883697,0.0
10.929672507268652,10.819778284410283,50,design,45,10.0,0.0,1.0,1,3,4,14.64677659263844, TX,0,1,3,9, Samantha Snabes,Kickstarter,1570119,1516416,video,108,9,22,13985,35.597807017543865,38.98245614035088,1.0853156325099664,2.9603740615885266,5.7922381709550766e-05,9.521120550534586e-05,2.247413482883816e-05,6.955318833779851e-05,8.293265852927049e-05,3.092353765595673e-05,0.3333333333333333,0.3333333333333333,0.3333333333333333,5.138451362437051e-05,"ORG,PRODUCT",0,1581,4839,13,0,0.0683887973427772,0.6119207143783569,0.0,0.0,0.0,0.2225651144981384,0.0692981332540512,0.0
10.16531321044268,9.64859530290734,535,food,40,9.0,0.0,1.0,1,3,1,15.9166075437284, NY,0,1,1,5, Aidan Altman,Kickstarter,1570195,1516434,link,59,16,8,63,3.774347826086956,20.195652173913043,0.4725145092478464,1.6040224558420402,9.30343381384562e-05,3.765926628889746e-05,8.63811608237701e-05,4.7675348737736985e-05,8.020186806492936e-05,2.3883925176695174e-05,7.219229380183392e-05,1.751127446281386e-05,6.994277783973997e-05,7.825309372526812e-05,"ORG,PRODUCT",0,1582,4839,4,0,0.0,0.1310654282569885,0.0581015199422836,0.3159003555774688,0.0,0.2740335464477539,0.2069332152605056,0.0
11.402049768624291,11.225243392518449,"3,091",music,40,19.0,0.0,1.0,1,3,4,15.9166075437284, NY,0,1,1,0, Michael Young,Kickstarter,1570320,1516541,video,390,14,44,46984,32.50795698924731,23.236559139784944,0.9939761850244736,2.7019566210526476,8.246569576243392e-05,0.1666666666666666,1.3569517447684342e-05,0.1666666666666666,0.1666666666666666,0.1666666666666666,7.800573431911785e-05,6.416672791893224e-05,3.737760667594398e-05,0.1666666666666666,"DATE,FAC,PERSON",0,1584,4839,61,0,0.3461768925189972,0.0,0.0,0.0,0.0,0.1464560776948928,0.0,0.4592193961143493
12.772128906167556,8.129257540674775,"3,296",journalism,57,10.0,0.0,1.0,1,3,2,15.047007280023903, Germany,0,1,11,0, Clemens Steffin,Kickstarter,1570336,1516556,video,157,7,15,17127,44.88181818181818,63.303030303030305,0.6916139959075283,1.996935980149475,4.939451424401872e-05,6.618613607049427e-05,5.7073720115338515e-05,3.902765090298033e-05,3.278616695283343e-05,0.5,6.11020720395396e-05,6.69805520460751e-05,3.5580434320147583e-05,3.985584225622519e-05,"PERSON,ORG,CARDINAL",0,1585,4839,23,0,0.0113940350711345,0.1154998391866684,0.0113869924098253,0.5252588987350464,0.3022997081279754,0.0113848242908716,0.0113774240016937,0.0113983424380421
11.17241910219308,10.126631103850338,"1,324",food,33,13.0,0.0,1.0,1,3,1,15.9166075437284, NY,0,1,1,30, Courtney Boyd Myers,Kickstarter,1570332,1516551,video,57,18,13,15994,38.00222222222222,32.01851851851852,0.5275148756348136,1.6947154923702008,9.395809211139698e-05,1.637332312471881e-05,3.9904274687189054e-05,8.630148007252149e-05,3.989601793978223e-05,1.0,4.067511647194103e-05,3.065575073553836e-05,7.223668480900306e-05,3.897470352400395e-05,"PERSON,ORDINAL,ORG",0,1586,4839,5,1,0.1035097241401672,0.4304207563400268,0.101888321340084,0.3283416032791137,0.0,0.0,0.0,0.0
10.463874471644896,10.404262840448617,658,film_Video,33,22.0,0.0,1.0,1,2,1,14.64870833488698, NY,1,0,1,47, Emily Branham,Kickstarter,1570518,1516666,video,16,1,10,6226,41.7075,52.666666666666664,0.9372490362859042,2.5529486801776176,5.3514827659612344e-05,6.611570289606e-05,1.984185400194757e-05,0.2,0.2,0.2,8.360774742777051e-05,7.033182620397172e-05,9.877313541151048e-05,0.2,"DATE,PERSON,GPE,ORDINAL",0,1589,4839,6,0,0.3590614199638366,0.0113768968731164,0.0113893132656812,0.2423664629459381,0.3416493237018585,0.0114018805325031,0.0113795371726155,0.0113752391189336
13.940297488982972,10.896739325546411,"2,639",design,57,16.0,0.0,1.0,1,2,2,14.028067872279854, Italy,0,1,4,4, Martina Cusano,Kickstarter,1570525,1516662,video,90,9,13,11733,17.112692307692306,52.92307692307692,0.6148525908916409,1.849383963423234,3.158379569859313e-05,7.537972222966751e-05,4.076931898505035e-05,5.846830918906814e-05,4.515995662103659e-05,1.0288935064182412e-05,4.300124104856834e-05,8.568585051717443e-05,9.207472939543664e-05,9.886636668260092e-05,"PERSON,ORG",0,1590,4839,10,0,0.0139240752905607,0.1558605432510376,0.1707247048616409,0.0139037445187568,0.0139295952394604,0.3372381627559662,0.0139179313555359,0.2805012166500091
12.907701256855416,11.589886506106357,"5,511",art,48,13.0,0.0,1.0,1,3,1,12.53274343307192, France,0,1,1,0, Bruno Yves Henri Hug De Larauze,Kickstarter,1570481,1516657,video,479,29,161,46371,12.541395348837206,47.08139534883721,1.0370814621446205,2.820971875122152,1.3281494574305662e-05,3.96834227970725e-05,5.545258942482994e-05,0.1176470588235294,0.1176470588235294,0.4705882352941176,9.927737224887045e-05,7.496653961572659e-05,8.119625203746112e-05,0.1764705882352941,"WORK_OF_ART,PERSON",0,1591,4839,101,0,0.5347107648849487,0.0,0.0920111238956451,0.0605373755097389,0.0,0.1382925659418106,0.0,0.1546349227428436
9.90473677193656,9.903487552536127,127,art,30,11.0,0.0,1.0,1,2,1,13.436372336049692, WA,0,1,3,2, Erica Reich,Kickstarter,1570440,1516606,link,10,2,0,11,13.667647058823526,40.52941176470589,0.5121461635499063,1.6688690201341687,1.3593027930737613e-05,9.57071246140996e-05,8.8069204208896e-05,0.25,7.853041694321155e-05,0.25,6.361202775362604e-05,9.59125900438464e-05,9.781336329566464e-05,0.25,"MONEY,CARDINAL,ORG",0,1592,4839,1,0,0.0,0.1529893726110458,0.3769409358501434,0.0,0.0900056362152099,0.0,0.0,0.3522264361381531
10.243916237796457,10.126631103850338,424,film_Video,29,19.0,0.0,1.0,1,3,4,14.141288672902771, NY,0,1,2,20, Rachel  Lears,Kickstarter,1570393,1516558,video,18,1,8,8706,20.582608695652176,57.78260869565217,0.2857229171531738,1.33072368345793,0.125,0.125,3.805876464869167e-05,0.125,7.252517148729232e-05,0.25,2.7536753716735423e-05,9.235711637198876e-05,0.125,0.125,"WORK_OF_ART,PERSON,CARDINAL",0,1593,4839,6,0,0.1343052089214325,0.0139010297134518,0.0139115080237388,0.0139111448079347,0.1608407646417617,0.4991909563541412,0.1500267386436462,0.0139126079156994
13.373817573695009,11.184421397998191,"2,116",design,30,9.0,0.0,1.0,1,2,2,13.410750701107972, MA,0,1,3,37, Aman Advani,Kickstarter,1570351,1516487,video,115,11,29,23125,12.049545454545452,42.45454545454545,1.2678064335401973,3.5530501562831596,1.895452019856682e-05,8.770988201593002e-05,9.058253885673268e-05,0.3333333333333333,8.539950843656511e-05,0.3333333333333333,0.3333333333333333,5.450241110414898e-05,6.851438661325725e-05,7.143406998421326e-05,ORG,0,1594,4839,8,0,0.3675657212734222,0.1976481527090072,0.2137677073478698,0.0,0.0,0.1915308833122253,0.0,0.0
11.050548042149003,10.51596683002862,412,music,30,10.0,0.0,1.0,1,2,0,13.29061981587345, UK,0,1,1,3, Michael Tougher,Kickstarter,1570162,1516318,video,197,21,44,22324,15.044999999999996,56.88888888888889,1.1234136424698264,3.0753343974059466,5.632679743811019e-05,0.1,7.405004592871108e-05,0.1,0.1,0.3,8.629378464017076e-05,0.1,1.734152417059626e-05,0.2,PERSON,0,1597,4839,37,1,0.2817413806915283,0.0,0.2168056517839431,0.1159970983862876,0.0,0.0,0.3576072454452514,0.0
13.49276626051606,11.512925464970229,"1,377",food,28,8.0,0.0,1.0,1,2,1,11.973093381793852, MA,0,1,1,13, Robin Liss,Kickstarter,1570091,1516219,video,135,57,56,38678,12.119999999999996,42.5,1.218558874002106,3.382309884960136,4.3928755055815746e-05,2.6785991125365385e-05,7.200037972292026e-05,0.125,3.842166688876208e-05,0.5,5.461342172042211e-05,6.973272890694267e-05,5.241563029772784e-05,0.125,"PERSON,PRODUCT",0,1598,4839,26,2,0.0,0.4876071810722351,0.0,0.2228668630123138,0.0,0.0965066701173782,0.1729387938976287,0.0
9.95551058060328,9.615805480084347,295,film_Video,29,19.0,0.0,1.0,1,2,3,15.9166075437284, NY,1,0,1,44, Eric Juhola,Kickstarter,1570091,1516219,video,20,7,6,11704,15.77021739130435,49.086956521739125,1.2512903474455666,3.494849619535803,6.42891755889554e-05,2.594884418391156e-05,5.518581238014109e-05,0.6666666666666666,6.514824167579023e-05,0.3333333333333333,9.056369127811717e-05,8.78238059555227e-05,1.6046368620412906e-05,6.293652032410471e-05,"PERSON,GPE,DATE,ORDINAL,CARDINAL,WORK_OF_ART",0,1598,4839,6,2,0.2578199207782745,0.0,0.1201323568820953,0.0,0.0,0.2859808802604675,0.081851877272129,0.2307064831256866
8.721804476184253,8.717786792997641,110,film_Video,30,5.0,0.0,1.0,1,2,3,15.837971611150978, UK,0,1,1,0, Bisila Noha,Kickstarter,1570035,1516125,video,23,3,19,8595,23.090769230769233,68.3076923076923,0.7009394258880763,2.015645367763904,9.093240264602824e-05,3.6737249489019854e-05,5.7268546251137966e-05,0.0909090909090909,0.0909090909090909,0.2727272727272727,3.892617924920599e-05,5.496502320516216e-05,3.049275368745639e-05,0.2727272727272727,"PERSON,ORG",0,1600,4839,4,0,0.3582694232463836,0.0178705193102359,0.0178839731961488,0.0178706906735897,0.017887569963932,0.0178802646696567,0.0178693607449531,0.5344681739807129
10.434901377307398,10.20581190172478,935,games,30,8.0,0.0,1.0,1,2,1,15.837971611150978, UK,0,1,1,49, Gareth Alexander Damian Martin,Kickstarter,1569944,1516017,video,22,0,5,6899,10.201609195402296,40.701149425287355,0.8453611653819273,2.3288187514162497,0.25,3.4076067161848e-05,2.6046393547289715e-05,3.859969375240221e-05,8.033106691972825e-05,4.074922242884627e-05,0.5,7.852806621913023e-05,0.25,9.231305364298365e-05,PERSON,0,1601,4839,0,0,0.0104207852855324,0.1780443787574768,0.0104294428601861,0.0104215405881404,0.203977882862091,0.010422090999782,0.5658398866653442,0.0104439593851566
8.780633799494984,9.615805480084347,180,film_Video,29,18.0,0.0,1.0,0,2,6,15.9166075437284, NY,0,1,1,0, Kellen Quinn,Kickstarter,1569944,1516017,link,41,3,14,46,10.596666666666671,45.77777777777778,0.333912027112644,1.396420291045773,0.1428571428571428,0.1428571428571428,8.332315831599892e-05,0.1428571428571428,0.0476190476190476,0.0952380952380952,0.1428571428571428,0.0952380952380952,0.0476190476190476,0.0952380952380952,"PERSON,ORDINAL,ORG",0,1601,4839,5,0,0.0,0.1327052414417266,0.4129149615764618,0.0,0.0857744663953781,0.0829731896519661,0.0,0.2621543109416961
9.621920081084202,10.900749791385406,74,film_Video,32,29.0,0.0,1.0,0,2,2,14.575639054856664, France,0,1,1,0, François COMBIN,Kickstarter,1569658,1515655,video,28,4,3,11251,17.822799999999994,61.0,1.7748433621903137,5.8993570015843995,1.1890824128772468e-05,3.452780521361861e-05,9.94075034596416e-05,0.25,1.0681219071562775e-05,0.375,2.7662395509585417e-05,6.16292817690247e-05,6.109593836872445e-05,0.125,"DATE,EVENT,PERSON,ORG",0,1604,4839,0,0,0.0897851735353469,0.0,0.0,0.0767977833747863,0.0994742587208747,0.0,0.4470123648643493,0.2634530365467071
11.029455571214092,10.126631103850338,"1,068",film_Video,29,12.0,0.0,1.0,1,2,2,13.30755248550697, DC,0,1,2,32, Seth Polansky,Kickstarter,1569590,1515590,video,131,21,34,21307,21.025600000000004,73.0,0.7788207076551084,2.17890118827872,1.7803591083607623e-05,6.471740508383464e-05,4.0961233744407025e-05,8.07624845423855e-05,7.602249349203925e-05,0.5,0.25,8.30202507582283e-05,5.134069995480398e-05,8.281700275195709e-05,,0,1605,4839,13,0,0.0114002274349331,0.2057142853736877,0.201910600066185,0.2311151921749115,0.3157129287719726,0.0113734463229775,0.0113895256072282,0.0113838259130716
9.961284651262345,9.903487552536127,87,fashion,37,20.0,0.0,1.0,1,2,1,14.64870833488698, NY,0,1,2,1, ARAM LEE,Kickstarter,1569575,1515481,video,150,11,36,23214,12.424230769230768,47.61538461538461,0.5033944458498534,1.6543272750312692,0.3333333333333333,8.670128724783199e-05,1.342834404305757e-05,8.162778827595114e-05,5.6612164843709374e-05,0.6666666666666666,7.074966741811102e-05,9.21267974109668e-05,1.8381474380608596e-05,1.995981215627656e-05,ORG,0,1606,4839,16,0,0.0,0.2555019557476043,0.261281669139862,0.2242886424064636,0.0,0.0,0.0,0.2255328297615051
4.836281906951478,9.903487552536127,5,technology,30,10.0,0.0,,0,3,3,14.141288672902771, NY,1,0,2,1, Francisca Harding,Kickstarter,1569575,1515481,video,146,27,141,98082,7.840666666666664,35.0,1.416807894169415,4.123935369239078,7.762809857781724e-05,5.2640502607704e-05,2.9855199851518836e-05,0.0714285714285714,0.0714285714285714,0.4285714285714285,2.1041608423002e-05,0.0714285714285714,1.750092023048437e-05,0.1428571428571428,"DATE,PERSON,PERCENT",0,1606,4839,33,0,0.0,0.0937404707074165,0.1867032796144485,0.0,0.1728116273880005,0.3927827775478363,0.128871813416481,0.0
11.226522574016828,11.02679245379461,511,film_Video,46,26.0,0.0,1.0,1,2,0,15.194750847520003, CA,0,1,1,1, Carole Dean,Kickstarter,1569537,1515445,video,33,1,43,15182,21.83,70.0,1.1216897606870608,3.0700374514284583,0.2,4.86594211168608e-05,9.26805855320168e-05,3.666272048674026e-05,3.010321464920983e-05,0.6,6.785769924115795e-05,0.2,6.206617550443409e-05,6.95637710785156e-05,"WORK_OF_ART,PERSON",0,1607,4839,7,0,0.1459142416715622,0.0125317517668008,0.0125330174341797,0.2757801711559295,0.0125348325818777,0.4130210876464844,0.1151375547051429,0.0125473141670227
10.434901377307398,10.20581190172478,935,games,30,8.0,0.0,,1,2,1,15.837971611150978, UK,0,1,1,49, Gareth Alexander Damian Martin,Kickstarter,1569518,1515366,link,30,7,8,34,8.289393939393939,31.06060606060606,2.0722488448455354,7.94266486961633,7.646914480572671e-05,1.6988312381796168e-05,4.860693781180874e-05,0.3636363636363636,0.0909090909090909,0.1818181818181818,3.538370136362775e-05,8.978664144669552e-05,7.340126731618542e-05,0.1818181818181818,"PERSON,DATE,ORG,ORDINAL,CARDINAL,WORK_OF_ART,LOC",0,1609,4839,4,0,0.0,0.0,0.3523811101913452,0.0,0.1918563991785049,0.1828432828187942,0.2490616589784622,0.0
12.12116813843973,10.126631103850338,"3,143",technology,30,8.0,0.0,1.0,1,2,1,14.816343153421665, IL,0,1,1,0, JEN SABELLA,Kickstarter,1569508,1515355,video,5,0,2,5396,10.53217391304348,50.630434782608695,0.5889261630281956,1.802052265681322,9.789558735835082e-05,8.747695252391039e-05,6.362514072106502e-05,4.1875271066823143e-05,9.120397828811366e-05,0.5,9.786377552592524e-05,6.058579458138323e-05,2.4048147086735997e-05,6.717852286875739e-05,"GPE,ORG",0,1610,4839,0,0,0.0113682141527533,0.0113667594268918,0.1261486262083053,0.0113707454875111,0.400352269411087,0.4166523516178131,0.011368847452104,0.0113721806555986
9.026056891868688,8.922658299524402,102,art,31,7.0,0.0,1.0,1,2,2,15.9166075437284, NY,0,1,1,0, Daniel DeLoma,Kickstarter,1569433,1515333,video,24,2,2,15007,12.759999999999998,45.0,0.7379733136430541,2.0916920121587452,8.825803046334819e-05,8.914755792379566e-05,6.655667467946982e-05,0.1428571428571428,0.1428571428571428,0.2857142857142857,2.5534010678598396e-05,2.5731268855566033e-05,4.5007801715532616e-05,0.2857142857142857,"CARDINAL,ORG",0,1611,4839,4,0,0.0139015177264809,0.0138955144211649,0.3894970118999481,0.013913239352405,0.0138953104615211,0.3944758176803589,0.0138994231820106,0.1465222090482711
10.025395402769462,9.903487552536127,371,publishing,29,13.0,0.0,1.0,1,2,2,12.87291948429548, LA,0,1,1,1, Kortney Morrow,Kickstarter,1569358,1515269,video,16,3,4,6501,29.59852941176471,52.294117647058826,0.7585070026422707,2.1350861617167505,7.805730106961024e-05,6.449763474021451e-05,2.7667701990586725e-05,0.5,2.5989343132760817e-05,0.5,3.928148477988544e-05,8.069727679899157e-05,3.551728105827869e-05,6.262881678559524e-05,"CARDINAL,GPE,ORG",0,1612,4839,1,0,0.5729635953903198,0.0,0.1672930866479873,0.0,0.0,0.1328843981027603,0.1029911190271377,0.0
10.049274784602108,9.903487552536127,228,film_Video,30,13.0,0.0,1.0,1,2,0,11.5647491186924, CA,1,0,3,55, Jason Merrin,Kickstarter,1569326,1515158,video,20,2,2,12966,19.78627906976744,56.95348837209302,1.5396200574788228,4.6628183314392135,7.681329433808037e-05,9.01283010592286e-05,7.044989948233256e-05,4.698210638195682e-05,0.1111111111111111,0.5555555555555556,2.873681821023574e-05,1.7327987355704356e-05,4.8419023260357126e-05,0.2222222222222222,"WORK_OF_ART,PERSON,DATE",0,1613,4839,0,0,0.0113828964531421,0.0113830100744962,0.3758258819580078,0.1467653959989547,0.4204581379890442,0.0113970870152115,0.0113842831924557,0.0114033678546547
11.82826890961319,9.210340371976184,535,comics,30,15.0,0.0,1.0,1,2,1,10.250263664295613, NY,0,1,34,14, Luke Pontifell,Kickstarter,1569282,1515082,link,83,7,16,104,15.271999999999998,55.0,0.6774315147825262,1.9688143618337568,6.982652844197616e-05,3.8007319991893894e-05,6.875455583998018e-05,2.3049618900801446e-05,2.90827954340135e-05,0.5,6.581387016974387e-05,6.67654536752727e-05,9.21821689996797e-05,0.5,"WORK_OF_ART,CARDINAL,PERSON,ORG",0,1615,4839,21,0,0.1528846621513366,0.0,0.0,0.0,0.1280320733785629,0.0,0.3263831734657287,0.3632014691829681
10.361956158466594,10.308952660644293,497,art,48,15.0,0.0,1.0,1,2,1,13.381698443093756, Sri Lanka,0,1,1,0, Cassie Denbow,Kickstarter,1569223,1514975,video,18,6,3,9628,12.939090909090917,40.74242424242424,0.8443407030045946,2.3264434916345462,5.517508646186576e-05,6.232052952390689e-05,3.900896490432456e-05,6.329801620076626e-05,0.0909090909090909,0.3636363636363636,5.861305562356938e-05,0.0909090909090909,4.828529114973352e-05,0.0909090909090909,"DATE,NORP,ORDINAL,ORG",0,1618,4839,5,0,0.0,0.0,0.0,0.1886376440525055,0.4067334234714508,0.0,0.2431445717811584,0.125658169388771
9.284519770150434,8.987196820661973,205,theater,30,7.0,0.0,1.0,1,2,1,13.436372336049692, WA,0,1,1,6, Danny Long,Kickstarter,1569162,1514895,video,11,1,2,10718,20.42742857142857,55.0,0.8686361448274581,2.3836576717489675,8.77929639810376e-05,6.715221095274487e-05,6.257751718011057e-05,0.3333333333333333,4.347597585945473e-05,0.3333333333333333,1.3391549825489933e-05,3.4968084873905905e-05,5.6351788699754374e-05,0.3333333333333333,"WORK_OF_ART,PERSON",0,1620,4839,4,0,0.1947172284126281,0.0156384240835905,0.0156543254852294,0.0156447496265172,0.0156295299530029,0.0156331099569797,0.7114499807357788,0.0156326554715633
9.541605503698364,9.1942109900463,534,film_Video,28,9.0,0.0,1.0,1,1,2,13.049771178961905, UK,0,1,4,3, Heather McDaid,Kickstarter,1569048,1514773,link,10,1,4,10,7.050869565217393,41.934782608695656,0.8738337804716481,2.3960793094359674,8.438181485429647e-05,0.0833333333333333,9.735587611181612e-05,0.0833333333333333,0.0833333333333333,0.25,0.0833333333333333,0.0833333333333333,6.409133802629495e-05,0.1666666666666666,"DATE,GPE,ORDINAL",0,1624,4839,0,0,0.4248703420162201,0.1010806038975715,0.444229245185852,0.0,0.0,0.0,0.0,0.0
10.166582319352566,9.903487552536127,200,film_Video,31,11.0,0.0,1.0,1,1,2,15.194750847520003, CA,0,1,1,3, Storer Pi Ware,Kickstarter,1568977,1514718,video,29,4,19,11310,26.603249999999996,60.0,1.2056818602714388,3.339035057379866,0.1666666666666666,0.1666666666666666,9.502571154934271e-05,4.500080475761257e-05,3.1611654131184785e-05,0.1111111111111111,0.2222222222222222,0.1666666666666666,0.1111111111111111,7.462941450102716e-05,"PERSON,GPE",0,1625,4839,2,1,0.1390477567911148,0.0,0.0,0.2572473883628845,0.1819707304239273,0.1735710352659225,0.0,0.2246632874011993
10.882151963968344,10.308952660644293,"1,045",games,30,10.0,0.0,1.0,1,1,0,14.26495554920974, PA,1,0,2,7, Meredith Gran,Kickstarter,1568951,1514566,video,15,0,3,2730,35.855555555555554,52.92592592592592,0.8495544402536146,2.338604631670954,3.6807345855119014e-05,1.4767561544149075e-05,5.53935243825237e-05,6.692945001567003e-05,9.796004045962255e-05,0.5,9.734766406616344e-05,7.891849216935291e-05,2.943555840564564e-05,8.163043737333171e-05,"WORK_OF_ART,PERSON",0,1627,4839,0,0,0.0178892705589532,0.2639877498149872,0.0178944747895002,0.0178915578871965,0.3433465957641601,0.0178830251097679,0.3032123148441314,0.0178950056433677
10.331561803505153,9.903487552536127,662,publishing,32,15.0,0.0,1.0,1,1,5,14.64870833488698, NY,1,0,6,8, Porter Fox,Kickstarter,1569041,1514598,video,17,3,3,8231,35.2025,49.5,0.6710223149579528,1.9562361882422523,1.243959871026098e-05,1.6990517194555475e-05,1.3877579454117789e-05,6.553487751596134e-05,6.203538689264902e-05,1.0,1.794418934000938e-05,9.591159869541774e-05,7.494187350018969e-05,6.80897982408629e-05,"DATE,ORDINAL,GPE,ORG",0,1633,4839,3,0,0.0,0.3169202804565429,0.3122137486934662,0.0,0.2425928860902786,0.0,0.0,0.0924960076808929
10.670465881223274,10.46310334047155,270,film_Video,29,15.0,0.0,1.0,1,1,1,15.9166075437284, NY,0,1,1,10, Lise Friedman,Kickstarter,1568894,1514401,video,23,7,1,17410,24.1028125,31.625,0.6433217444660602,1.9027909786374124,9.342168059312778e-05,3.626408688165706e-05,5.717869470529289e-05,0.25,3.584426458902139e-05,0.3333333333333333,9.916468690361256e-05,1.105946314806808e-05,3.5292385414333966e-05,0.1666666666666666,"PERSON,GPE",0,1636,4839,3,0,0.0113821141421794,0.0113926399499177,0.329849898815155,0.0113814231008291,0.1057447716593742,0.2904435396194458,0.2284163534641266,0.0113892061635851
11.87885662367176,11.805576422042591,182,fashion,34,14.0,0.0,1.0,1,1,4,16.324637595040688, Mexico,0,1,1,0, Jose Ignacio Paoli Garcia Diaz,Kickstarter,1568857,1514350,video,28,18,7,10519,23.307747747747747,42.06306306306306,1.5461969334687236,4.693586176613675,0.25,1.7325128496968465e-05,7.208664658716714e-05,0.25,3.5799248691328524e-05,0.25,9.415284918695708e-05,8.457866148317907e-05,9.316489246131796e-05,3.618426801917786e-05,"NORP,ORG",0,1637,4839,2,0,0.0139196449890732,0.0139031531289219,0.2132707387208938,0.0139173418283462,0.0139097040519118,0.2673415243625641,0.4498196542263031,0.0139182759448885
12.452389607250788,9.95227771670556,"2,846",games,29,4.0,0.0,1.0,1,1,5,12.168744540264177, UT,1,0,8,48, Jordan Draper,Kickstarter,1568526,1513973,video,87,23,17,22386,29.700810810810808,40.12162162162162,1.0413990170246248,2.833177907153189,1.8219316090020135e-05,7.157887035295335e-05,3.878382581207619e-05,0.4,1.411907078352424e-05,0.2,8.708712058717131e-05,4.891601982607237e-05,2.7174282076667377e-05,0.2,"PERSON,GPE,ORG,ORDINAL,CARDINAL",0,1642,4839,8,0,0.104927934706211,0.2654446363449096,0.3010639250278473,0.0,0.19910728931427,0.1025891751050949,0.0,0.0
11.79467869652768,10.791378809888585,"1,885",technology,33,15.0,0.0,1.0,1,1,1,14.575639054856664, France,0,1,1,8, Raphael Pluvinage,Kickstarter,1568450,1513850,video,184,14,73,22408,40.27,54.24074074074074,0.6606126819666672,1.935978109989132,9.958793616329106e-05,6.286301015117375e-05,1.379149632576957e-05,3.9397047425289386e-05,3.172613230965547e-05,0.3333333333333333,4.140014248597511e-05,8.971951521222516e-05,6.575842375881588e-05,0.3333333333333333,"CARDINAL,PRODUCT",0,1644,4839,25,1,0.0,0.5920768976211548,0.0,0.0,0.2659155428409576,0.1028725132346153,0.0,0.0
8.680128034410002,8.648221453822641,92,fashion,43,10.0,0.0,1.0,1,12,2,14.093902611508964, Mexico,0,1,1,0, Lise Annette Bjoerne Linnert,Kickstarter,1567931,1513244,video,21,1,1,11000,24.661951219512197,47.329268292682926,1.4008065837155192,4.058472144566338,0.2,0.2,8.17718041335361e-05,0.2,3.759760291413679e-05,6.34511038294997e-05,0.2,0.2,8.945117372255939e-05,5.9652454881764726e-05,"PERSON,GPE,ORG",0,1651,4839,0,0,0.1999068558216095,0.0156342927366495,0.0156300272792577,0.0156323406845331,0.0156388264149427,0.7062769532203674,0.0156432092189788,0.0156375356018543
9.652137409331738,9.615805480084347,399,comics,30,7.0,0.0,1.0,1,12,1,15.194750847520003, CA,1,0,1,10, Eleanor Morrison,Kickstarter,1567860,1513136,link,33,24,7,50,7.666666666666668,42.33333333333333,0.4734739937103135,1.605562229041972,9.699599988064967e-05,2.850665279790532e-05,8.049377789107984e-05,0.3333333333333333,7.849975975791596e-05,0.3333333333333333,4.994338760938452e-05,8.795462418815332e-05,1.569415168929425e-05,8.635218205661709e-05,PERSON,0,1653,4839,9,8,0.1797465682029724,0.0104443179443478,0.0104349413886666,0.1125499755144119,0.0104381600394845,0.3140791952610016,0.0104329120367765,0.3518739640712738
10.123596102890742,8.794824928014517,286,design,33,7.0,0.0,1.0,1,12,2,15.936165897399452, Japan,0,1,2,4, Meryem Chin Kexin,Kickstarter,1567860,1513136,video,172,54,49,37493,33.89181818181818,54.21212121212121,0.747308023437541,2.1113087659788032,7.189922857291614e-05,3.347275844734987e-05,7.181984067331587e-05,8.34571956483376e-05,6.301029320115655e-05,0.3333333333333333,8.112139725045163e-05,5.63501475953716e-05,4.4354016908283e-05,6.281973697072679e-05,"NORP,GPE,ORG",0,1653,4839,46,1,0.0813296064734458,0.2462011128664016,0.1439020484685897,0.3162232637405395,0.1914735287427902,0.0,0.0,0.0
13.00726136708554,11.719939634354557,"1,836",technology,30,12.0,0.0,1.0,1,3,1,15.837971611150978, UK,0,1,1,4, James Edward Rhodes,Kickstarter,1567815,1513099,video,43,16,6,17007,12.475,53.5,0.4674904626657999,1.595983982046921,4.4765893463099074e-05,8.447328637813055e-05,7.327257548841514e-05,6.815711525799135e-05,1.8077305391954512e-05,0.5,8.396619942862119e-05,9.25643584409289e-05,8.921512503293494e-05,1.7899347809980797e-05,"DATE,EVENT,PERSON",0,1654,4839,1,2,0.3396349549293518,0.3283074796199798,0.0178694948554039,0.2427171468734741,0.0178738627582788,0.0178628638386726,0.0178628657013177,0.0178714152425527
11.002349809959446,9.903487552536127,569,design,59,10.0,0.0,1.0,1,11,0,14.151849928616338, CA,0,1,2,10, Keegan Cooke,Kickstarter,1567815,1513099,video,41,2,5,16503,12.445999999999998,48.33333333333333,0.6342694417166473,1.885644065246213,3.8866022408041416e-05,5.819732944260396e-05,3.01395312176686e-05,0.25,7.448847734881608e-05,0.25,4.984407818558221e-05,1.2118724897163923e-05,7.986978925361009e-05,0.25,,0,1654,4839,2,0,0.0104362964630126,0.0104410992935299,0.1078156530857086,0.0104471147060394,0.4966257512569427,0.3433648347854614,0.0104333041235804,0.0104359546676278
8.281663244450979,8.213381737034572,106,comics,36,7.0,0.0,1.0,1,12,1,15.837971611150978, UK,1,0,1,0, Charlotte Jayne Bibby,Kickstarter,1567331,1512549,link,25,1,5,26,10.910000000000004,45.51851851851852,0.6828411867259632,1.9794938619005271,0.1,5.350188727530091e-05,1.1947662097712623e-05,0.1,0.1,0.2,1.8737025751354445e-05,0.1,5.483575053021965e-05,0.2,PERSON,0,1660,4839,1,0,0.0113679841160774,0.0113728130236268,0.0113792791962623,0.0113863525912165,0.0113717596977949,0.8104015588760376,0.0113807404413819,0.1213394850492477
9.968010448551627,9.903487552536127,281,publishing,39,12.0,0.0,1.0,1,11,0,13.357133477695209, OR,0,1,6,13, Brian Tibbetts,Kickstarter,1567272,1512459,video,11,1,4,7257,18.077272727272728,49.83333333333333,0.9015618597229268,2.463447667738153,2.9570763899551237e-05,9.219210575394845e-05,7.296368075359615e-05,0.25,5.444889220304138e-05,0.75,5.589833273775916e-05,7.58094987002337e-05,4.395883789263462e-05,4.289816234656675e-05,"ORG,GPE,CARDINAL",0,1661,4839,3,0,0.4869271516799927,0.0,0.2464473247528076,0.0,0.0,0.21843121945858,0.0,0.0
10.006450195593953,9.903487552536127,303,film_Video,33,6.0,0.0,1.0,1,12,2,15.9166075437284, NY,0,1,1,2, Jake  Meginsky,Kickstarter,1567159,1512391,video,28,3,9,15264,33.67260869565217,46.28260869565217,0.592417240046035,1.8083543630840624,9.788108764918692e-05,5.570758338543944e-05,6.2444683191972e-05,0.5,4.396191533741851e-05,0.5,2.901354458454713e-05,3.038232916191562e-05,3.774781501776712e-05,9.834250101367624e-05,PERSON,0,1662,4839,6,0,0.1185908466577529,0.0125252977013587,0.1119942143559455,0.1122640818357467,0.0125455101951956,0.0125252967700362,0.0125458417460322,0.6070089340209961
10.060918560484955,9.104979856318357,529,music,43,16.0,0.0,1.0,1,11,2,10.150152298891683, NY,0,1,2,10, David Wolfson,Kickstarter,1566559,1537395,link,39,8,9,44,12.049545454545452,44.72727272727273,0.7504191689317343,2.117887583255305,8.724906449909723e-05,2.3470611812524105e-05,3.719531380225067e-05,0.25,9.4072549427483e-05,6.109010959281876e-05,3.473252806797779e-05,0.25,9.13050978565189e-05,4.6525159226408235e-05,"WORK_OF_ART,PERSON,DATE",0,1664,4839,5,0,0.0,0.3657268285751343,0.0,0.0,0.2649920582771301,0.0,0.3394644558429718,0.0
9.758853842347897,9.574983485564092,141,technology,30,1.0,0.0,1.0,1,12,0,14.230937217984762, Sweden,0,1,1,0, Eva Johanna Ester Johansson,Kickstarter,1566324,1537167,link,24,1,2,27,6.870000000000001,35.815789473684205,0.6093831303058659,1.8392964425236464,0.5,2.5499648998632943e-05,5.0573747031280834e-05,7.582797526252896e-05,2.937050972891555e-05,0.5,5.5622796360914885e-05,7.84584525130288e-05,7.417870327474068e-05,4.378214253069332e-05,CARDINAL,0,1665,4839,3,0,0.0,0.0,0.1587597280740738,0.1465672254562378,0.4565415680408478,0.2130525857210159,0.0,0.0
9.392032730866646,8.91841062424483,155,technology,30,11.0,0.0,1.0,1,12,0,13.744905673596724, Canada,0,1,1,0, Takumi Brian Alguire,Kickstarter,1566324,1537167,video,141,2,38,35370,26.412352941176472,46.411764705882355,1.3087631525988666,3.70159257455422,1.5481498891166446e-05,8.000124223777214e-05,6.827670885691412e-05,6.146850290584188e-05,9.710654996097684e-05,1.0,5.111404088043543e-05,3.919692115214227e-05,2.1348693451727084e-05,3.482812043223104e-05,"EVENT,GPE,ORG",0,1665,4839,9,0,0.0,0.2187255620956421,0.0929586291313171,0.0,0.2812895774841308,0.2874083518981933,0.0927748158574104,0.0
9.422786913742057,9.210340371976184,337,journalism,53,13.0,0.0,1.0,1,12,0,13.65311632657372, OH,0,1,1,0, Soleil Ho,Kickstarter,1566130,1536979,link,16,0,5,17,8.587499999999999,30.0,0.5543038672856015,1.7407287846430592,3.736851723741555e-05,7.349523945968236e-05,7.207979103964625e-05,8.146738391290553e-05,8.349445846554435e-05,1.0270716450464924e-05,9.982328121811667e-05,4.4944838173547416e-05,3.449665265954104e-05,5.088353759289081e-05,"WORK_OF_ART,ORDINAL,CARDINAL",0,1666,4839,1,0,0.3456639349460602,0.0,0.1302466988563537,0.0,0.4471097886562347,0.0,0.0552090220153331,0.0
10.549490713287256,10.545341438708522,322,film_Video,31,33.0,0.0,1.0,1,12,4,14.64870833488698, NY,0,1,14,0, Genevieve DeLaurier,Kickstarter,1566130,1536979,video,43,1,2,18124,28.46,48.33333333333333,0.6902000961376799,1.994114507936233,8.304643130003683e-05,7.121920338403011e-05,1.096505226049466e-05,9.05783729564228e-05,6.152294653374208e-05,0.5,4.204421520910871e-05,1.5154860776301509e-05,5.302432964306767e-05,2.560530519162098e-05,"DATE,ORG",0,1666,4839,5,0,0.0800221636891365,0.0,0.0,0.0,0.0,0.1344879567623138,0.4487699866294861,0.3009033203125
11.12207306922991,8.987196820661973,288,art,50,14.0,0.0,1.0,1,12,2,14.816343153421665, IL,0,1,2,1, William Ngo,Kickstarter,1565631,1536494,video,294,15,34,39876,34.983333333333334,56.629629629629626,0.5367176488150355,1.7103835589041605,5.269914227324567e-05,1.582949795726816e-05,3.22805860198089e-05,0.25,0.25,0.25,9.009691159749096e-05,3.486974298726647e-05,7.550840815905565e-05,0.25,"ORG,GPE,CARDINAL",0,1668,4839,33,0,0.126112550497055,0.1043706983327865,0.0936963334679603,0.0104354843497276,0.1618918627500534,0.0104677472263574,0.3996323347091675,0.0933929979801178
10.802835563679972,10.308952660644293,"1,083",design,36,9.0,0.0,1.0,1,12,1,15.9166075437284, NY,0,1,1,2, Leigh Tucker,Kickstarter,1564901,1535785,link,104,25,27,118,12.186521739130434,40.391304347826086,0.7026264274231334,2.019048634444375,5.668730624032385e-05,8.239568022236816e-05,4.354540343506849e-05,6.705022509031621e-05,7.01480525814474e-05,9.357900802599884e-05,9.801130370329692e-05,6.928829268833185e-05,2.4754901481769516e-05,2.530063154443434e-05,"GPE,ORG,ORDINAL,CARDINAL,WORK_OF_ART",0,1671,4839,14,0,0.1089963242411613,0.619796633720398,0.0,0.0,0.0,0.0,0.0,0.2321003675460815
10.834982118152556,10.308952660644293,398,theater,30,12.0,0.0,1.0,1,11,2,14.64870833488698, NY,1,0,1,4, Toshi Reagon,Kickstarter,1564901,1535785,link,19,1,1,26,11.050000000000004,44.80952380952381,0.3661122582924809,1.4421171231739358,0.0909090909090909,0.0909090909090909,8.891857391444404e-05,0.0909090909090909,0.0909090909090909,0.1818181818181818,9.537961034109434e-05,0.1818181818181818,6.819764026841176e-05,0.1818181818181818,"NORP,PERSON,DATE",0,1671,4839,7,0,0.0836910083889961,0.0,0.3518879413604736,0.229339987039566,0.0,0.0,0.3016971051692962,0.0
11.91413486371287,11.512925464970229,"1,256",technology,60,12.0,0.0,1.0,1,11,1,14.151849928616338, CA,0,1,9,2, Yu Wang,Kickstarter,1564695,1535585,video,183,11,47,38152,43.846315789473685,55.84210526315789,0.4933140161267296,1.637734715764337,0.25,6.900345561203553e-05,9.755719565362674e-05,0.25,3.573435600193615e-05,0.25,3.3423268635682745e-05,1.8761201031533043e-05,7.092592086586506e-05,0.25,"PRODUCT,ORG,PERSON",0,1672,4839,15,0,0.0125293303281068,0.3158998191356659,0.0125206941738724,0.0125381918624043,0.4690465927124023,0.1523770838975906,0.0125640798360109,0.0125241689383983
12.402744903338569,10.596634733096073,"3,796",design,25,16.0,0.0,1.0,1,11,0,14.151849928616338, CA,0,1,2,2, Danielle  Ola,Kickstarter,1564387,1535286,video,34,1,1,8707,24.608918918918917,50.932432432432435,1.2758526515758315,3.581754096752429,0.25,2.6812710837144863e-05,1.2347495801624964e-05,8.08683165404365e-05,7.933725881806678e-05,0.25,0.25,0.25,6.129763364492679e-05,9.445038837177286e-05,ORG,0,1673,4839,2,0,0.1333268135786056,0.3149005770683288,0.0,0.2173531353473663,0.1446411907672882,0.0,0.0,0.1662880778312683
9.228180290104511,9.210340371976184,330,film_Video,24,10.0,0.0,1.0,1,12,0,14.200667511018631, TX,1,0,2,21, Khaula Malik,Kickstarter,1564387,1535286,video,6,0,1,10165,23.987241379310348,45.53448275862069,0.7806631299858171,2.1829193449185307,0.0476190476190476,0.0476190476190476,7.405494325545139e-05,0.1428571428571428,3.932197470734428e-05,0.1904761904761904,0.0952380952380952,0.0952380952380952,0.0476190476190476,0.1904761904761904,PERSON,0,1673,4839,0,0,0.0156344473361969,0.0156333800405263,0.015642849728465,0.0156654082238674,0.0156763531267642,0.8904702663421631,0.0156333800405263,0.0156439300626516
7.616775808698373,10.46310334047155,34,music,45,11.0,0.0,1.0,0,12,0,14.64870833488698, NY,1,0,1,1, Ross Gardiner,Kickstarter,1564127,1535033,video,13,2,3,9368,28.3404,36.5,0.7268857678763126,2.068628377073081,0.1666666666666666,9.60894017856286e-05,8.611863815060242e-05,4.215785224672451e-05,2.5359253420702296e-05,0.3333333333333333,0.1666666666666666,0.1666666666666666,6.824810008898453e-05,0.1666666666666666,"ORDINAL,LOC,ORG",0,1674,4839,2,0,0.2366013824939727,0.1268748492002487,0.0139096807688474,0.0139172011986374,0.01391526684165,0.0139155173674225,0.1482430845499038,0.4326230585575104
8.265650165580329,7.824046010856292,98,design,30,6.0,0.0,1.0,1,11,1,14.64870833488698, NY,1,0,1,4, Jesse Wallace,Kickstarter,1563787,1534703,video,43,2,8,18184,26.95083333333333,54.11111111111111,1.017256573797309,2.765597135315653,5.758365878956474e-05,5.212756541688821e-05,3.972324235319701e-05,0.5,5.693454904563728e-05,0.5,7.846445341171651e-05,6.402530640990253e-05,1.1847575618360818e-05,1.6006060662408946e-05,,0,1675,4839,7,0,0.3182348310947418,0.3284638822078705,0.1063976883888244,0.0113910073414444,0.0113817667588591,0.0113821811974048,0.0113730486482381,0.2013754993677139
9.26157326453958,9.21117602272282,75,technology,50,9.0,0.0,1.0,1,11,2,12.156798364194934, Ireland,0,1,1,1, Thomas Meny,Kickstarter,1563647,1534567,video,101,10,20,38511,35.95269230769231,68.3076923076923,0.7024217300398848,2.0186353827694643,4.9151313490620105e-05,1.4908569460763563e-05,5.5336932583725576e-05,9.051991485800164e-05,6.98098297560766e-05,0.6666666666666666,6.525813027235978e-05,8.283017722227816e-05,7.98632820324722e-05,0.3333333333333333,ORG,0,1676,4839,14,0,0.01138052996248,0.0113897267729043,0.0113857733085751,0.1166143640875816,0.4659300148487091,0.0113879647105932,0.3605288565158844,0.0113827642053365
10.316788546412068,10.23995978915734,218,film_Video,31,16.0,0.0,1.0,1,11,3,15.9166075437284, NY,1,0,1,1, Jeffrey Wolf,Kickstarter,1563647,1534567,video,40,1,19,9112,25.2803125,47.25,0.830661165115553,2.2948355039744635,0.0909090909090909,0.0909090909090909,8.197109229473328e-05,0.1818181818181818,5.294795954215496e-05,0.1818181818181818,0.0909090909090909,0.0909090909090909,0.0909090909090909,0.0909090909090909,"DATE,PERSON,GPE,WORK_OF_ART",0,1676,4839,12,1,0.0,0.0,0.0,0.4932778179645538,0.1730937212705612,0.2889057397842407,0.0,0.0
11.44502899221846,9.64049809267472,346,food,30,15.0,0.0,1.0,1,12,0,15.837971611150978, UK,0,1,1,1, Nicholas Eary,Kickstarter,1563454,1534380,video,15,1,2,9055,26.749428571428577,40.35714285714286,1.0182630824950314,2.7683821342144377,2.4701900476884084e-05,1.11392045635746e-05,8.374580602349872e-05,6.094487404774478e-05,9.907142454370792e-05,1.0,9.74553203677232e-05,7.54412359676158e-05,6.164546036802161e-05,6.088929305580648e-05,ORG,0,1678,4839,1,0,0.0113719375804066,0.0113760689273476,0.0113782230764627,0.7116941809654236,0.0113740107044577,0.0113819204270839,0.2200557887554168,0.0113678770139813
10.694691138568423,10.085809109330082,318,art,30,16.0,0.0,1.0,1,11,4,12.87291948429548, LA,0,1,2,10, Skylar Fein,Kickstarter,1563412,1534339,video,65,0,6,21177,18.378062015503872,32.93798449612403,1.5921340293410498,4.914224846403406,8.453672823911077e-05,6.955886392546563e-05,2.2156332067534063e-05,1.6755608244488096e-05,4.419589484011001e-05,1.0,2.791615695150419e-05,7.28046305642171e-05,4.199581897866792e-05,5.144711633739205e-05,"GPE,DATE,ORG,ORDINAL,FAC",0,1679,4839,4,0,0.0104363802820444,0.0104392766952514,0.2600657045841217,0.0935097783803939,0.1508885324001312,0.0104315029457211,0.4537750780582428,0.0104537075385451
12.273700265485228,11.366742954792146,"5,078",games,30,11.0,0.0,1.0,1,11,1,15.047007280023903, Germany,0,1,1,16, Matthias Murmann,Kickstarter,1563183,1534117,video,106,13,14,20149,29.67172413793103,52.43103448275862,0.7809936068377137,2.183640868448429,3.512174236968427e-05,6.27414739730467e-05,8.465433728365208e-05,0.25,3.90248416625468e-05,0.5,2.2496676260518175e-05,3.1795357630352324e-05,3.27110686655741e-05,7.610273486290886e-05,"DATE,GPE,WORK_OF_ART",0,1683,4839,14,0,0.2148481011390686,0.0,0.1071465909481048,0.0,0.165775865316391,0.0,0.0,0.4808979332447052
12.28877182166492,11.512925464970229,"3,009",design,40,10.0,0.0,1.0,1,11,2,12.047510583180404, UT,0,1,2,2, Joshua Ewing,Kickstarter,1563127,1534062,video,18,1,4,12664,36.099999999999994,57.33333333333333,0.4404798707263535,1.553452496056234,6.826079209357821e-05,1.9875142112240817e-05,3.979848628003202e-05,0.2727272727272727,0.0909090909090909,0.3636363636363636,8.007092428064982e-05,3.2150411686470994e-05,1.528313433683181e-05,0.1818181818181818,FAC,0,1685,4839,0,0,0.2917532920837402,0.0,0.3334152102470398,0.0,0.1562139987945556,0.1851693391799926,0.0,0.0
10.873072575468,10.819778284410283,418,journalism,32,13.0,0.0,1.0,1,11,1,15.9166075437284, NY,0,1,1,1, Rosalind Grush,Kickstarter,1562749,1533695,video,10,1,4,8484,30.622,53.33333333333333,0.6884822705623959,1.9906919075913112,9.017489334606702e-05,8.796102605730302e-05,1.84891686986595e-05,0.5,6.368062567766831e-05,0.5,1.5135254531364432e-05,7.512801524612273e-05,2.863419303514414e-05,6.865750212270365e-05,"CARDINAL,GPE,ORG",0,1689,4839,1,0,0.0113906525075435,0.0113850673660635,0.0113765886053442,0.3929255902767181,0.0113724693655967,0.2167162597179412,0.3334556519985199,0.0113776121288537
11.99729860648326,11.719939634354557,464,design,30,16.0,0.0,1.0,1,11,1,15.837971611150978, UK,0,1,1,5, Naomi Blair Gould,Kickstarter,1562672,1533620,video,125,14,16,24699,31.59818181818182,29.181818181818183,0.4374959183018012,1.548823976789195,8.39133478335561e-05,3.508366110586378e-05,7.599481262505792e-05,1.0,7.101796000113813e-05,6.626666968850814e-05,9.72046835617595e-05,4.0741230162082334e-05,5.7209805237836466e-05,4.573588992051326e-05,"DATE,QUANTITY,PERSON,ORDINAL",0,1690,4839,12,0,0.1321180760860443,0.0104390727356076,0.1855448931455612,0.0104366084560751,0.0938135907053947,0.0104360096156597,0.5467769503593445,0.0104347476735711
10.650815105859214,10.596634733096073,478,journalism,35,23.0,0.0,1.0,1,11,5,12.87291948429548, LA,0,1,1,1, Robert Snead,Kickstarter,1562672,1533620,video,14,4,6,11140,22.633333333333333,37.44444444444444,1.069576302696907,2.9141445231920056,0.2857142857142857,0.2857142857142857,9.107919090893632e-05,3.2618342616287966e-05,7.818662191462784e-05,1.3671356343455593e-05,0.1428571428571428,0.1428571428571428,0.1428571428571428,1.0917941758236408e-05,"PERSON,GPE",0,1690,4839,0,0,0.6590900421142578,0.0,0.0,0.0,0.0,0.1459382176399231,0.1558336615562439,0.0
11.731683413571885,11.512925464970229,"1,499",journalism,40,28.0,0.0,1.0,1,11,2,6.561030665896573, CA,0,1,1,0, Stephanie Sawyer,Kickstarter,1562530,1533482,link,72,0,17,82,13.292857142857144,49.57142857142857,0.6016195731849917,1.825072246154694,0.3333333333333333,0.1666666666666666,5.8852980608329846e-05,2.0646900103664937e-05,0.1666666666666666,5.627788233357455e-05,0.1666666666666666,0.1666666666666666,4.348234120882243e-05,6.884624055708345e-05,"LOC,CARDINAL",0,1692,4839,10,0,0.0,0.1337172985076904,0.1278594732284546,0.0,0.0,0.4646630883216858,0.0939704552292823,0.1641290783882141
10.132175704105688,10.126631103850338,159,theater,30,11.0,0.0,1.0,1,11,1,15.9166075437284, NY,0,1,1,7, Illya Szilak,Kickstarter,1562434,1533389,video,18,3,5,9695,30.137500000000003,50.375,1.0206631781028066,2.775034495974142,0.1111111111111111,0.0555555555555555,2.441842789559909e-05,0.0555555555555555,2.9123820840774555e-05,0.2777777777777778,0.1111111111111111,0.1111111111111111,7.819200222541808e-05,0.2222222222222222,"WORK_OF_ART,PERSON",0,1693,4839,1,0,0.0139056127518415,0.0139193963259458,0.200227677822113,0.2071874290704727,0.0139330504462122,0.0139586571604013,0.1455336809158325,0.3913344740867615
11.476357088061294,10.571316925111784,908,design,45,9.0,0.0,1.0,1,10,3,15.936165897399452, Japan,0,1,2,8, Shunsuke Aoki,Kickstarter,1562338,1533296,video,156,154,113,54601,14.853333333333332,35.0,1.4428479507555725,4.232733283757742,1.513021487967406e-05,8.295991961351612e-05,5.900930683412296e-05,5.07264187457308e-05,8.091265234733076e-05,0.6,2.316255054675797e-05,7.73291761996206e-05,8.746082734148842e-05,0.2,"PERSON,GPE,PRODUCT",0,1694,4839,92,3,0.0125080393627285,0.4015643000602722,0.0125101394951343,0.0125260790809988,0.1123584955930709,0.2476667165756225,0.1883442997932434,0.0125220073387026
12.579114419205828,10.819778284410283,"2,620",technology,35,9.0,0.0,1.0,1,11,1,15.646806555855257, China,0,1,1,0, yaoyao guo,Kickstarter,1562203,1533165,video,498,63,90,50671,34.7788,49.0,0.5683288611436326,1.7653144994049943,3.940650015117703e-05,7.875973443875888e-05,5.467373271755688e-05,0.5,8.822957789495797e-05,0.5,3.528759969173497e-05,2.4480582044874005e-05,6.878587301519614e-05,6.269815057539268e-05,,0,1695,4839,74,0,0.2140945196151733,0.7107757925987244,0.0125447483733296,0.0125062651932239,0.0125184254720807,0.0125042032450437,0.0125235356390476,0.0125324884429574
9.323133199451306,8.517193191416238,198,food,27,7.0,0.0,1.0,1,11,5,14.64870833488698, NY,1,0,2,14, Amy Nazer,Kickstarter,1561589,1532569,video,12,1,2,8624,21.856916666666663,45.833333333333336,1.2929955275199707,3.643684982974614,5.449337299411823e-05,2.5563024786453508e-05,7.643316560206508e-05,0.2222222222222222,6.964729200663534e-05,0.4444444444444444,4.284449804666629e-05,9.410942786176192e-05,1.0195504333775473e-05,0.2222222222222222,"DATE,PERSON,ORG",0,1701,4839,0,0,0.2416190654039383,0.4738406538963318,0.0654710084199905,0.0,0.0,0.0,0.1357934772968292,0.0634930059313774
10.917249763287844,9.798127036878302,632,art,30,9.0,0.0,1.0,1,11,2,12.907944158189096, OK,1,0,3,6, Tyler Thrasher,Kickstarter,1561413,1532398,video,55,5,3,21057,19.363875968992247,44.565891472868216,1.4663939137212048,4.333579668355085,5.505575791005379e-05,8.325855771159778e-05,3.813962890113194e-05,0.1111111111111111,0.1111111111111111,0.3333333333333333,8.215934420527443e-05,0.1111111111111111,2.4160799465078068e-05,0.1111111111111111,"WORK_OF_ART,PERSON",0,1702,4839,12,0,0.5962146520614624,0.1500800102949142,0.0,0.2145769745111465,0.0,0.0,0.0,0.0
9.90802723257816,9.903487552536127,176,film_Video,29,16.0,0.0,1.0,1,11,0,14.64870833488698, NY,0,1,1,1, Juan de Onís,Kickstarter,1561268,1532257,video,13,1,2,8099,23.349583333333335,48.166666666666664,0.9299185222966768,2.534302680043599,7.793447125260981e-05,0.3333333333333333,4.2878760684835907e-05,8.441909382336643e-05,4.019470482978355e-05,0.3333333333333333,0.3333333333333333,7.708446606798943e-05,3.508811326180858e-05,2.0857853829511048e-05,"DATE,GPE,ORG",0,1703,4839,2,0,0.1678440421819687,0.169704794883728,0.1684467196464538,0.0125180752947926,0.0125491740182042,0.0125210573896765,0.0125148808583617,0.4439012408256531
11.63265913024438,11.496796083040344,948,design,30,13.0,0.0,1.0,1,11,2,15.837971611150978, UK,0,1,10,8, Patricia Ann Finegan,Kickstarter,1560866,1531866,video,54,4,14,18629,21.778137254901957,37.80392156862745,0.8660672628861495,2.3775421949338074,2.518744945584066e-05,7.406938767063603e-05,8.198817440756898e-05,2.9501398103139343e-05,8.23293086500017e-05,0.6666666666666666,3.7489041267128874e-05,1.6364510608489197e-05,1.3761153721916263e-05,2.4111773341950743e-05,"DATE,PERSON",0,1705,4839,7,0,0.0,0.0,0.2666735649108886,0.6796846985816956,0.0,0.0,0.0,0.0
9.854559878912704,9.615805480084347,241,art,33,16.0,0.0,1.0,1,11,1,14.64870833488698, NY,0,1,3,20, Kurt Reynertson,Kickstarter,1560593,1531601,video,26,3,10,12623,23.395000000000003,42.68421052631579,1.792080520347609,6.0019266159718825,9.51143597596922e-05,9.133711935480476e-05,9.268880893248036e-05,0.25,0.25,0.25,1.0928561437316925e-05,4.2344388019233815e-05,0.25,6.435745994372645e-05,"DATE,GPE,ORG",0,1706,4839,2,0,0.0104501079767942,0.0104338768869638,0.1442587077617645,0.0104363756254315,0.2685334682464599,0.0104334410279989,0.3759129643440246,0.169540986418724
11.542455140574004,11.512925464970229,647,theater,23,16.0,0.0,1.0,1,10,1,15.194750847520003, CA,1,0,1,12, Jamie Flam,Kickstarter,1560129,1531151,link,6,3,0,9,5.942499999999999,30.0,0.875499595167395,2.4000740598950454,2.5016372038501988e-05,6.24449328385401e-05,3.3171879927873314e-05,0.125,0.125,0.25,1.48454237770255e-05,0.125,9.68715800614173e-05,0.25,"WORK_OF_ART,PERSON,ORG",0,1708,4839,3,0,0.337997555732727,0.1642168462276458,0.0,0.0915412828326225,0.0,0.1199241802096366,0.1069188266992569,0.1626910269260406
13.885543954583806,11.407564949312402,716,technology,46,4.0,0.0,1.0,1,10,1,15.194750847520003, CA,0,1,1,1, Christopher Olenik,Kickstarter,1559626,1530662,video,198,38,33,33567,33.525,38.272727272727266,0.7986944884988163,2.222637354950687,3.394912316835777e-05,2.558832676839209e-05,6.556927419010623e-05,5.256887149058264e-05,9.491164597364168e-05,0.5,7.860851289792402e-05,1.3236160206439305e-05,8.827734098972339e-05,8.79498747481895e-05,PERSON,0,1710,4839,25,0,0.0178641639649868,0.2524759769439697,0.017866987735033,0.3093413710594177,0.3488538265228271,0.0178641621023416,0.0178641639649868,0.0178693663328886
13.869506197725286,10.308952660644293,"4,126",photography,30,12.0,0.0,1.0,1,10,1,11.110251458112543, CA,0,1,1,1, Andrea Thorson,Kickstarter,1559442,1530484,video,267,105,45,50544,33.67260869565217,50.630434782608695,0.6567590330665308,1.9285318868547576,9.924619086651054e-05,3.928513812051156e-05,6.867956265972152e-05,0.3333333333333333,8.93020972553307e-05,0.3333333333333333,0.1111111111111111,1.6630650875892603e-05,2.172386953095203e-05,0.1111111111111111,ORG,0,1711,4839,32,0,0.0,0.4643146395683288,0.0,0.0,0.0,0.2290540337562561,0.1155693307518959,0.1525452435016632
12.818120935852091,12.429216196844385,"2,804",music,30,18.0,0.0,1.0,1,10,1,13.30755248550697, DC,0,1,3,0, Rowena D Saura,Kickstarter,1559442,1530484,video,46,9,5,12389,22.533529411764704,34.64705882352941,1.1849862268081564,3.2706417739791243,7.225998752277841e-05,6.585032758770988e-05,9.819462147152014e-05,0.2,5.548593723150282e-05,0.4,3.3629720092411785e-05,3.310756306067828e-05,2.3898958935645375e-05,0.2,"WORK_OF_ART,PERSON,ORG",0,1711,4839,3,0,0.013907897286117,0.0138982627540826,0.1250369995832443,0.013909688219428,0.458284854888916,0.0139044672250747,0.3471437990665436,0.0139140654355287
11.183518212471132,11.156250521031495,74,technology,45,5.0,0.0,1.0,1,10,1,13.84206290359328, CA,0,1,1,4, seyed m tabatabaei yazdi,Kickstarter,1558963,1530018,video,345,42,50,55680,33.6325,53.66666666666667,0.541823254506337,1.7191384333873834,4.871284588871437e-05,5.210542118122435e-05,6.25326924523074e-05,9.99638543980018e-05,7.322007199601042e-05,1.0,8.674058476393442e-05,9.086139249971906e-05,2.3172260554242693e-05,1.8761653273614077e-05,"PERSON,ORG,CARDINAL",0,1713,4839,30,0,0.0104344310238957,0.4699089825153351,0.0104382894933223,0.0954923406243324,0.0104344310238957,0.1541681587696075,0.2386835068464279,0.0104398047551512
9.91348738711446,9.903487552536127,198,film_Video,32,13.0,0.0,1.0,1,11,2,15.9166075437284, NY,0,1,1,1, Viva Wittman,Kickstarter,1558721,1529783,video,56,2,7,25908,23.64363636363636,55.89393939393939,0.911820323255419,2.488848921961615,0.25,2.5692103688578452e-05,8.331460159374289e-05,0.25,3.8667832176684896e-05,0.25,0.25,5.803654128044079e-05,6.494399224300058e-05,7.065569629329037e-05,"NORP,PERSON",0,1715,4839,10,0,0.4252493679523468,0.0125290686264634,0.0125311613082885,0.1500562131404876,0.0125553784891963,0.0125309508293867,0.2096281945705413,0.1649195700883865
10.504409789053556,10.46310334047155,421,film_Video,38,19.0,0.0,1.0,1,10,1,13.357133477695209, OR,0,1,1,16, Mark M Evans,Kickstarter,1558685,1529748,video,56,8,13,18596,28.55806451612903,38.08064516129032,1.0537341855841975,2.868342066242182,3.115281689307268e-05,6.028510673912972e-05,1.4181532949971867e-05,0.2857142857142857,0.1428571428571428,0.2857142857142857,7.250740590345907e-05,8.361942066006668e-05,1.737309067906562e-05,0.2857142857142857,PERSON,0,1716,4839,5,0,0.0250154007226228,0.2380251437425613,0.0250289626419544,0.0250236745923757,0.0250154007226228,0.611857533454895,0.0250184293836355,0.0250154007226228
9.641148287756142,9.210340371976184,179,technology,45,16.0,0.0,1.0,1,11,2,13.436372336049692, WA,1,0,1,21, Paul Rucker,Kickstarter,1558260,1529336,video,44,1,4,21416,24.566491228070177,36.35087719298245,1.3031866145582278,3.6810079515624943,3.4454583900836176e-05,9.399328008227684e-05,3.135326388712214e-05,0.0909090909090909,0.0909090909090909,0.2727272727272727,0.0909090909090909,0.1818181818181818,1.0249039009862933e-05,0.0909090909090909,"PERSON,GPE",0,1718,4839,0,0,0.0,0.0732161775231361,0.0804989039897918,0.0996117889881134,0.296840488910675,0.3486403524875641,0.0864265784621238,0.0
13.356280682841934,10.085809109330082,"8,454",games,28,4.0,0.0,1.0,1,10,1,14.836582117509636, MN,1,0,9,357, Patrick Leder,Kickstarter,1558150,1529229,video,75,8,6,16622,34.9672,61.0,0.5140593750468966,1.672064975825179,1.7955727043208257e-05,0.25,9.855762023641365e-05,2.0728802027256107e-05,5.070018134149309e-05,0.25,0.25,3.5732993936543336e-05,3.4174448375210226e-05,2.012577445382261e-05,,0,1719,4839,8,0,0.0178690999746322,0.4342173337936401,0.0178726594895124,0.4584810435771942,0.0178856309503316,0.0179208572953939,0.0178746078163385,0.0178787186741828
12.24003436206258,12.206067645517674,"1,258",film_Video,29,83.0,0.0,1.0,1,10,0,13.744905673596724, TX,0,1,1,1, Sandra Kathleen Boone,Kickstarter,1558150,1529229,video,52,13,26,24851,23.808437499999997,37.875,1.1539067939714696,3.1705554519386867,6.667152357332827e-05,0.2,9.52998428320724e-05,4.9053492051625674e-05,0.2,0.2,0.4,4.283987558924103e-05,3.946557425646299e-05,5.907683860114029e-05,"DATE,WORK_OF_ART",0,1719,4839,9,0,0.276141494512558,0.0113926259800791,0.3485421538352966,0.0113850561901927,0.0113927666097879,0.1228141859173774,0.0113880466669797,0.2069437801837921
9.900706188125744,9.887358170606245,187,fashion,30,14.0,0.0,1.0,1,10,1,15.837971611150978, UK,0,1,1,5, Nic fforde,Kickstarter,1557459,1528558,video,23,2,3,30424,28.3404,36.5,0.627187726551848,1.8723376428311231,1.84203466221102e-05,4.606293531189276e-05,9.663869262046848e-05,9.084955923314678e-05,3.0652112851474134e-05,7.540557617897969e-05,1.0,6.942744046893983e-05,1.782381193592107e-05,3.2199121310085344e-05,DATE,0,1724,4839,0,0,0.0208591762930154,0.295350044965744,0.4128808975219726,0.0208600591868162,0.0208865590393543,0.0208590514957904,0.1874472945928573,0.0208569373935461
11.82633376199289,10.23995978915734,"1,002",food,37,7.0,0.0,1.0,1,9,1,15.9166075437284, NY,0,1,1,37, Sami Ari Kahya,Kickstarter,1557297,1528400,video,82,11,12,19930,15.111129032258065,23.879032258064516,1.2522711038167298,3.498278896934369,9.637711493157724e-05,4.3405670862020173e-05,9.064510187481862e-05,9.739933695902432e-05,7.505645559630715e-05,1.039691205822793e-05,3.6823842606166694e-05,8.086878718405663e-05,5.330459508394916e-05,7.617796531777999e-05,ORG,0,1725,4839,8,0,0.2316194027662277,0.1122011467814445,0.111657977104187,0.2948750257492065,0.0125469928607344,0.0125469891354441,0.2119858860969543,0.0125666223466396
14.608172702185264,11.918390573078392,"2,144",journalism,29,6.0,0.0,1.0,1,10,2,14.151849928616338, CA,0,1,1,0, Franck Marchis,Kickstarter,1556821,1527938,video,192,33,49,25166,12.891600000000004,44.5,0.6892574775405994,1.992235704153152,5.6621381401766776e-05,2.025443648151868e-05,4.541200468662512e-05,7.314418841231055e-05,3.2579018119355355e-05,0.6666666666666666,9.017492648204284e-05,6.763889721409126e-05,2.071456884441268e-05,1.7912631848055174e-05,PRODUCT,0,1728,4839,19,0,0.7826582193374634,0.0125266090035438,0.0125189153477549,0.0125264832749962,0.0125331869348883,0.0125181330367922,0.0125245787203311,0.1421937942504882
11.26818793284376,11.225243392518449,705,theater,30,12.0,0.0,1.0,1,10,1,14.49011895224442, Ghana,0,1,1,5, Samuel Bazawule,Kickstarter,1556635,1527757,video,58,8,43,24376,17.909924242424246,48.75757575757575,1.9526279002276925,7.047182561120833,0.0869565217391304,0.1304347826086956,2.5770476171532704e-05,0.0869565217391304,6.0154659706088674e-05,0.1739130434782608,0.1739130434782608,0.1304347826086956,0.0434782608695652,0.0869565217391304,"NORP,PERSON,WORK_OF_ART",0,1729,4839,11,0,0.0,0.0,0.0,0.0,0.2893328666687011,0.0972795337438583,0.0,0.5785886645317078
10.66349867334958,10.645424897265505,207,film_Video,30,43.0,0.0,1.0,1,10,0,15.194750847520003, CA,0,1,1,4, Lynnette Gryseels,Kickstarter,1556269,1527402,video,7,7,2,11844,32.1028125,72.625,1.0083945289373262,2.7411965685893542,4.228682594885998e-05,8.774800803893875e-05,6.91799388250005e-05,0.25,2.632958500881953e-05,0.5,9.288146043684786e-05,1.7363668993712593e-05,8.473255833502359e-05,2.0973681940515857e-05,"PERSON,GPE,DATE,NORP,CARDINAL",0,1730,4839,0,1,0.0969253405928611,0.0,0.1613198816776275,0.1272238790988922,0.4203332960605621,0.0,0.0,0.1673559695482254
8.90557995798965,9.392661928770137,128,theater,30,15.0,0.0,1.0,0,10,0,14.141288672902771, NY,1,0,1,8, Ron Kavanaugh,Kickstarter,1555611,1526763,video,11,1,1,5083,35.106086956521736,50.630434782608695,0.6270502401876894,1.8720802396312537,9.570376130800352e-05,4.8375090529248266e-05,8.555698501499908e-05,6.344425890758465e-05,0.125,0.125,0.125,0.25,4.335543756193476e-05,0.125,"DATE,ORG",0,1732,4839,2,1,0.1806155145168304,0.0,0.3656752109527588,0.1760542690753936,0.1763214021921157,0.0,0.0724145695567131,0.0
10.655398801626768,10.596634733096073,313,technology,32,9.0,0.0,1.0,1,10,1,13.410750701107972, MA,1,0,1,10, Bryanne Leeming,Kickstarter,1555369,1526528,video,77,0,20,26968,20.531372549019608,34.86274509803921,1.0476000630591038,2.8508011586039133,2.164425552700308e-05,4.964829833110404e-05,9.59757952464546e-05,7.622304434345608e-05,3.850543393356927e-05,0.75,3.9471289713924416e-05,9.551791512064e-05,7.289523666321152e-05,0.25,ORG,0,1733,4839,3,1,0.0,0.0,0.1511345654726028,0.0,0.0,0.2772986590862274,0.4173633158206939,0.1156515628099441
10.792311707937186,10.54006438160768,"1,621",games,30,13.0,0.0,1.0,1,10,1,15.047007280023903, Germany,0,1,1,50, Daniel Maximilian Claudius Helbig,Kickstarter,1555105,1526272,video,176,19,9,23005,23.987241379310348,38.63793103448276,0.8208625740499585,2.272459156680139,6.606586397650437e-05,8.206235208250581e-05,4.197185749093197e-05,0.5,9.244283817568064e-05,0.25,6.566304648312429e-05,2.1062029769023925e-05,1.1839662856288904e-05,2.9209982296936165e-05,"CARDINAL,ORDINAL,ORG",0,1734,4839,8,1,0.2950709164142608,0.012527298182249,0.3547103106975555,0.0125183416530489,0.0125161381438374,0.2876226007938385,0.0125201400369405,0.0125142009928822
9.695496125791342,9.287301413112312,650,film_Video,20,15.0,0.0,1.0,1,10,1,12.820065681860466, Czech Republic,0,1,1,9, Karolína Kumštová,Kickstarter,1555105,1526272,video,220,72,38,76026,38.5468,49.0,0.7337733091352554,2.082925319240702,0.3333333333333333,4.0463245933118e-05,7.97243480210072e-05,3.549725768797321e-05,6.635588884232205e-05,0.3333333333333333,0.3333333333333333,3.815297507589744e-05,7.925986184569656e-05,9.380111573522774e-05,EVENT,0,1734,4839,18,1,0.0250402428209781,0.0250359307974576,0.0250575430691242,0.2245440334081649,0.2600689530372619,0.0250769704580307,0.0250308196991682,0.390145480632782
14.74531634860157,11.512925464970229,"10,238",technology,32,11.0,0.0,1.0,1,9,1,14.64870833488698, NY,0,1,4,16, Jonathan N Cedar,Kickstarter,1554694,1525872,video,99,12,25,16257,23.301960784313728,46.62745098039216,0.8846779155703753,2.4222041116045747,0.5,1.1651379550626933e-05,4.1923338231178815e-05,0.5,2.920634536770088e-05,9.668171912201091e-05,8.68378445960655e-05,3.851203092839306e-05,6.669805777899553e-05,4.2083454234097056e-05,ORG,0,1736,4839,12,0,0.0,0.2738164067268371,0.4000676870346069,0.1752668470144271,0.0,0.1150456517934799,0.0,0.0
10.137333626983471,10.021270588192513,281,design,31,16.0,0.0,1.0,1,9,2,14.64870833488698, NY,0,1,1,0, Jeff Betts,Kickstarter,1554485,1525669,video,301,50,63,59086,26.916538461538465,36.07692307692308,0.5945164236664863,1.8121544180541604,6.832272862496928e-05,4.999441260709584e-05,3.3912577590533544e-05,5.223446617266362e-05,7.486428138844124e-05,2.245551720803768e-05,4.0432971557521895e-05,5.643008043943348e-05,3.4170628420926075e-05,7.447597396505469e-05,"PERSON,ORG,PRODUCT",0,1737,4839,34,0,0.0125424033030867,0.4093982279300689,0.0125132529065012,0.0125132529065012,0.1155322641134262,0.0125190122053027,0.0125278700143098,0.4124537110328674
9.09829086816756,10.46310334047155,106,art,33,13.0,0.0,1.0,0,10,4,15.9166075437284, NY,0,1,1,0, Nina Chaubal,Kickstarter,1554146,1525340,video,8,15,1,9379,26.4564,52.5,0.4799299610156549,1.6159612179468388,4.5045080170018613e-05,8.414564636540745e-05,1.0245587006171418e-05,3.877790049214539e-05,0.125,0.375,5.8921507444836294e-05,0.125,8.783466478641495e-05,0.125,ORG,0,1739,4839,4,0,0.2879335880279541,0.0113740814849734,0.0113835362717509,0.3962028622627258,0.0113968094810843,0.2589314877986908,0.0113766156136989,0.0114011345431208
10.08318065797639,9.903487552536127,175,art,30,7.0,0.0,1.0,1,10,2,15.9166075437284, NY,0,1,1,0, Hugh Gibbs Taylor,Kickstarter,1553971,1525170,video,90,4,14,20714,26.92636363636364,46.803030303030305,0.8879123785028488,2.430051324937471,4.074133483284112e-05,9.33592694858712e-05,9.500220575303868e-05,5.631388514868621e-05,0.2,0.2,9.9697837673918e-05,0.2,7.157881115751244e-05,0.2,"QUANTITY,PERSON,ORDINAL",0,1740,4839,7,0,0.1628647893667221,0.0104295443743467,0.0104395104572176,0.4354161322116852,0.1352395415306091,0.0104351220652461,0.0104295508936047,0.224745824933052
9.469757220153555,9.417354541360508,223,theater,30,10.0,0.0,1.0,1,10,0,15.837971611150978, UK,1,0,1,7, Bardia Koushan,Kickstarter,1553793,1524997,video,9,1,2,4810,38.18857142857143,78.14285714285714,0.5698205538199945,1.767949771134346,8.428959061737659e-05,1.5620442010010363e-05,3.895628646816661e-05,0.2,0.1,0.4,4.2058323825212775e-05,9.910418863162736e-05,1.6994166838822173e-05,0.1,"PERSON,ORG",0,1741,4839,3,0,0.5241230130195618,0.0125135090202093,0.0125236129388213,0.0125138293951749,0.0125218201428651,0.2090084701776504,0.2042724341154098,0.0125232990831136
11.872877034902077,11.512925464970229,671,film_Video,30,12.0,0.0,1.0,1,9,0,12.010148998317934, VT,0,1,1,7, William Halby,Kickstarter,1553303,1524522,video,82,5,80,23985,20.208416666666665,38.333333333333336,1.6546012926633855,5.230993870709653,0.1111111111111111,0.1111111111111111,7.973742418269866e-05,7.181994806524018e-05,9.516961089449152e-05,2.4091874457317704e-05,0.4444444444444444,0.3333333333333333,5.3685516971119395e-05,7.45267226258236e-05,ORG,0,1743,4839,16,0,0.3712715804576874,0.011383562348783,0.0113895451650023,0.0113790007308125,0.12488354742527,0.2753347754478454,0.1829651892185211,0.0113927843049168
8.868180290188556,6.550115584106554,109,technology,21,3.0,0.0,1.0,1,10,0,12.911242266067337, AU,0,1,1,5, Graham Maxwell Mitchell,Kickstarter,1553037,1524263,video,123,8,13,44240,24.58777777777778,27.51851851851852,0.774816034897561,2.170192850708007,0.0769230769230769,0.0769230769230769,2.2545205635731565e-05,0.1538461538461538,0.0769230769230769,0.3076923076923077,0.1538461538461538,0.0769230769230769,7.490533823877077e-05,0.0769230769230769,,0,1744,4839,4,0,0.2424492835998535,0.2886967957019806,0.0156794879585504,0.0156740304082632,0.0156627651304006,0.0156948715448379,0.3905031383037567,0.0156396385282278
10.956284148903991,10.8036489024804,"1,058",publishing,40,22.0,0.0,1.0,1,9,3,13.333078008699502, UK,0,1,1,0, Amit Shukla,Kickstarter,1552745,1523980,link,7,1,1,7,15.568333333333335,56.88888888888889,0.52968007927505,1.6983888718957068,9.570340705260914e-05,2.631230254595395e-05,9.914636039051912e-05,9.83061957870078e-05,1.7830422141498986e-05,1.0,6.851598585962166e-05,1.386692972825896e-05,9.783236950542017e-05,3.531896816238457e-05,"PERSON,GPE,DATE,ORG,WORK_OF_ART",0,1745,4839,0,0,0.3216168582439422,0.1263735145330429,0.1158827766776084,0.0984714105725288,0.165333867073059,0.0,0.1618890613317489,0.0
9.451402423792738,9.433483923290392,207,art,30,25.0,0.0,1.0,1,9,1,12.87291948429548, LA,0,1,1,4, Imani Jacqueline Brown,Kickstarter,1552745,1523980,video,15,0,7,8392,34.80888888888889,64.03703703703704,0.5941139063826614,1.811425141363017,1.4487413175924784e-05,6.089850231576941e-05,5.583059324633e-05,2.6145131733065697e-05,2.0607534314042817e-05,0.4,0.2,0.2,3.782674360141999e-05,2.5192178676694356e-05,GPE,0,1745,4839,1,0,0.0867547541856765,0.1153749153017997,0.3288119435310364,0.0,0.1919650435447693,0.0,0.0844523310661315,0.1747238934040069
12.586580496032564,10.896739325546411,"2,881",design,30,16.0,0.0,1.0,1,10,2,14.575639054856664, France,0,1,1,8, Marie Christiane Ghislaine Poulle,Kickstarter,1552509,1523750,video,160,27,31,25003,22.889148936170216,44.77659574468085,1.07997753702302,2.9446134055394704,6.806350749708131e-05,6.748653306603142e-05,1.8793267091483344e-05,7.628206487050019e-05,8.181119988650194e-05,0.5,3.774024112627997e-05,5.6847067557658306e-05,8.090951341672883e-05,0.5,"PERSON,GPE,ORG",0,1746,4839,38,0,0.109395183622837,0.0,0.2700479626655578,0.0873466730117797,0.3719141185283661,0.0,0.0,0.1344357877969741
9.740540296025316,9.692766521220475,287,film_Video,45,9.0,0.0,1.0,1,9,1,14.82991807289918, Ethiopia,0,1,1,3, Miguel Llanso Pinilla,Kickstarter,1552509,1523750,video,20,6,18,12074,28.7172,52.5,0.8344572401277159,2.3035634271327163,9.643300971599171e-05,5.8605914375575465e-05,1.733087932609604e-05,2.4020474314542965e-05,9.87256378852174e-05,7.566641708590263e-05,7.021953008265576e-05,9.88821229795358e-05,3.766199723523919e-05,7.397426075139868e-05,"NORP,GPE,ORG,PERSON",0,1746,4839,9,0,0.2812389135360718,0.0139237083494663,0.1911755353212356,0.0139300739392638,0.013924422673881,0.0139231160283088,0.1312949210405349,0.3405892550945282
11.014900890374632,9.903487552536127,99,technology,30,7.0,0.0,1.0,1,9,1,11.972177755141349, CA,0,1,3,30, Joseph Schlesinger,Kickstarter,1552166,1523417,video,24,2,13,9571,25.8690625,37.875,0.8468306403846628,2.3322434079646985,1.126130657734513e-05,8.801862245192611e-05,5.791783019799738e-05,0.5,1.1714517578515964e-05,0.5,4.950451962355559e-05,5.9632934427169485e-05,7.877134354449589e-05,1.1054352095916572e-05,"PERSON,ORG,PRODUCT",0,1747,4839,3,0,0.3032939732074737,0.1609365046024322,0.1604456156492233,0.0179103482514619,0.1874357312917709,0.0179019086062908,0.1341629475355148,0.0179129671305418
9.688436171119257,9.210340371976184,246,technology,30,10.0,0.0,1.0,1,9,2,15.9166075437284, NY,0,1,1,47, James Findlay,Kickstarter,1551452,1522724,photo,14,1,1,14,24.17769230769231,64.46153846153847,0.5785463326863597,1.7834440112306793,0.125,0.0625,1.91589216896229e-05,0.125,0.0625,0.25,0.0625,0.125,0.0625,0.0625,"DATE,PERSON,ORG,WORK_OF_ART",0,1749,4839,0,0,0.0,0.1715687215328216,0.3565064370632171,0.0,0.0,0.227557897567749,0.2085605561733245,0.0
11.94445122508573,11.302204433654577,"1,013",music,34,117.0,0.0,1.0,1,9,3,14.575639054856664, France,0,1,1,0, Reza Ackbaraly,Kickstarter,1551186,1522466,video,28,1,5,6284,33.24,45.33333333333333,0.8848916168946516,2.4227217951437505,5.665289170017886e-05,4.849236182045842e-05,3.188508161731562e-05,4.780312359969539e-05,9.954860326148786e-05,5.893006074024905e-05,6.640030483042767e-05,4.575916273085088e-05,3.705798845424092e-05,4.524940831230166e-05,"PERSON,ORG",0,1750,4839,4,0,0.4640010893344879,0.0113815926015377,0.0113817295059561,0.0113722663372755,0.011374837718904,0.0113790296018123,0.0113689173012971,0.4677405655384063
11.239185744641151,11.156250521031495,557,art,39,9.0,0.0,1.0,1,8,2,12.394396982866104, NV,0,1,1,0, Amanda Thiebaud Horn,Kickstarter,1551016,1522301,photo,31,25,3,42,8.671428571428574,35.42857142857143,1.3547800453181722,3.875908338682533,5.516825779220534e-05,2.5936382972434575e-05,7.581613474592994e-05,0.1428571428571428,7.894072574236695e-05,0.7142857142857143,2.4804687962558684e-05,5.862872263629007e-05,8.119826162196664e-05,5.782473290940681e-05,"PERSON,ORDINAL,ORG",0,1751,4839,4,7,0.5630651116371155,0.0,0.0,0.0,0.1348181217908859,0.0909081175923347,0.1124780178070068,0.0752310305833816
8.901230352110781,10.46310334047155,52,art,35,23.0,0.0,1.0,0,9,0,11.579920341794509, Taiwan,0,1,1,1, Chuck Lee,Kickstarter,1550711,1522004,video,15,1,3,8569,23.75,45.0,0.8351773837040418,2.3052229210026316,2.1601232656614903e-05,3.4815667328268035e-05,5.40661448269157e-05,5.7784935796512825e-05,0.1818181818181818,0.2727272727272727,1.5773630262871135e-05,0.0909090909090909,7.57579948783259e-05,0.1818181818181818,"EVENT,LOC",0,1754,4839,0,1,0.1941491663455963,0.0104552200064063,0.0104695009067654,0.0104439910501241,0.0104617020115256,0.1863016784191131,0.1065662503242492,0.471152514219284
11.344080687063398,10.819778284410283,170,technology,31,6.0,0.0,1.0,1,9,1,12.230935975254862, CA,0,1,1,0, Christopher Olenik,Kickstarter,1550449,1521750,video,301,116,137,54492,24.50561904761905,40.238095238095234,0.9198578023139932,2.5089336000172815,0.4,9.765420166939848e-05,1.9736799159219457e-05,7.424580520448439e-05,0.2,0.2,5.266042794155197e-05,9.760520979810856e-05,3.328330717458041e-05,8.493815185968134e-05,ORG,0,1755,4839,75,1,0.0104450536891818,0.2747358381748199,0.0104491570964455,0.1678025126457214,0.0104350429028272,0.2039321213960647,0.3117618858814239,0.0104384645819664
11.129803871016511,11.082142548877776,573,publishing,52,13.0,0.0,1.0,1,9,6,13.628841163005458, IN,0,1,6,0, Matthew Altizer,Kickstarter,1550449,1521750,photo,71,4,9,83,17.618709677419353,60.66129032258064,0.6709256530758444,1.956047103909219,0.0666666666666666,6.0442613395615166e-05,1.0004331150488058e-05,0.1333333333333333,0.0666666666666666,0.2,0.1333333333333333,0.1333333333333333,9.03973717571938e-05,0.1333333333333333,"DATE,PERSON,ORG",0,1755,4839,10,2,0.0,0.0,0.1886914670467376,0.437932550907135,0.0,0.1424669474363327,0.0728627368807792,0.1312050819396972
13.587328082568964,12.429216196844385,"8,629",games,32,15.0,0.0,1.0,1,9,2,13.744905673596724, TX,0,1,2,2, Michael Burns,Kickstarter,1550211,1521519,video,17,3,4,9201,23.294285714285714,29.547619047619047,0.4727544229475067,1.6044073289700815,7.422942548009385e-05,4.633597036944371e-05,6.981934721851889e-05,0.25,7.174609270562998e-05,0.25,3.301143635866426e-05,4.249890186712112e-05,7.415221740210662e-05,0.25,"ORG,PRODUCT",0,1756,4839,0,0,0.3693796992301941,0.4803822040557861,0.0250725466758012,0.0250377468764781,0.0250203683972358,0.0250370521098375,0.0250480007380247,0.0250224769115448
8.538367426647644,8.517193191416238,55,publishing,30,12.0,0.0,1.0,1,9,0,14.64870833488698, NY,0,1,2,6, Kathleen Murray,Kickstarter,1549727,1521049,link,10,0,3,10,11.17411764705882,52.294117647058826,0.6141091979170973,1.8480096552663967,5.4368443941228016e-05,7.254707145452621e-05,9.72956843035468e-05,9.477558132952308e-05,9.193744431855893e-05,7.381317171931945e-05,2.4197647499048084e-05,1.7373285074497148e-05,3.5544127136679226e-05,3.575872526873805e-05,"PERSON,GPE,ORG,CARDINAL,LOC",0,1758,4839,0,0,0.4227866232395172,0.0,0.2507228553295135,0.1034733727574348,0.0,0.1239465773105621,0.0781850665807724,0.0
11.274719035978974,10.819778284410283,923,music,42,12.0,0.0,1.0,1,9,2,13.357133477695209, OR,0,1,1,6, Eric Isaacson,Kickstarter,1549477,1520806,video,15,1,12,5462,15.146491228070175,20.561403508771928,0.9411576582596596,2.562946718033454,5.427352216352163e-05,9.978853045379264e-05,2.2171183794532712e-05,5.492617808576193e-05,0.2,0.2,8.796654640195827e-05,0.2,8.755917828172217e-05,0.2,"WORK_OF_ART,PERSON",0,1759,4839,6,0,0.1735373884439468,0.5429641604423523,0.0113761508837342,0.0113920513540506,0.0113889630883932,0.2265715599060058,0.0113892331719398,0.0113805476576089
11.413436566469484,10.819778284410283,"1,030",comics,30,15.0,0.0,1.0,1,9,1,13.357133477695209, OR,0,1,3,2, Dirk Wood,Kickstarter,1549477,1520806,link,14,0,4,15,11.119999999999996,45.77777777777778,0.6064482367999304,1.8339062170769265,8.145595762440315e-05,3.967579964315911e-05,6.306258589780153e-05,8.966734227596385e-05,6.0751534547339533e-05,3.423752804313959e-05,1.603787114513479e-05,3.962358682739309e-05,7.724927863275014e-05,5.036288486427729e-05,"DATE,PERSON,ORG,CARDINAL",0,1759,4839,1,0,0.0,0.0906568989157676,0.3603312373161316,0.2578969299793243,0.0,0.1055257096886634,0.1190167367458343,0.0556629747152328
10.3558680526531,10.308952660644293,270,publishing,45,34.0,0.0,1.0,1,9,3,15.9166075437284, NY,0,1,2,0, Michael Reynolds,Kickstarter,1549250,1520585,link,18,1,5,20,15.568333333333335,68.0,0.6043505464696884,1.8300632817920608,2.519733604303318e-05,4.484960713712843e-05,4.4406731346486614e-05,7.048336408460716e-05,6.31538014514292e-05,1.0,9.766512215831366e-05,4.267726400890855e-05,5.35226783388044e-05,4.5383239609772754e-05,"CARDINAL,NORP,ORG",0,1760,4839,1,1,0.0,0.0,0.2026584297418594,0.147529661655426,0.2310225963592529,0.3829811215400696,0.0,0.0
10.262908722142884,8.517193191416238,363,design,21,19.0,0.0,1.0,1,9,2,12.94626322746207, CA,0,1,14,49, Lea Redmond,Kickstarter,1549250,1520585,link,22,1,1,24,4.92942028985507,29.405797101449277,0.4499633555356674,1.5682547165831904,3.908306955514755e-05,3.0071137727069025e-05,5.123245266317257e-05,7.100660658761513e-05,2.7825851281712513e-05,0.3333333333333333,3.801849888482668e-05,3.364879547158154e-05,9.8435726729466e-05,0.3333333333333333,DATE,0,1760,4839,1,1,0.0,0.4317141771316528,0.1532233506441116,0.0,0.375927209854126,0.0,0.0,0.0
11.826104216907838,9.512522804221486,"2,186",food,30,8.0,0.0,1.0,1,9,2,15.047007280023903, Germany,0,1,1,21, Michael Mottes,Kickstarter,1549009,1520351,video,239,75,79,23137,21.66307692307692,36.07692307692308,1.166572327407323,3.2109676085585046,5.025724806273406e-05,6.236121382999392e-05,7.881723948564764e-05,0.25,1.2073552151953651e-05,0.75,4.2178771308339086e-05,7.77473019353213e-05,8.424755657751732e-05,4.79095838328995e-05,"WORK_OF_ART,PERSON",0,1761,4839,48,0,0.0,0.0,0.0985034629702568,0.3558253347873688,0.0,0.0,0.0,0.5127143859863281
10.15724853001781,9.611557804804775,666,film_Video,30,29.0,0.0,1.0,1,9,4,14.77102200299171, Canada,0,1,1,0, Trent Lengyel,Kickstarter,1548786,1520135,video,26,2,4,6215,22.289369369369368,42.06306306306306,1.4232239114891518,4.150479673292287,3.324041319339847e-05,5.882012254694862e-05,6.67040248577218e-05,0.5,2.4175777429623375e-05,0.5,9.494791057774568e-05,3.641898059728938e-05,6.944101031582492e-05,3.8817006499138465e-05,PERSON,0,1762,4839,0,0,0.0,0.0,0.3763717114925384,0.2519080638885498,0.0,0.3235417306423187,0.0,0.0
10.88824034837718,10.308952660644293,782,design,30,4.0,0.0,1.0,1,9,1,14.64870833488698, NY,1,0,3,32, Emily Fischer,Kickstarter,1548786,1520135,video,54,14,15,12934,23.824827586206897,35.189655172413794,0.7687648305102948,2.1571002232420886,2.8538936576962588e-05,1.3905702474044667e-05,6.097436205491867e-05,0.25,9.939591781545312e-05,0.25,0.25,7.859377820035436e-05,6.313368890620797e-05,2.62999334291016e-05,"PERSON,ORG",0,1762,4839,5,0,0.0,0.2580489814281463,0.0,0.2779439389705658,0.4158204197883606,0.0,0.0,0.0
10.22419329143509,10.126631103850338,297,crafts,30,28.0,0.0,1.0,1,9,2,15.194750847520003, CA,1,0,5,180, Sara Terry,Kickstarter,1548220,1519585,photo,12,2,1,17,12.663333333333334,40.238095238095234,1.06239168818583,2.8932825505179967,0.3333333333333333,0.1666666666666666,5.6823002615208446e-05,1.066038627008212e-05,6.823486494153815e-05,0.1666666666666666,0.1666666666666666,0.1666666666666666,6.947426224193573e-05,2.4630265167880546e-05,"DATE,PERSON,ORG",0,1764,4839,5,0,0.0,0.2207508683204651,0.0,0.0763335153460502,0.2958162128925323,0.3736585974693298,0.0,0.0
9.523105224795426,10.062881604686378,178,design,33,7.0,0.0,1.0,0,9,1,14.083080480222606, Japan,0,1,2,0, Shigeyoshi Kabata,Kickstarter,1548220,1519585,link,43,11,9,49,2.0536363636363646,20.090909090909093,0.3688321302336794,1.4460448360899174,0.1,4.4383134737014384e-05,7.1315067728332e-05,0.2,0.2,0.2,8.555083443489483e-05,4.891868916761523e-05,3.4126274213370846e-05,0.2,,0,1764,4839,6,0,0.0,0.1080936715006828,0.0,0.0,0.6806332468986511,0.1764688044786453,0.0,0.0
10.50210424924984,10.308952660644293,161,publishing,30,17.0,0.0,1.0,1,9,2,10.250263664295613, NY,0,1,34,14, Luke Pontifell,Kickstarter,1547936,1519309,link,8,1,2,9,14.098947368421053,55.84210526315789,0.473466541969744,1.60555026485335,9.9021278719786e-05,1.4070666782819343e-05,7.427105216449672e-05,0.1111111111111111,0.1111111111111111,0.2222222222222222,1.127067701372452e-05,0.1111111111111111,0.1111111111111111,0.1111111111111111,"WORK_OF_ART,CARDINAL,PERSON,ORG",0,1765,4839,1,0,0.1068545952439308,0.0,0.1144731119275093,0.0,0.5565930604934692,0.0,0.1016151756048202,0.1060219407081604
11.480949644091078,11.289781913656018,883,art,30,19.0,0.0,1.0,1,8,0,15.9166075437284, NY,0,1,2,0, Nicholas Baume,Kickstarter,1547692,1519072,video,26,9,6,11129,27.82230769230769,32.23076923076923,0.6548318937356854,1.9248189160599596,9.99514612953706e-05,2.1204900844115303e-05,3.1021380824206344e-05,6.936165476846367e-05,4.254773010554032e-05,0.5,9.376357686980014e-05,2.4531918096110447e-05,3.8870021230313845e-05,2.9936068881588095e-05,"PERSON,ORG",0,1766,4839,2,0,0.1613468527793884,0.2404565215110778,0.0,0.0,0.0,0.4442243874073028,0.0,0.1154353693127632
9.932360682865202,9.692766521220475,202,crafts,22,7.0,0.0,1.0,1,9,5,15.047007280023903, Germany,0,1,1,1, Eva Maria Silvia Morawietz,Kickstarter,1547478,1518865,link,91,2,19,98,12.044999999999996,53.66666666666667,0.0951516894149562,1.099825674386527,1.1622610806302104e-05,6.0546927995594186e-05,7.17572350436142e-05,8.241505309228068e-05,5.572726968012214e-05,9.960240384599207e-05,6.621936344919194e-05,2.289365852714872e-05,6.310958768656267e-05,2.9639770185678944e-05,"DATE,NORP,WORK_OF_ART,PERSON",0,1767,4839,7,0,0.2974481582641601,0.0,0.0,0.4059047698974609,0.0,0.0,0.2575084567070007,0.0
11.89612451402422,11.512925464970229,"3,708",games,30,28.0,0.0,1.0,1,9,0,15.824744204600613, China,0,1,3,0, Bing Wu,Kickstarter,1547279,1518671,video,120,22,13,32591,32.20580645161291,53.58064516129032,0.9057861440839836,2.473875981769799,8.216433098879637e-05,8.575225912873034e-05,2.4509117252653294e-05,0.25,4.945639007089074e-05,0.5,1.8738793140315628e-05,6.203240961394544e-05,9.760504828332823e-05,2.9157619589612247e-05,"WORK_OF_ART,PERSON,ORG",0,1768,4839,12,1,0.2534204423427582,0.1525798588991165,0.0156560465693473,0.2711125016212463,0.260271817445755,0.0156513676047325,0.0156633481383323,0.0156445987522602
11.81300873126724,11.805576422042591,91,design,39,10.0,0.0,1.0,1,8,3,16.324637595040688, Mexico,0,1,2,0, Lucia  Soto Montiel,Kickstarter,1547106,1518503,link,20,0,2,21,11.4172,45.0,0.6808537193472272,1.9755635893615455,5.386373271291204e-05,1.41337029006181e-05,4.041029301341144e-05,4.98195270260929e-05,4.140918342907508e-05,8.228675423224291e-05,8.492431419068622e-05,1.222463698231318e-05,3.60359913167912e-05,2.8659083660350157e-05,,0,1769,4839,1,0,0.0,0.3548912405967712,0.1894811242818832,0.0813481286168098,0.0,0.2227779924869537,0.1280108392238617,0.0
9.669535802505315,9.615805480084347,267,film_Video,30,12.0,0.0,1.0,1,9,3,14.816343153421665, IL,0,1,3,0, Eugene Park,Kickstarter,1546658,1518068,link,3,0,0,5,10.953461538461532,45.23076923076923,0.9525847176946172,2.5924016335318805,3.2407920924522855e-05,4.1068362793580585e-05,6.49739986447534e-05,9.43535448809988e-05,2.300615315272868e-05,1.0,9.622621498042944e-05,7.294523844306868e-05,2.3747770024403684e-05,1.7472483574814592e-05,"PERSON,GPE",0,1771,4839,2,0,0.5538930892944336,0.0,0.2216819822788238,0.0,0.0,0.1875489652156829,0.0,0.0
11.686483736094026,10.596634733096073,"4,438",games,35,9.0,0.0,1.0,1,9,1,13.30755248550697, DC,0,1,9,35, Scott Rencher,Kickstarter,1546658,1518068,video,80,17,30,32402,19.485882352941175,46.411764705882355,0.3863247040524611,1.471562415527495,3.291973893009657e-05,1.0431984233563368e-05,3.817611903813102e-05,5.25312918752565e-05,3.30820921899389e-05,9.223534080790184e-05,2.9920348727032543e-05,6.693338368894977e-05,5.119624251082929e-05,7.703910999795503e-05,WORK_OF_ART,0,1771,4839,6,0,0.2656213939189911,0.0156471021473407,0.015669796615839,0.3200952112674713,0.015654370188713,0.0156866926699876,0.015640715137124,0.3359846472740173
9.977945463454136,9.615805480084347,156,art,28,16.0,0.0,1.0,1,9,3,13.84206290359328, CA,0,1,1,0, James Leventhal,Kickstarter,1546436,1517853,link,44,1,3,46,1.468,20.0,0.3646795276959991,1.4400524372703718,1.4754330451774224e-05,6.65275128914292e-05,5.6999231166495215e-05,0.2,0.2,0.2,8.170609168405429e-05,2.462420423048907e-05,3.970060765789121e-05,0.2,"GPE,ORG",0,1772,4839,2,0,0.1113507822155952,0.0,0.3727785646915436,0.0,0.1255195140838623,0.359048068523407,0.0,0.0
13.343267623344708,10.596634733096073,"2,492",food,50,12.0,0.0,1.0,1,9,2,14.64870833488698, NY,0,1,9,172, Omar Rada,Kickstarter,1546436,1517853,video,40,5,9,18411,24.4275,46.142857142857146,0.9450706606847517,2.572995181766488,6.632570754841383e-05,8.563026143989749e-05,2.5428982706036948e-05,5.420196008384357e-05,7.345542463183097e-05,1.0,8.461054518754415e-05,3.575044190119812e-05,2.651076349566529e-05,2.6631312598310596e-05,"DATE,ORG",0,1772,4839,5,0,0.0,0.0,0.0901695415377616,0.675999104976654,0.0,0.0,0.0,0.1856390535831451
10.765343217715396,9.210340371976184,"1,063",food,30,12.0,0.0,1.0,1,8,1,16.92079089713741, China,0,1,3,2, Lilly Chow,Kickstarter,1546303,1517723,link,21,0,3,24,15.05294117647059,58.17647058823529,0.3423841361557639,1.4083011730212946,2.891059983461931e-05,6.985696959985854e-05,8.311557175714423e-05,0.5,4.303734103080742e-05,0.5,7.727571749731392e-05,8.572650892149377e-05,7.73887672123972e-05,2.5190895489776225e-05,NORP,0,1773,4839,3,0,0.0,0.1362547725439071,0.174891710281372,0.3135921955108642,0.0745144113898277,0.1592003554105758,0.0594608150422573,0.0766280889511108
10.188779270365272,11.2034748340453,68,technology,30,5.0,0.0,1.0,0,9,6,10.919442607523228, UK,1,0,3,3, Edward Catley,Kickstarter,1546019,1517448,video,50,5,14,12433,20.0508,32.5,0.7763362824715947,2.17349459021932,2.220639544065821e-05,4.706771188478065e-05,5.506093673249287e-05,6.255771870594403e-05,0.1666666666666666,0.3333333333333333,4.072170627374496e-05,0.1666666666666666,9.836553949840164e-05,0.1666666666666666,"PERSON,LOC",0,1774,4839,9,0,0.0125160049647092,0.3119524121284485,0.3619227111339569,0.0125545002520084,0.1338275969028473,0.0125299198552966,0.1421747356653213,0.0125221405178308
8.71292443512011,7.585281078639126,91,journalism,28,11.0,0.0,,1,8,1,13.30755248550697, DC,0,1,3,3, Bryan Smith,Kickstarter,1545313,1516762,video,23,5,12,7916,5.326500000000003,45.0,0.6858367990147081,1.985432548599163,5.468638800075444e-05,7.559507324100732e-05,4.529409897171059e-05,0.25,5.166638339005051e-05,0.5,9.045717275751757e-05,7.849656165017498e-05,9.679882860345622e-05,0.25,"LOC,CARDINAL",0,1778,4839,1,0,0.3233835995197296,0.2362558245658874,0.3015987277030945,0.0,0.0,0.0,0.0,0.1002177149057388
11.521891053698242,10.516200136143963,"4,788",games,30,8.0,0.0,1.0,1,9,4,15.837971611150978, UK,1,0,1,40, ALEXIS KENNEDY,Kickstarter,1545313,1516762,video,8,1,1,7437,22.03545454545455,41.303030303030305,1.1035478523410496,3.0148432908908664,0.5,2.9032328804477192e-05,7.282678318584278e-05,1.829103473314662e-05,9.9443063173154e-05,1.3859891830659554e-05,0.5,5.184398163378954e-05,2.302236819782268e-05,8.342483653420407e-05,"WORK_OF_ART,PERSON,ORG,DATE",0,1778,4839,1,0,0.2409089654684066,0.0,0.215336188673973,0.0,0.4274532794952392,0.0804922804236412,0.0,0.0
11.055830163625206,7.863266724009573,"1,352",crafts,29,9.0,0.0,1.0,1,8,1,14.64870833488698, NY,0,1,7,90, Adam Kurtz,Kickstarter,1545113,1516568,link,23,1,2,24,6.121363636363636,33.72727272727273,0.9826738608616296,2.67159016049471,4.298960686413036e-05,2.6777246244969417e-05,2.8171193805994533e-05,0.25,3.570126098766602e-05,0.5,4.82310763747048e-05,4.165818105126066e-05,1.1062240625660072e-05,0.25,DATE,0,1779,4839,1,0,0.0,0.1639208197593689,0.206837385892868,0.1835531890392303,0.2152024656534195,0.2015571594238281,0.0,0.0
9.678028823264478,9.615805480084347,249,film_Video,21,15.0,0.0,1.0,1,8,1,13.30755248550697, DC,1,0,1,6, Hannah Peterson,Kickstarter,1545113,1516568,video,35,3,22,12897,19.510999999999996,35.0,1.1507562037875232,3.1605820503545625,4.360178449286485e-05,0.3333333333333333,3.0472808198166217e-05,7.048528222469401e-05,5.8060838860957155e-05,8.698446810421284e-05,0.3333333333333333,0.1666666666666666,0.1666666666666666,6.0025175967430353e-05,"PERSON,GPE",0,1779,4839,6,0,0.1777089387178421,0.0113708106800913,0.0113708106800913,0.0113814622163772,0.011372379027307,0.6551058888435364,0.1103168129920959,0.0113729145377874
11.516289799245657,10.51867319162636,"1,656",comics,31,13.0,0.0,1.0,1,8,0,15.194750847520003, CA,0,1,4,2, Simon Ore,Kickstarter,1544986,1516444,video,82,8,23,25567,17.51022988505747,33.804597701149426,0.9298966350678488,2.5342472117879473,0.1333333333333333,0.0666666666666666,3.0215522481238173e-05,0.0666666666666666,0.0666666666666666,0.1333333333333333,0.0666666666666666,0.0666666666666666,0.1333333333333333,0.1333333333333333,"WORK_OF_ART,PERSON",0,1780,4839,19,0,0.0,0.5895044207572937,0.1410439610481262,0.1274188458919525,0.0,0.1062214374542236,0.0,0.0
10.05560760059696,11.184421397998191,271,journalism,40,16.0,0.0,1.0,0,8,6,10.561913880367683, HI,0,1,1,1, Sharona Lomberg,Kickstarter,1544986,1516444,link,15,2,3,15,10.60142857142857,44.80952380952381,0.6512525483789985,1.9179416398261468,1.952245223708628e-05,1.1929587996080196e-05,6.769776555636926e-05,5.0469240199846816e-05,9.79391676557098e-05,0.5,9.409299075927106e-05,9.29427753002395e-05,3.9605170417342115e-05,3.228295839160596e-05,"PERSON,ORG,PRODUCT,CARDINAL,WORK_OF_ART,LOC",0,1780,4839,0,0,0.0,0.0,0.0,0.0,0.0,0.0,0.4461558163166046,0.5238005518913269
10.658599632809274,10.915088464214609,787,games,31,22.0,0.0,1.0,0,8,1,11.272508584985562, CA,0,1,1,5, Jorge Faerman,Kickstarter,1544986,1516444,video,60,8,27,18979,35.46181818181818,69.36363636363637,0.9426906268429828,2.5668786478253525,2.0923473209375777e-05,0.5,1.4274480221409e-05,0.5,7.523465729619382e-05,5.630570902705647e-05,5.391335301913493e-05,9.355822311603636e-05,9.33985874618586e-05,6.0133171442860934e-05,"NORP,LOC,ORG",0,1780,4839,9,0,0.0,0.0,0.2638240456581116,0.0,0.2075545042753219,0.206577867269516,0.0,0.2834672331809997
9.745077815788486,7.377758908227872,234,art,21,24.0,0.0,1.0,1,8,4,13.593616226050496, VA,1,0,3,16, Kyra Hinton,Kickstarter,1544641,1516109,link,11,2,3,12,9.388947368421054,45.315789473684205,0.5058235023294533,1.658350613898488,4.512146946255955e-05,3.941382756265589e-05,5.307358407363626e-05,2.5082423499161756e-05,3.815462050993058e-05,8.473484040795142e-05,5.475058306556336e-05,8.077057773689655e-05,6.549324967370785e-05,9.833600894897457e-05,PERSON,0,1781,4839,1,0,0.0,0.3956479728221893,0.2115707099437713,0.2274476438760757,0.0,0.0,0.0,0.137483924627304
13.270064158425706,11.512925464970229,"3,141",design,31,31.0,0.0,1.0,1,8,1,15.9166075437284, NY,0,1,13,54, christian polt,Kickstarter,1544641,1516109,video,72,14,11,15054,38.64052631578947,55.84210526315789,0.6344145130969351,1.885917638076804,6.207075390514191e-05,2.5520665588881888e-05,4.063480389176354e-05,4.303015679177954e-05,0.5,4.998960552122174e-05,4.692236813932087e-05,9.655673949460024e-05,4.360588350624661e-05,2.6811088859615017e-05,ORG,0,1781,4839,8,0,0.0125126326456666,0.012523278594017,0.0125096421688795,0.0125237824395298,0.0125096412375569,0.2882048487663269,0.6366921067237854,0.0125240664929151
9.917220324890158,9.822819649468672,234,theater,30,11.0,0.0,1.0,1,8,3,15.837971611150978, UK,1,0,1,5, Christopher Manning,Kickstarter,1544552,1516023,video,10,1,0,11149,37.579565217391306,53.434782608695656,0.4533319088170647,1.573546373765618,0.5,8.686139774099134e-05,7.233075923628995e-05,9.439659853063804e-05,1.362823366190935e-05,0.5,7.254517882328481e-05,4.2926104373345675e-05,1.4284418681429296e-05,9.749453362389576e-05,"PERSON,ORG",0,1782,4839,3,2,0.3666920661926269,0.1387892961502075,0.0125138331204652,0.2324690371751785,0.2119887173175811,0.0125141814351081,0.0125150671228766,0.0125177819281816
9.673319386284954,10.308952660644293,89,technology,30,16.0,0.0,1.0,0,8,4,13.357133477695209, OR,0,1,1,1, Myles de Bastion,Kickstarter,1544552,1516023,video,158,36,75,33974,13.475,45.77777777777778,1.2514426109844323,3.495381798221354,6.856519459004203e-05,7.943949417590355e-05,3.2288150534109e-05,6.868127144520555e-05,2.252982010273214e-05,0.3333333333333333,2.295910143229305e-05,0.3333333333333333,8.225660397282413e-05,0.3333333333333333,"PERSON,ORG,CARDINAL",0,1782,4839,25,0,0.132452130317688,0.1860644817352295,0.0,0.0,0.1848542243242263,0.0,0.2312556207180023,0.2385404855012893
12.538214519650907,11.729648448481516,"1,560",publishing,21,5.0,0.0,1.0,1,8,1,14.29888502284722, Spain,0,1,9,5, Jordi Anton Sala,Kickstarter,1544152,1515634,link,36,0,13,42,6.884499999999999,35.0,0.8455352593803669,2.3292242200781312,6.460445817730036e-05,3.6236247250991806e-05,6.625482156733298e-05,4.8065104905101195e-05,7.190038371152248e-05,5.413802857973307e-05,8.91056910773901e-05,9.92593289789053e-05,8.8158450985078e-05,3.918588472294116e-05,"DATE,PERSON,CARDINAL,WORK_OF_ART",0,1783,4839,6,0,0.0,0.0,0.2938558757305145,0.1791618019342422,0.0,0.2720452547073364,0.2270944267511367,0.0
9.572647425766544,9.060679597421776,440,publishing,30,34.0,0.0,1.0,1,8,2,15.837971611150978, UK,0,1,1,0, Ralf Webb,Kickstarter,1544152,1515634,photo,16,1,3,17,9.306,45.0,0.8941947773828797,2.445365932526062,4.602968815696824e-05,0.2,3.507266555623591e-05,2.4167278053295995e-05,1.5727315080980516e-05,0.4,0.2,0.2,5.523461674353637e-05,1.878222839808156e-05,ORG,0,1784,4839,1,0,0.0139409964904189,0.0139301465824246,0.3377886116504669,0.1340984404087066,0.013915367424488,0.129671424627304,0.1449708491563797,0.2116841077804565
9.66459564425378,9.615805480084347,151,dance,30,9.0,0.0,1.0,1,8,2,15.9166075437284, NY,0,1,3,14, Anastasia Taj Niemann,Kickstarter,1543906,1515396,link,2,2,0,3,14.24125,53.5,0.3541651682045211,1.4249905301710335,2.0843364019462116e-05,2.9210309319343813e-05,8.91871091958389e-05,6.857247182741506e-05,8.336868650418156e-05,9.893724035533398e-05,8.95616073811165e-05,4.460189891198756e-05,8.479856288929619e-05,7.85871861042592e-05,"DATE,NORP,ORG",0,1785,4839,1,0,0.0,0.0,0.2271137833595276,0.0,0.0,0.0,0.4469837546348572,0.2911190688610077
10.283156105600282,10.126631103850338,235,film_Video,30,13.0,0.0,1.0,1,8,1,13.744905673596724, TX,1,0,2,46, Bradley Beesley,Kickstarter,1543906,1515396,video,11,3,0,13742,30.778125000000003,63.25,1.0357075457956983,2.8170987570224684,2.4095153340338493e-05,8.518261187610032e-05,7.659178404299947e-05,6.195416441430916e-05,7.145186051429077e-05,0.25,0.25,9.337563711481504e-05,3.8744354447679886e-05,0.25,PERSON,0,1785,4839,2,0,0.4194280505180359,0.0179083868861198,0.0178742241114377,0.0178671218454837,0.1828123331069946,0.0178876891732215,0.017882315441966,0.3083398938179016
10.636888566243218,10.46310334047155,292,design,30,10.0,0.0,1.0,1,8,1,14.64870833488698, NY,1,0,1,14, Ravi Varma,Kickstarter,1543699,1515195,video,111,12,30,17056,35.17,50.578947368421055,0.4699592545829691,1.5999290021148391,9.355352967827129e-05,6.727098837862804e-05,4.283389379957646e-05,8.03181365585744e-05,8.751287015994173e-05,1.0,8.490282496440066e-05,6.693177177573457e-05,3.851833494160197e-05,8.192806286642061e-05,"PERSON,PRODUCT",0,1786,4839,7,0,0.4249619543552398,0.025070484727621,0.025004718452692,0.4249059557914734,0.0250145737081766,0.025010198354721,0.0250096395611763,0.0250225290656089
10.53940278714094,9.210340371976184,502,art,59,16.0,0.0,1.0,1,8,6,12.07648204918649, CA,0,1,16,67, Robert Self,Kickstarter,1543699,1515195,photo,18,6,1,18,11.880769230769232,43.769230769230774,0.6399528919174304,1.8963915418313728,1.5906347936003583e-05,2.778830030076538e-05,4.7521626870112895e-05,9.950175729064012e-05,0.2,0.2,2.30770569413042e-05,0.2,5.318987185361191e-05,0.2,PERSON,0,1786,4839,0,0,0.0139285968616604,0.0138986045494675,0.1574284434318542,0.2449227720499038,0.1668032705783844,0.1352660804986953,0.2538320422172546,0.0139202047139406
10.325449175172755,10.308952660644293,399,art,30,16.0,0.0,1.0,1,8,1,14.816343153421665, IL,0,1,1,0, Abraham Ritchie,Kickstarter,1543445,1514948,link,24,4,4,24,11.49857142857143,35.285714285714285,0.3987113536870015,1.4899035013821158,5.944706488548681e-05,5.316687605795742e-05,4.247203539332523e-05,0.2857142857142857,6.346103472750044e-05,0.2857142857142857,0.1428571428571428,4.1718492770313834e-05,6.341988020944625e-05,0.1428571428571428,"EVENT,PERSON,GPE,NORP,ORG,WORK_OF_ART,FAC",0,1787,4839,0,0,0.0,0.0,0.0,0.3196625709533691,0.0536966882646083,0.4848244786262512,0.0,0.1217256039381027
7.138073034044347,7.750614732770409,92,comics,30,15.0,0.0,1.0,0,8,0,15.837971611150978, UK,0,1,5,85, Daniel Prim,Kickstarter,1543445,1514948,link,11,2,0,12,3.1762499999999996,20.5,0.7108711044810397,2.0357638494903765,0.1111111111111111,0.1111111111111111,9.01128379131899e-05,2.5560473040520043e-05,0.1111111111111111,0.1111111111111111,0.2222222222222222,0.2222222222222222,0.1111111111111111,8.68743500113806e-05,"PERSON,LOC,CARDINAL",0,1787,4839,1,0,0.0,0.1434688717126846,0.0,0.0,0.2227963805198669,0.219467356801033,0.1686256825923919,0.2221100777387619
7.558814038442103,3.4258899942525267,71,art,30,11.0,0.0,1.0,1,8,6,15.837971611150978, UK,0,1,36,15, Bryn Geronimo L Jones,Kickstarter,1543220,1514729,link,13,2,3,16,2.43333333333333,31.22222222222222,0.2192974753823879,1.2452016384315918,6.119314627904856e-05,2.6442533144024454e-05,8.390279142088117e-05,1.0,7.776841871193508e-05,4.4042500338878594e-05,1.560482294598606e-05,9.654450157860955e-05,3.72412674434893e-05,4.613496728616484e-05,"DATE,PERSON,CARDINAL",0,1788,4839,3,0,0.0,0.2934635281562805,0.1363652348518371,0.0,0.0,0.1955569237470626,0.0881551206111908,0.2613923251628876
8.935903526274423,8.922658299524402,122,design,36,7.0,0.0,1.0,1,8,0,12.484802264083928, NJ,1,0,11,92, Natasha Dzurny,Kickstarter,1543220,1514729,link,18,0,2,20,3.998750000000001,24.5,0.7360557652554164,2.087684934623762,8.809508375245831e-05,3.801207273207373e-05,1.2576853426027738e-05,0.5,3.3237546999043954e-05,0.5,7.8379362776906e-05,5.679131754646037e-05,1.2320403294498668e-05,2.270417454507378e-05,"PRODUCT,ORG,PERSON",0,1788,4839,2,0,0.0,0.3571747541427612,0.0,0.3588429689407348,0.2492186427116394,0.0,0.0,0.0
11.185221078168755,11.079060882340366,94,technology,32,10.0,0.0,1.0,1,8,2,13.361211759739437, Poland,0,1,1,6, Szymon Dzwończyk,Kickstarter,1543019,1514534,video,217,29,72,35525,20.47622807017544,28.45614035087719,1.3592793682029012,3.893386592437764,9.565321657514836e-05,3.790147202396641e-05,1.4321067904827342e-05,8.256045917148014e-05,3.865035829877848e-05,0.4,0.2,7.729798130761755e-05,5.5340316841259e-05,0.2,"ORG,PRODUCT",0,1789,4839,28,0,0.0,0.3498860597610473,0.0,0.2690784037113189,0.0,0.0990511253476142,0.2461718022823333,0.0
10.85528055425278,10.126631103850338,168,design,30,11.0,0.0,1.0,1,8,0,15.194750847520003, CA,0,1,1,17, Robert Genalo,Kickstarter,1542844,1514364,video,72,5,11,18868,39.6735,45.0,0.5007970480646867,1.6500359046417696,7.521021182429364e-05,7.114677018356169e-05,6.286475716829266e-05,6.911459309227153e-05,8.692103045452199e-05,3.695833720134473e-05,6.015848833631441e-05,3.510269162601885e-05,7.51102306130125e-05,3.325958646036578e-05,"PERSON,PRODUCT",0,1790,4839,6,0,0.0,0.4777941703796386,0.0,0.0,0.1764101237058639,0.0,0.0,0.2976332306861877
9.571017297294214,8.987196820661973,222,crafts,29,12.0,0.0,1.0,1,8,6,13.30755248550697, DC,0,1,2,1, Joe Newman,Kickstarter,1542634,1514160,link,10,4,0,10,12.905909090909084,49.272727272727266,0.8760700838309567,2.401443665573035,4.441269979554651e-05,4.8764495944720935e-05,4.908049992936749e-05,0.1111111111111111,0.2222222222222222,0.2222222222222222,6.009612102600304e-05,4.744249506670852e-05,3.194578162680085e-05,0.2222222222222222,"DATE,LOC,NORP,GPE",0,1791,4839,0,0,0.0,0.4460015594959259,0.2363201528787613,0.0889647006988525,0.2036294192075729,0.0,0.0,0.0
10.991375877841262,10.819778284410283,"1,717",film_Video,31,27.0,0.0,1.0,1,8,1,11.58189166943495, CT,0,1,9,32, Glenn Hauman,Kickstarter,1542634,1514160,video,37,1,14,10888,35.9092,45.0,0.8713806884820303,2.3902087099796905,4.3857142189265994e-05,9.110702097591416e-05,9.45984956851744e-05,0.1666666666666666,7.496502413731935e-05,0.3333333333333333,6.331814398700245e-05,0.1666666666666666,4.3711139783370536e-05,0.3333333333333333,"PERSON,ORG",0,1791,4839,7,0,0.1792304068803787,0.0952178463339805,0.272806853055954,0.0104488357901573,0.0104535119608044,0.0104466918855905,0.0992612689733505,0.3221345841884613
11.993770117393838,10.819778284410283,"1,513",music,45,24.0,0.0,1.0,1,8,2,15.194750847520003, CA,0,1,1,0, Michael Rouse,Kickstarter,1542634,1514160,link,3,0,0,4,9.729130434782608,40.391304347826086,0.7702304355119467,2.160263997974057,8.279195000510357e-05,6.798172607433837e-05,9.40070286596576e-05,1.446709186329205e-05,2.525120070841336e-05,7.600059779074145e-05,6.851003773961453e-05,9.273181437474324e-05,7.365464931603366e-05,6.905236400846188e-05,"GPE,DATE,ORG,ORDINAL,LOC",0,1791,4839,1,0,0.0,0.0,0.0964630246162414,0.0,0.4501895308494568,0.0,0.2155166417360305,0.2177907675504684
11.248556191815522,11.225243392518449,511,design,31,8.0,0.0,1.0,1,7,1,14.816343153421665, IL,1,0,15,223, Craighton Berman,Kickstarter,1542428,1513960,video,61,11,12,19829,39.98823529411764,52.294117647058826,0.2217449112746665,1.2482529220019931,9.400718143211094e-05,3.676093727860411e-05,6.038531225682308e-05,2.0738719350028976e-05,8.737902524494973e-05,1.0,7.274759629935026e-05,1.2990885552545358e-05,8.214142366852333e-05,4.281389314603892e-05,ORG,0,1792,4839,7,0,0.013912983238697,0.0139001598581671,0.2137205302715301,0.4358851909637451,0.0139090977609157,0.0139073198661208,0.2808469235897064,0.0139176985248923
8.310508447765296,5.728475087246572,93,photography,6,10.0,0.0,1.0,1,8,6,9.037533407550814, UK,0,1,10,77, Christopher Thomas Hodgson,Kickstarter,1542428,1513960,photo,102,10,11,119,14.96657894736842,47.94736842105263,1.2795133888397652,3.5948899862953314,0.1111111111111111,4.2055026878299875e-05,5.3424943737917155e-05,0.1111111111111111,0.1111111111111111,0.2222222222222222,1.998561787727447e-05,7.25367821383284e-05,4.932941745297379e-05,0.2222222222222222,"PERSON,ORG,QUANTITY,TIME,LOC",0,1792,4839,17,0,0.0942094847559928,0.4282739758491516,0.0,0.0,0.2301137894392013,0.0,0.2179194688796997,0.0
12.694986960292612,11.833558637561696,"1,704",design,31,8.0,0.0,1.0,1,7,1,14.816343153421665, IL,0,1,2,0, Nathan Ritter,Kickstarter,1542037,1513580,video,100,9,28,22779,28.10225806451613,57.435483870967744,0.8703990713933958,2.387863591457087,7.45463302342082e-05,6.104480916662836e-05,8.622310762988157e-05,0.3333333333333333,1.4453513843173508e-05,0.6666666666666666,2.5929657225140083e-05,3.156524557020093e-05,1.891551710716985e-05,3.915037531338217e-05,"DATE,ORG,PRODUCT,WORK_OF_ART",0,1794,4839,11,0,0.1299428194761276,0.0,0.3262625336647033,0.0776693001389503,0.1457626968622207,0.2982057631015777,0.0,0.0
10.683248114229192,10.596634733096073,199,film_Video,30,17.0,0.0,1.0,1,7,1,14.148353359002384, CA,0,1,1,0, Jay Henningfeld,Kickstarter,1542037,1513580,video,40,3,5,23634,17.470000000000006,39.44444444444444,1.3691084825991873,3.931843825297324,0.125,9.729330162093493e-05,8.136870249834527e-05,0.125,3.915932504190451e-05,0.25,2.6382116900509434e-05,8.785717400561593e-05,2.116350974540037e-05,0.25,"DATE,GPE,PERSON,LOC",0,1794,4839,3,0,0.0,0.0,0.1293286681175232,0.0,0.2836228013038635,0.2609305083751678,0.1510890275239944,0.1499618589878082
9.692025505995757,8.517193191416238,256,publishing,14,7.0,0.0,1.0,1,8,4,10.642181548052044, NJ,0,1,37,26, Nicola Barrucci,Kickstarter,1541623,1513178,photo,106,8,11,118,10.935857142857143,28.75,0.7256904332396586,2.0661571511887935,9.820049168771352e-05,0.1666666666666666,6.872123336391583e-05,0.1666666666666666,7.73471997014704e-05,0.3333333333333333,0.1666666666666666,1.3013753569074797e-05,3.8169796972959015e-05,0.1666666666666666,"PERSON,GPE,ORG",0,1796,4839,12,0,0.0784197300672531,0.1337362974882125,0.0,0.1648000925779342,0.4761170148849487,0.0,0.1218770816922187,0.0
9.608445125678054,10.373491181781864,373,film_Video,30,16.0,0.0,1.0,0,8,2,13.340452576975746, MD,0,1,2,1, Paloma Hernando Kofman,Kickstarter,1541365,1512928,link,21,3,2,24,13.946875,53.5,0.3914082327024085,1.4790621917397102,1.066220466628731e-05,1.4945810848176397e-05,2.7575843591440863e-05,1.665420791650278e-05,6.1029968657506706e-05,8.935358869016694e-05,1.5886679125681963e-05,7.755558445352477e-05,1.1115975504869804e-05,7.326942202782598e-05,"LOC,GPE,ORG",0,1797,4839,3,0,0.1644081026315689,0.1004281416535377,0.3006731569766998,0.0,0.4127045571804046,0.0,0.0,0.0
12.30832684156893,11.512925464970229,405,technology,30,6.0,0.0,1.0,1,8,1,14.151849928616338, CA,0,1,2,19, Patricia Tredway,Kickstarter,1541365,1512928,video,177,13,33,28299,23.192222222222227,27.51851851851852,0.8071905257365869,2.2416014102716595,1.3377579177862282e-05,2.589523233167106e-05,6.18037973890116e-05,0.3333333333333333,7.140437621178384e-05,0.6666666666666666,2.9706674123456807e-05,6.775571940497726e-05,5.522149681186398e-05,1.766392463389876e-05,"CARDINAL,PERSON,ORG,PRODUCT",0,1797,4839,23,0,0.0113804759457707,0.4647371470928192,0.0113867884501814,0.0113757951185107,0.1005460545420646,0.1942240744829177,0.0114005487412214,0.1949491053819656
10.7577326534384,10.714417768752456,373,film_Video,35,19.0,0.0,1.0,1,7,1,15.9166075437284, NY,0,1,1,22, Christopher Cassidy,Kickstarter,1541365,1512928,video,36,0,8,21594,46.684000000000005,40.0,0.0822765610174519,1.0857560461076263,6.123071908823032e-05,5.9384764502474455e-05,6.08546427661363e-05,5.3261608271268577e-05,8.738501327616167e-05,1.0,9.00160146750547e-05,5.4884066291594466e-05,4.387387565681122e-05,4.314094740299966e-05,PERSON,0,1797,4839,3,0,0.1020538285374641,0.0113830342888832,0.3508467078208923,0.3971461355686188,0.1044019758701324,0.011397928930819,0.0113801304250955,0.0113902771845459
9.787122261404862,9.433483923290392,164,journalism,29,14.0,0.0,1.0,1,8,1,13.425597881382114, MI,0,1,1,1, Alivia Zivich,Kickstarter,1541365,1512928,link,16,2,2,19,11.372500000000002,49.0,0.6372076310973745,1.891192591933965,9.28693764672468e-05,1.412668165372314e-05,5.520141763194053e-05,0.2,4.373295682748505e-05,0.2,0.4,6.614419611865149e-05,2.349757904512667e-05,5.430014224156574e-05,GPE,0,1797,4839,0,3,0.1224228739738464,0.3135995864868164,0.0,0.0,0.0,0.0,0.0,0.5341730117797852
11.572853373550116,11.225243392518449,"1,174",comics,30,54.0,0.0,1.0,1,8,1,14.148353359002384, CA,1,0,2,3, Kevin Eastman,Kickstarter,1541141,1512710,link,27,6,4,28,10.591153846153844,37.53846153846154,1.1062766535498116,3.0230814339225978,5.864974078500318e-05,9.89261147765035e-05,9.10087130316806e-05,4.754225285293411e-05,7.124512323762079e-05,1.0,6.547281083267521e-05,5.778667362728258e-05,1.6747600707190798e-05,5.102005987255623e-05,"WORK_OF_ART,PERSON,ORG,CARDINAL",0,1798,4839,1,0,0.0632943660020828,0.0,0.4496410191059112,0.1235988289117813,0.3356260061264038,0.0,0.0,0.0
11.993213527666486,11.512925464970229,"1,372",film_Video,23,22.0,0.0,1.0,1,8,2,15.194750847520003, CA,1,0,2,22, Jennifer Brea,Kickstarter,1541141,1512710,video,131,8,49,33666,24.31206896551724,48.98275862068966,0.8328433270009619,2.2998486743298345,0.2727272727272727,3.398951084088583e-05,9.82056083848556e-05,0.0909090909090909,5.695120292620928e-05,0.1818181818181818,0.0909090909090909,0.0909090909090909,9.459398231461636e-05,0.0909090909090909,"WORK_OF_ART,PERSON",0,1798,4839,23,0,0.0113852964714169,0.0113814724609255,0.0113807767629623,0.2446957677602768,0.6869678497314453,0.0113911218941211,0.0114082610234618,0.0113894883543252
13.13607888829027,12.429216196844385,"4,251",art,30,22.0,0.0,1.0,1,7,3,14.64677659263844, TX,0,1,1,0, Janet Brown,Kickstarter,1541141,1512710,video,57,12,8,11740,28.72625,45.33333333333333,0.4828480840357023,1.6206836785858314,3.162205166178735e-05,6.841400205413926e-05,9.094232797085569e-05,2.888434323538453e-05,8.162787742923866e-05,3.0428947324791827e-05,5.591857074591527e-05,5.7188845954814766e-05,8.07580862196286e-05,9.73560352714007e-05,"GPE,FAC,ORDINAL,ORG",0,1798,4839,7,0,0.0,0.1080148741602897,0.1140224710106849,0.0,0.4468433558940887,0.0829615369439125,0.0,0.223131775856018
11.275010983612416,11.209114010588564,971,art,25,26.0,0.0,1.0,1,7,0,15.837971611150978, UK,0,1,1,0, Alexandrina Markvo,Kickstarter,1540648,1512232,link,11,2,0,14,12.82071428571428,56.857142857142854,0.2688755432885508,1.3084922802659598,6.404812913857733e-05,0.2,2.1826483462491734e-05,7.278440512549259e-05,3.2129843507414724e-05,0.4,0.2,1.1609824744621029e-05,9.347216145236434e-05,3.5064458732621084e-05,"WORK_OF_ART,PERSON,ORG",0,1800,4839,3,0,0.0,0.0,0.2241887748241424,0.2613540291786194,0.1089935004711151,0.2097521126270294,0.0,0.1735972762107849
10.152890488412242,10.110501721920452,481,film_Video,30,11.0,0.0,1.0,1,7,1,15.837971611150978, UK,0,1,2,33, Daniel Martin Cleland,Kickstarter,1540504,1512092,video,12,3,2,10798,29.469677419354845,54.20967741935484,1.0359951467192938,2.817909073745181,5.136532765596338e-05,3.362106726864013e-05,5.193836038343362e-05,0.1666666666666666,0.1666666666666666,0.3333333333333333,5.53815342863293e-05,1.6757912098409925e-05,5.159099193431642e-05,0.1666666666666666,,0,1801,4839,3,2,0.3781139850616455,0.0,0.1948285698890686,0.0,0.2534467875957489,0.0,0.0,0.1423147618770599
10.036224879974322,9.903487552536127,250,music,31,5.0,0.0,1.0,1,7,4,13.069257915717223, CA,1,0,2,1, Micah Bournes,Kickstarter,1539932,1511536,link,27,2,1,29,1.53857142857143,15.261904761904765,0.990741788458459,2.6932315396290134,0.125,8.4829205736344e-05,5.392562139221248e-05,6.988479614065288e-05,2.7961128777725217e-05,0.375,0.125,0.125,0.125,9.845180647003866e-05,"PERSON,GPE",0,1804,4839,2,0,0.2974074184894562,0.0,0.0,0.3851398229598999,0.0,0.1176026761531829,0.0,0.1685286313295364
9.775597361230211,9.740968623038354,240,art,29,9.0,0.0,1.0,1,8,2,14.816343153421665, IL,0,1,1,2, Elizabeth Corr,Kickstarter,1539932,1511536,video,46,0,24,28759,34.38136363636364,61.0,0.4658885026956268,1.5934293263690404,1.0,8.060591221097979e-05,5.45067606673256e-05,6.383195467778258e-05,5.360714506779391e-05,4.201083712987693e-05,1.1486765043996568e-05,9.530802957953022e-05,9.491854885624238e-05,7.983912580259831e-05,ORG,0,1804,4839,10,8,0.1958830952644348,0.102169468998909,0.0104670608416199,0.2589848935604095,0.0104432245716452,0.4011751413345337,0.0104361046105623,0.0104410033673048
10.902799444395416,10.30470498536472,787,design,30,9.0,0.0,1.0,1,8,0,13.177977822159423, Canada,0,1,6,6, David Beaulieu,Kickstarter,1539748,1511357,video,23,0,9,7931,15.054482758620686,48.98275862068966,0.7251011937012245,2.0649400483204756,4.170078775636708e-05,2.009812300890786e-05,3.114011493746381e-05,1.318157389366248e-05,0.125,0.5,2.222189707151124e-05,0.125,7.184874258494343e-05,0.125,"DATE,PERSON,ORG",0,1805,4839,3,0,0.0,0.0,0.0,0.0,0.0,0.2624863982200622,0.0,0.6838358044624329
11.01345182954046,11.512925464970229,244,design,30,14.0,0.0,1.0,0,8,1,13.30755248550697, DC,0,1,1,10, Mukami  Kimotho,Kickstarter,1539748,1511357,video,171,25,67,20427,23.54916666666667,45.77777777777778,1.047271733249415,2.8498653092440764,8.709147898150022e-05,9.915086914810612e-05,3.7104898330113336e-05,1.7002010198988895e-05,0.1666666666666666,0.3333333333333333,2.044810219559387e-05,8.682769121773705e-05,1.4032681471074038e-05,0.1666666666666666,"PERSON,PRODUCT",0,1805,4839,32,0,0.1850261688232422,0.3750936090946197,0.3504765331745147,0.0178659837692976,0.0178859923034906,0.0178967528045177,0.0178728830069303,0.0178820807486772
10.71274971165176,10.596634733096073,639,food,30,9.0,0.0,1.0,1,7,1,14.151849928616338, CA,0,1,1,6, Maria Diana Armada Gilbuena,Kickstarter,1539748,1511357,video,53,3,8,20332,20.128749999999997,43.08333333333333,1.0892825789370044,2.9721410309322724,0.1666666666666666,0.0833333333333333,1.7017698116963035e-05,0.0833333333333333,9.389495034482492e-05,0.25,0.0833333333333333,0.0833333333333333,8.845850487947223e-05,0.1666666666666666,"WORK_OF_ART,NORP,GPE,PERSON",0,1805,4839,2,0,0.1154306530952453,0.0696902200579643,0.0,0.3664227724075317,0.4220730364322662,0.0,0.0,0.0
10.800941990063988,10.690125076183412,576,film_Video,30,7.0,0.0,1.0,1,7,0,12.868946168400292, OH,0,1,1,12, David Adams,Kickstarter,1539239,1510863,video,52,4,29,27430,27.6651754385965,67.92982456140352,1.0159880562288548,2.7620911509337644,0.2,0.1,3.760892385876564e-05,0.2,6.67528409323116e-05,5.331488045663164e-05,0.2,0.1,0.1,3.9860878862519965e-05,PERSON,0,1807,4839,14,15,0.0104350736364722,0.0104198958724737,0.0104272924363613,0.1256740242242813,0.1022784039378166,0.7199220657348633,0.0104214418679475,0.0104218032211065
8.826734598220911,7.313220387090301,296,music,29,3.0,0.0,1.0,1,7,0,14.64870833488698, NY,0,1,1,3, Ally Grossan,Kickstarter,1538938,1510571,link,8,0,5,10,11.49857142857143,44.80952380952381,0.6229042554167623,1.864334691026041,0.125,9.92356919450652e-05,9.96503653173621e-05,0.25,4.673007568555592e-05,0.125,0.125,0.125,5.254186272767208e-05,0.125,,0,1808,4839,0,2,0.0,0.0,0.0,0.103211723268032,0.3461743295192718,0.3076826632022857,0.0,0.2220492213964462
10.336892029333534,9.210340371976184,358,crafts,42,12.0,0.0,1.0,1,8,2,6.584791392385716, VT,0,1,1,1, Richard Brown,Kickstarter,1538634,1510276,photo,112,3,6,125,9.689999999999998,37.0,0.996595205839317,2.7090423765042377,5.357918254128775e-05,7.410240026596126e-05,9.792758464529672e-05,1.9996926809570248e-05,0.1111111111111111,0.3333333333333333,0.1111111111111111,0.1111111111111111,3.902152630840541e-05,0.2222222222222222,"DATE,PERSON,GPE,ORG",0,1809,4839,12,1,0.0,0.2009899467229843,0.1537091583013534,0.0,0.0,0.3351786434650421,0.280655175447464,0.0
9.618202604684068,8.85366542803745,337,film_Video,30,7.0,0.0,1.0,1,7,0,14.151849928616338, CA,0,1,1,0, Juan Sebastian Munoz Arango,Kickstarter,1538361,1510010,link,25,6,11,29,10.851999999999997,37.0,0.9782537867866528,2.6598075931805543,3.882688682470683e-05,3.033880890953432e-05,9.441896749498506e-05,0.5,8.119434830993138e-05,0.5,3.531816820455024e-05,5.607197389437192e-05,6.961810734578914e-05,7.727874505664907e-05,,0,1810,4839,2,2,0.0125281857326626,0.1948873847723007,0.0125223165377974,0.0125378733500838,0.1651925891637802,0.2616972029209137,0.0125355310738086,0.3280988931655884
14.340514788535035,12.611537753638338,"9,040",games,21,1.0,0.0,1.0,1,7,2,13.047376865601484, GA,0,1,53,62, David Doust,Kickstarter,1538361,1510010,video,99,13,17,24991,44.56187499999999,47.25,0.2602496843090072,1.297253950188429,9.159879672567992e-05,0.5,9.734289817976044e-05,2.713865170507857e-05,3.537070410556444e-05,1.396315088334754e-05,0.5,4.645009294431646e-05,1.8804660581327084e-05,1.4909481237994542e-05,NORP,0,1810,4839,12,1,0.0156672149896621,0.5705336928367615,0.0156532060354948,0.015633413568139,0.0156463608145713,0.1620694696903228,0.1891562193632125,0.0156402792781591
10.958130537988746,9.998797732340453,"2,033",theater,31,22.0,0.0,1.0,1,7,0,10.673850371449207, IL,1,0,9,16, Lynne M. Thomas,Kickstarter,1538049,1509707,link,25,11,10,33,16.082105263157892,76.89473684210526,0.1376490061149821,1.1475726885810138,3.387056702524072e-05,9.369863048207212e-05,9.690013771876396e-05,7.357488711025846e-05,2.7344984532434373e-05,0.5,8.403058821487779e-05,2.996396663201673e-05,7.388338015633288e-05,0.5,"DATE,ORG",0,1811,4839,6,2,0.249092623591423,0.0,0.1920314878225326,0.0562843158841133,0.1326664388179779,0.3565143942832947,0.0,0.0
11.40477216422717,10.896739325546411,796,film_Video,30,42.0,0.0,1.0,1,7,0,15.9166075437284, NY,0,1,1,1, Matthew Grady,Kickstarter,1537766,1509433,video,128,7,34,40109,21.715701754385968,41.6140350877193,1.188176017945727,3.281091094839519,0.2,6.33392783096902e-05,6.427401123695932e-05,6.093072670195004e-05,6.413441711882202e-05,0.2,0.2,0.2,4.6804294140751e-05,0.2,"EVENT,PERSON,DATE,ORG,WORK_OF_ART",0,1812,4839,7,2,0.0,0.0561534389853477,0.4422960579395294,0.0,0.0,0.0970493257045745,0.1987913846969604,0.187799721956253
10.830282917055367,10.596634733096073,"1,538",technology,30,13.0,0.0,1.0,1,8,1,14.64870833488698, NY,0,1,1,3, Amber Gordon,Kickstarter,1537087,1508773,link,20,4,4,26,1.7469230769230784,21.884615384615387,0.6294750761779072,1.8766252353805384,9.72049957456862e-05,4.702116239933504e-05,6.84840102984971e-05,2.501544624774619e-05,4.119902199526286e-05,5.851706504293181e-05,8.050000901471763e-05,1.612335797590993e-05,5.089150795673095e-05,7.773382474777854e-05,"PERSON,ORG",0,1814,4839,4,2,0.0250453483313322,0.0250326879322528,0.0250238627195358,0.0250361785292625,0.0250238738954067,0.8247328996658325,0.0250584911555051,0.0250466261059045
9.321165927065069,9.210340371976184,168,film_Video,30,12.0,0.0,1.0,1,7,0,15.194750847520003, CA,0,1,2,19, Nausheen Dadabhoy,Kickstarter,1536796,1508491,video,17,5,2,12672,12.119999999999996,50.0,0.5732798197750739,1.7740761698999548,0.2,5.221129874975091e-05,8.036463476289808e-05,0.2,2.0812376725594025e-05,0.4,7.447732416491583e-05,7.994847759943263e-05,6.031287973978892e-05,5.513965724560633e-05,,0,1816,4839,3,2,0.4618431329727173,0.0208396129310131,0.0208510104566812,0.0208543706685304,0.0208845473825931,0.4130117297172546,0.0208695735782384,0.0208460669964551
13.95832349349672,10.819778284410283,"3,696",technology,58,8.0,0.0,1.0,1,7,1,12.62606833817252, PA,0,1,1,2, Gil Taran,Kickstarter,1536796,1508491,video,176,60,95,20163,10.60142857142857,35.285714285714285,0.9310449123179008,2.537158901600905,2.9592981897150925e-05,8.86437798652047e-05,5.0350270731236255e-05,7.272911387996133e-05,7.12965151988132e-05,0.5,6.487449423969709e-05,6.402598185875e-05,3.257228323050209e-05,3.143309600296135e-05,PERSON,0,1816,4839,39,1,0.0312629975378513,0.0313109755516052,0.0312826260924339,0.0312629975378513,0.3008358776569366,0.031262993812561,0.5114709138870239,0.031310599297285
8.901775088607979,10.491274217438248,392,games,30,11.0,0.0,1.0,0,7,5,11.583840487939831, CO,0,1,3,1, Nathaniel Boyles,Kickstarter,1536573,1508274,video,21,3,2,13422,18.95294871794872,47.12820512820513,0.8528067910809802,2.346222976429155,0.2222222222222222,4.5967463424454216e-05,6.885292329331764e-05,6.090828070378577e-05,0.1111111111111111,0.2222222222222222,0.1111111111111111,7.140078885882647e-05,8.108382342160957e-05,0.1111111111111111,PERSON,0,1818,4839,3,0,0.0,0.0,0.2847404479980469,0.104666955769062,0.1395106613636016,0.1509925723075866,0.0,0.2912130057811737
9.319194776888263,8.517193191416238,164,publishing,21,11.0,0.0,1.0,1,7,4,10.642181548052044, NJ,0,1,37,26, Nicola Barrucci,Kickstarter,1536573,1508274,photo,81,1,12,100,18.928260869565214,54.97826086956522,0.3628673619491793,1.4374451866685487,1.4709957157059657e-05,2.700224707903259e-05,2.603517544205545e-05,0.25,4.3771454301423607e-05,0.5,7.339587969952488e-05,6.510867604006028e-05,1.2049158010304744e-05,0.25,"WORK_OF_ART,PERSON,ORG",0,1818,4839,19,0,0.0125108854845166,0.1801689565181732,0.0125285647809505,0.0125161278992891,0.0125174662098288,0.27763432264328,0.1418056786060333,0.350318044424057
9.055205875026193,9.903487552536127,181,music,30,23.0,0.0,1.0,0,7,4,13.436372336049692, WA,0,1,2,5, Catherine Harris-White,Kickstarter,1536381,1508088,photo,5,1,0,7,4.453461538461536,28.384615384615387,1.1934978141400394,3.298598938207631,0.4,6.409691191057535e-05,3.998838089132732e-05,9.400959903162336e-05,2.276223410633216e-05,0.2,2.0024490860808505e-05,2.519334681399451e-05,2.7512562955042924e-05,0.2,"PERSON,ORG",0,1819,4839,2,0,0.0208407491445541,0.0208607111126184,0.0208369232714176,0.020838763564825,0.0208406019955873,0.0208379868417978,0.8541077375411987,0.020836466923356
14.305210803985313,11.512925464970229,"6,034",design,32,8.0,0.0,1.0,1,6,0,14.151849928616338, CA,0,1,2,5, Arturo Iglesias,Kickstarter,1536381,1508088,video,94,8,25,32320,26.83777777777778,43.129629629629626,0.939475717342062,2.558639616239516,9.826850569499664e-05,4.8614319457490415e-05,1.098059257228087e-05,2.7923240486810475e-05,6.41564244793274e-05,1.0,5.2806768000636694e-05,7.423374038335101e-05,6.472545623609505e-05,5.505380298702896e-05,"PRODUCT,GPE,ORG",0,1819,4839,15,1,0.0156286228448152,0.7627326846122742,0.0156286228448152,0.0156286228448152,0.0156308971345424,0.0156297050416469,0.1434874832630157,0.0156333371996879
12.159557391788704,9.210340371976184,"2,610",art,30,55.0,0.0,1.0,1,7,2,15.194750847520003, CA,0,1,16,67, Robert Self,Kickstarter,1536255,1507965,video,21,1,3,6842,33.16285714285714,43.83333333333333,0.2918631962482563,1.338919835852773,0.2,0.2,8.671130208573742e-05,6.3240837634382e-05,0.2,5.96031573301237e-05,0.2,2.15845575517765e-05,2.810770120899266e-05,1.8921683834474568e-05,"PERSON,ORG",0,1820,4839,2,0,0.0125155160203576,0.2355500012636184,0.1124702170491218,0.4895845353603363,0.1123437136411666,0.0125107653439044,0.0125068249180912,0.0125184692442417
12.787913893638502,12.657654506155406,"7,207",games,46,15.0,0.0,1.0,1,6,1,15.194750847520003, CA,0,1,1,0, Christopher Olenik,Kickstarter,1536255,1507965,video,34,1,6,15066,27.96,42.57142857142857,0.9221743573900656,2.514752420090329,8.13285790859203e-05,2.3070958216870943e-05,9.027347303134505e-05,6.885750931396898e-05,8.263707227521666e-05,1.0,4.471073892406597e-05,3.108222570958536e-05,8.672319462262328e-05,4.768840345719329e-05,"WORK_OF_ART,PERSON",0,1820,4839,7,0,0.0139093119651079,0.1276492625474929,0.3822798430919647,0.013902242295444,0.0139043293893337,0.0139069845899939,0.0138975027948617,0.4205505549907684
10.43009006411325,9.287301413112312,"1,165",food,30,22.0,0.0,1.0,1,7,1,15.047007280023903, Germany,0,1,8,188, Justin Moore,Kickstarter,1536120,1507834,video,31,13,4,23577,26.567499999999995,20.333333333333332,0.7932450557176276,2.2105581842944217,0.2,2.3837052879620735e-05,7.706966294765403e-05,0.2,5.0877430937135586e-05,0.4,7.940664401817918e-05,3.3248170060893343e-05,4.92974106127861e-05,3.6203357258433746e-05,"PERSON,GPE",0,1821,4839,5,0,0.2403710037469864,0.0,0.0,0.3283300399780273,0.0,0.0,0.1899379044771194,0.2028705328702926
9.90817654202226,9.615805480084347,44,art,29,14.0,0.0,1.0,1,7,2,15.194750847520003, CA,0,1,3,1, Allison Keating,Kickstarter,1535912,1507632,link,21,3,2,22,14.221764705882356,58.17647058823529,0.4739179999919186,1.606275267042136,5.139477561645665e-05,2.5274207475541964e-05,5.975560078876476e-05,6.819325154112338e-05,3.298146026808761e-05,0.6,0.2,9.697067670289332e-05,6.589622788489492e-05,7.933287497444493e-05,"QUANTITY,PERSON,GPE",0,1822,4839,1,0,0.0720391944050788,0.1180531084537506,0.3980846405029297,0.0,0.0841642469167709,0.0,0.0,0.3068012595176697
10.303135775322728,10.126631103850338,640,food,30,14.0,0.0,1.0,1,7,1,14.64870833488698, NY,0,1,1,3, Kara Cohen,Kickstarter,1535819,1507542,video,102,23,49,31739,37.89684210526316,50.578947368421055,0.4219333840967285,1.5249069382465847,2.2999283573956984e-05,5.9950817782736616e-05,4.019157227270403e-05,6.950089068959346e-05,1.3888027077017511e-05,1.0,9.882313844618712e-05,4.8876691206139706e-05,8.046669259096979e-05,4.7486226841477655e-05,,0,1823,4839,12,0,0.0156549103558063,0.390595406293869,0.0156301297247409,0.0156317558139562,0.515600860118866,0.0156283695250749,0.0156307220458984,0.0156278740614652
10.922389022893778,10.126631103850338,"1,365",comics,19,8.0,0.0,1.0,1,7,2,13.357133477695209, OR,1,0,3,91, Lucy Bellwood,Kickstarter,1535733,1507458,video,72,1,15,14013,24.544375,44.125,0.90322904780509,2.467558123830454,0.1,0.1,7.991865209969395e-05,0.1,8.224426744840921e-05,0.2,0.2,0.2,3.891408731018604e-05,6.769791203884169e-05,"PERSON,CARDINAL",0,1824,4839,4,0,0.0,0.0,0.1562726646661758,0.081163540482521,0.7208693623542786,0.0,0.0,0.0
9.280985211545516,9.210340371976184,82,journalism,28,10.0,0.0,1.0,1,7,1,14.64870833488698, NY,1,0,1,0, Elisa Da Prato,Kickstarter,1535733,1507458,video,14,1,2,10616,31.47833333333334,42.33333333333333,0.3334875499841845,1.3958276683567945,7.849053846545998e-05,5.4245201035629766e-05,7.021859003697315e-05,4.406061812355858e-05,7.012278255338668e-05,7.604475740511464e-05,7.857574819305636e-05,6.125265868425285e-05,8.536847539987234e-05,9.253115351079168e-05,PERSON,0,1824,4839,2,0,0.0156344752758741,0.3328038156032562,0.0156290140002965,0.0156651586294174,0.0156371388584375,0.0156513713300228,0.0156299099326133,0.573349118232727
10.500371599375365,9.210340371976184,445,food,30,12.0,0.0,1.0,1,7,6,12.096296841260047, RI,0,1,2,4, Nicholas Palumbo,Kickstarter,1535625,1507353,link,16,1,3,17,5.669791666666669,36.583333333333336,0.5350363945068289,1.707510385121747,3.9117215236333414e-05,6.0161055824482016e-05,2.977761379456606e-05,3.268534166826018e-05,4.524588076885834e-05,3.370414275264585e-05,5.285420930163237e-05,5.768041414003232e-05,5.6305269034449175e-05,4.885585631029665e-05,"NORP,ORG",0,1825,4839,1,0,0.9452672004699708,0.0,0.0,0.0,0.0,0.0,0.0,0.0
9.539693038785506,9.287301413112312,68,design,30,10.0,0.0,1.0,1,7,5,15.047007280023903, Germany,1,0,3,5, Walter Mason,Kickstarter,1535625,1507353,video,105,2,17,24415,26.268,32.5,0.5273121485417029,1.694371962447371,6.192425110103558e-05,3.93463452094411e-05,1.3563601461917005e-05,8.781727356649449e-05,7.323529686347251e-05,0.5,8.948371481015929e-05,3.3586395920092474e-05,2.0069943115941192e-05,1.7443118842869186e-05,"CARDINAL,PERSON,PRODUCT",0,1825,4839,9,0,0.0125181768089532,0.1937646567821502,0.0125098256394267,0.412684679031372,0.2312682569026947,0.1122257709503173,0.012514442205429,0.0125142615288496
