insample_outsample,score,domain_post,domain_engagement,domain_only
insample,msle,2.119159369833819,1.5187452102477486,1.1721937493122916
insample,r2,0.2551166554740404,0.3381106304125575,0.5939054389935573
insample,rmse,1833.3804739563388,1728.2285403510423,1353.6988385055831
outsample,msle,2.0752427619504203,1.5620973976204324,1.0104569740691152
outsample,r2,0.2879157144403408,0.32335332849315834,0.48763229033805033
outsample,rmse,2709.5792808634374,2641.296383911167,2298.4075407039363
