insample_outsample,score,domain_post,domain_engagement,domain_only
insample,msle,0.22374918485520146,0.2320721809489119,0.2319938311080443
insample,r2,0.11159834869351193,0.06516037252611695,0.06739892676065828
insample,rmse,1.8714018195652014,1.9196892180900016,1.9173894096696236
outsample,msle,0.20172462394070517,0.206104940329905,0.20355458380159042
outsample,r2,0.13477164490924398,0.09002374086652698,0.1028812809987768
outsample,rmse,1.732012575292913,1.7762361314343451,1.7636427946302826
