insample_outsample,metric,domain_post,domain_engagement
insample,accuracy,0.7339055793991416,0.7339055793991416
insample,f1,0.8268156424581006,0.8272980501392757
insample,precision,0.95316,0.9498042953020134
insample,recall,0.7047619047619048,0.7071428571428572
outsample,accuracy,0.7108433734939759,0.7228915662650602
outsample,f1,0.8153846153846154,0.8296296296296296
outsample,precision,0.9636363636363636,0.9333333333333333
outsample,recall,0.7066666666666667,0.7466666666666667
