insample_outsample,score,domain_post,domain_engagement,domain_only
insample,accuracy,0.6459227467811158,0.7060085836909872,0.6201716738197425
insample,f1,0.7555555555555554,0.8051209103840683,0.7330316742081447
insample,precision,0.95316,0.95316,0.95316
insample,recall,0.6071428571428571,0.6738095238095239,0.5785714285714286
outsample,accuracy,0.6024096385542169,0.6746987951807228,0.6506024096385542
outsample,f1,0.722689075630252,0.7906976744186047,0.7716535433070866
outsample,precision,0.9772727272727273,0.9444444444444444,0.9423076923076923
outsample,recall,0.5733333333333334,0.68,0.6533333333333333
